time,flux,flux_err
120.5389382196372,1.0024418830871582,0.00011151349463034421
120.55937271108996,1.0014197826385498,0.00011166085459990427
120.57980710248376,1.0021536350250244,0.00011287452798569575
120.60024169393,1.0022815465927124,0.00011309594265185297
120.62067618538276,1.0026065111160278,0.00011385346442693844
120.64111057677655,1.0027936697006226,0.00011426323180785403
120.66154506816383,1.0027546882629395,0.00011445771087892354
120.68197965955915,1.0028536319732666,0.00011431211896706372
120.70241405095294,1.002754807472229,0.00011460375390015543
120.72284854239842,1.0029072761535645,0.00011473175982246175
120.74328313379374,1.0025429725646973,0.00011499688844196498
120.76371752518753,1.0023291110992432,0.00011500741675263271
120.7841520165166,1.001904845237732,0.00011509500473039225
120.80458650791115,1.0012218952178955,0.00011508960596984252
120.8250209993057,1.0008364915847778,0.00011497741070343181
120.84545549063478,1.0004901885986328,0.0001151117539848201
120.86588998202933,0.9999158978462219,0.00011514808284118772
120.88632457336644,0.999515175819397,0.00011522399290697649
120.90675896475295,0.9992094039916992,0.0001152197364717722
120.9271934560893,0.9986979365348816,0.00011529411131050438
120.94762804741913,0.9980596303939819,0.00011517416714923456
120.96806243875471,0.997955322265625,0.00011508242459967732
120.98849693009106,0.9969770908355713,0.00011500335676828399
121.00893132136844,0.99749356508255,0.00011523584544193
121.02936591269827,0.9972671270370483,0.00011533190263435245
121.04980040403461,0.9924430251121521,0.00011510928015923128
121.07023489531275,0.9847576022148132,0.00011472843470983207
121.09066938664182,0.9827771782875061,0.00011468806042103097
121.11110387791996,0.9826708436012268,0.00011477051884867251
121.1315383691981,0.9829732179641724,0.0001148402807302773
121.1519727604682,0.9837866425514221,0.00011489688768051565
121.1724073517471,0.9884586334228516,0.00011512615310493857
121.19284184302523,0.9963018894195557,0.00011555648961802945
121.21327623423713,0.9983603358268738,0.00011573023220989853
121.23371082551603,0.9983065724372864,0.00011586415348574519
121.25414531679417,0.9988535046577454,0.00011596451076911762
121.27457970800606,0.9995434880256653,0.00011581809667404741
121.29501419922599,1.0000845193862915,0.00011610658839344978
121.31544879044668,1.0006160736083984,0.00011603072925936431
121.33588328165933,1.0007693767547607,0.00011613536480581388
121.3563176728785,1.001725196838379,0.00011620633449638262
121.3767522640992,1.0021309852600098,0.00011614314280450344
121.39718675525364,1.0028047561645508,0.0001162505941465497
121.4176211464146,1.003554105758667,0.0001163270280812867
121.43805563763453,1.0039395093917847,0.00011617562995525077
121.45849022878974,1.0043658018112183,0.00011612442176556215
121.4789246199507,1.004908800125122,0.00011626908963080496
121.49935911105422,1.005342721939087,0.00011624135368037969
121.51979360220867,1.0057591199874878,0.00011641914170468226
121.54022819337115,1.0058091878890991,0.00011635688861133531
121.56066268447466,1.005825161933899,0.00011618883581832051
121.58109707557014,1.006032109260559,0.00011617354903137311
121.60153166673263,1.0062156915664673,0.00011609928333200514
121.62196615777793,1.006489872932434,0.00011610468936851248
121.64240054887341,1.006515622138977,0.00011622821330092847
121.66283503997693,1.0065160989761353,0.00011628530774032697
121.683269631023,1.0064704418182373,0.00011621701560216025
121.70370402206026,1.0062488317489624,0.00011605786858126521
121.72413851316378,1.0060617923736572,0.00011583259765757248
121.74457310420985,1.0057264566421509,0.00011621865269262344
121.76500749518891,1.0054599046707153,0.00011587779590627179
121.78544198623422,1.0051469802856445,0.00011580467980820686
121.80587647727953,1.0046201944351196,0.00011574911331990734
121.82631096825935,1.0042468309402466,0.0001158742670668289
121.84674545924645,1.0035431385040283,0.00011574952077353373
121.86717995023355,1.0032886266708374,0.00011569123307708651
121.88761444121337,1.0027021169662476,0.0001157501174020581
121.90804893214226,1.0022766590118408,0.0001157056467491202
121.92848342312936,1.001700520515442,0.00011549671035027131
121.94891781405022,1.0011593103408813,0.00011567012552404776
121.96935240497987,1.000578761100769,0.00011576006363611668
121.98978689590876,1.000306248664856,0.0001155964273493737
122.01022128677869,0.9996362924575806,0.0001153978519141674
122.03065587770107,0.9991468787193298,0.0001155107602244243
122.05109036857175,0.9987434148788452,0.00011574912787182257
122.07152485943516,0.9986565709114075,0.00011550261115189642
122.09195925030508,0.99811190366745,0.0001155039863078855
122.11239384117653,0.9975379705429077,0.00011560257553355768
122.13282833198173,0.9971510171890259,0.00011563222506083548
122.15326272285165,0.9965896010398865,0.00011566731700440869
122.17369731366489,0.9963058829307556,0.00011555260425666347
122.19413180447009,0.9963591694831848,0.00011568637273740023
122.2145661952236,0.9959833025932312,0.0001153304910985753
122.23500068603607,0.9958568811416626,0.00011563787120394409
122.25543527678383,0.9960523247718811,0.00011559145787032321
122.27586966753734,0.9964919090270996,0.0001154538185801357
122.2963041582916,0.9966041445732117,0.0001156000216724351
122.31673874903936,0.9964278936386108,0.00011553039075806737
122.33717313973466,0.9966357946395874,0.00011572701623663306
122.35760763043072,0.9971550703048706,0.0001156782527687028
122.3780421211195,0.997491717338562,0.00011586712207645178
122.39847671181633,0.9977716207504272,0.00011573347728699446
122.41891110251163,0.9979419708251953,0.00011583221930777654
122.4393455931422,0.9986732006072998,0.00011579491547308862
122.45978018378082,0.9989229440689087,0.00011588990309974179
122.48021457441791,0.9995617866516113,0.00011585187894525006
122.50064906504849,0.9997584819793701,0.00011591992370085791
122.52108345562738,1.000235915184021,0.00011591600923566148
122.54151804620778,1.0008991956710815,0.00011588147754082456
122.56195253683836,1.0014283657073975,0.00011590879876166582
122.5823870273598,1.0015113353729248,0.00011593937233556062
122.60282151793945,1.0019617080688477,0.00011603951134020463
122.62325600845361,1.0025582313537598,0.00011576880206121132
122.64369049897505,1.0032271146774292,0.00011566232569748536
122.66412488949572,1.0033780336380005,0.00011565084423637018
122.68455947995244,1.00363028049469,0.00011569787602638826
122.70499397047388,1.0038748979568481,0.00011565295426407829
122.72542836093635,1.0038862228393555,0.00011592658120207489
122.74586295139306,1.0038942098617554,0.00011576542601687834
122.76629744179809,1.0040181875228882,0.00011567436740733683
122.78673183220235,1.0037946701049805,0.0001157470396719873
122.8071663226001,1.0035957098007202,0.00011595380055950955
122.82760091300588,1.0033469200134277,0.00011574276868486777
122.8480354034109,1.0030704736709595,0.00011605137842707336
122.86846989375044,1.0022155046463013,0.00011605107283685356
122.88890438409726,1.002135992050171,0.000115976705274079
122.90933887444407,1.001944899559021,0.00011602023005252704
122.9297733647254,1.0009146928787231,0.00011529924813657999
122.95020775501325,1.0004818439483643,0.00011585817992454395
122.97064234530262,1.0000414848327637,0.00011540960258571431
122.99107683558395,0.9996516704559326,0.00011541451385710388
123.01151122581359,0.9992355108261108,0.00011543482105480507
123.03194581610296,0.9985446333885193,0.00011531713244039565
123.05238030626788,0.997917652130127,0.00011564001761144027
123.07281479649828,0.997605562210083,0.00011561871360754594
123.09324918666971,0.9971342086791992,0.0001156849684775807
123.11368377683539,0.9970058798789978,0.00011564406304387376
123.13411826700758,0.9965229034423828,0.00011564573651412502
123.1545526571208,0.9962934851646423,0.00011585740139707923
123.17498724728648,0.9961826205253601,0.00011541569256223738
123.19542173740047,0.9911693334579468,0.00011507753515616059
123.21585612745548,0.9836128354072571,0.0001149979725596495
123.23629061756947,0.9820318222045898,0.00011497647210489959
123.25672520761873,0.9816660284996033,0.00011504158464958891
123.27715959761554,0.9820297360420227,0.00011519136023707688
123.31802867766237,0.9875266551971436,0.00011534688383108005
123.33846306765918,0.9952274560928345,0.00011579330021049827
123.35889755759854,0.9969678521156311,0.00011593855015235022
123.37933204753062,0.9976837038993835,0.00011597412958508357
123.39976663752896,0.9979623556137085,0.00011605616600718349
123.42020102740207,0.9981100559234619,0.00011584279127418995
123.44063551728323,0.9987173080444336,0.00011607286432990804
123.46107010716514,0.9991597533226013,0.00011581126454984769
123.48150449704553,0.999466598033905,0.00011564959277166054
123.5019389868612,1.0005563497543335,0.0001161779000540264
123.52237337668339,1.0007115602493286,0.00011585668835323304
123.54280796649982,1.0013303756713867,0.00011598205310292542
123.56324245632277,1.0022202730178833,0.0001159837338491343
123.58367694608751,1.0026930570602417,0.00011569862545002252
123.60411143585225,1.0029910802841187,0.00011596373951761052
123.6245459255515,1.0034849643707275,0.00011586600885493681
123.64498041525803,1.004154086112976,0.00011598570563364774
123.6654148049638,1.0044281482696533,0.00011623367754509673
123.68584939466382,1.0049941539764404,0.00011604450264712796
123.70628388431214,1.005069375038147,0.00011572972289286554
123.7267182739597,1.0055233240127563,0.00011613030073931441
123.7471528635433,1.0054278373718262,0.00011587065091589466
123.76758735313342,1.0055179595947266,0.00011585380707401782
123.78802174272278,1.0058062076568604,0.00011582150909816846
123.80845623230562,1.0056302547454834,0.00011585203901631758
123.82889082183829,1.0055657625198364,0.00011586036998778582
123.84932521136943,1.005372405052185,0.00011594942770898342
123.86975970083586,1.0054012537002563,0.00011588419147301465
123.89019429031032,1.0049350261688232,0.00011593372619245201
123.91062877977674,1.00471031665802,0.00011585747415665537
123.93106316919148,1.0042518377304077,0.00011588396591832861
123.95149765866518,1.0037003755569458,0.00011594723764574155
123.97193224801595,1.0034300088882446,0.0001160331376013346
123.99236663743068,1.0031013488769531,0.00011572989751584828
124.01280112678796,1.0025345087051392,0.00011578939302125946
124.03323571608053,1.0018502473831177,0.00011580565478652716
124.05367010543705,1.0015989542007446,0.00011592458031373098
124.07410459473613,1.0012229681015015,0.00011600413563428447
124.094539083977,1.000653862953186,0.00011601579899434
124.1149735732688,1.0002878904342651,0.00011595231626415625
124.13540806245146,1.0000972747802734,0.00011582241859287024
124.15584255168505,0.999538004398346,0.00011602594895521179
124.17627714086848,0.9992700219154358,0.0001159113526227884
124.19671153005038,0.999014675617218,0.00011591727525228634
124.21714601917483,0.9985365271568298,0.00011586557957343757
124.23758050829201,0.9985580444335938,0.00011579825513763353
124.25801499741647,0.9983953237533569,0.00011565232853172347
124.27844948647544,0.9978042840957642,0.0001157577135018073
124.29888397554168,0.9972735047340393,0.00011581712897168472
124.3193185646087,0.997165858745575,0.00011590320355026051
124.33975295355776,0.9969568848609924,0.00011591695511015132
124.36018744255853,0.9970644116401672,0.00011584781896090135
124.38062193156657,0.9967734813690186,0.0001158507147920318
124.40105642050912,0.9972953200340271,0.00011589603673201054
124.42149090940075,0.9975984692573547,0.00011588446795940399
124.44192539829237,0.9975001215934753,0.00011596539843594655
124.46235998717748,0.9977214336395264,0.00011582164734136313
124.48279437606834,0.9978398680686951,0.00011592070222832263
124.50322886490176,0.9978538155555725,0.00011583828018046916
124.5236632536762,0.9984213709831238,0.00011580887803575024
124.5440978424449,0.9985494017601013,0.00011580359569052234
124.56453233122011,0.9989246129989624,0.00011567921319510788
124.58496671999455,0.999142587184906,0.00011597613047342747
124.60540130870504,0.9997126460075378,0.00011595851538004354
124.62583579736383,0.9997828602790833,0.0001159820967586711
124.64627028601535,1.0002089738845825,0.00011593413364607841
124.66670467467338,1.0004591941833496,0.00011596796684898436
124.68713926333294,1.000935435295105,0.0001160105675808154
124.70757375187532,1.0012767314910889,0.00011597852426348254
124.72800814046786,1.0017058849334717,0.00011595534306252375
124.748442729011,1.0020942687988281,0.00011611232184804976
124.7688772175461,1.0023698806762695,0.00011603817983996123
124.78931160602951,1.0026371479034424,0.00011602423910517246
124.80974609451368,1.002506971359253,0.00011600700236158445
124.83018068294041,1.0024751424789429,0.00011587611516006291
124.85061507135833,1.0025920867919922,0.00011603756138356403
124.8710495597843,1.00287663936615,0.00011601029837038368
124.89148404815205,1.0028356313705444,0.00011582113074837252
124.91191863651329,1.0027025938034058,0.00011596754484344274
124.93235302488029,1.0023901462554932,0.0001158185550593771
124.95278751313163,1.0022698640823364,0.00011533856013556942
124.97322210137645,1.0014477968215942,0.0001158672384917736
124.99365648962703,1.001657485961914,0.00011556654499145225
125.01409097787837,1.0011464357376099,0.00011580869613680989
125.03452536600525,1.000458002090454,0.00011591034126468003
125.05495995425736,1.000218152999878,0.00011593750241445377
125.09582893051993,0.9990882277488708,0.00011552607611520216
125.11626341853844,0.9985092282295227,0.0001157608930952847
125.13669790667336,0.9981849193572998,0.0001157562219304964
125.1571323946846,0.9975218176841736,0.00011582788283703849
125.17756678270234,0.997061550617218,0.00011582094157347456
125.19800137072161,0.9966815710067749,0.0001156055077444762
125.21843585861643,0.9960359334945679,0.00011576156975934282
125.23887024663418,0.9956321120262146,0.00011574546806514263
125.25930483453703,0.9953635931015015,0.00011583498417166993
125.27973932243185,0.994775652885437,0.00011579949205042794
125.30017371021677,0.9948205351829529,0.00011572048970265314
125.32060819811886,0.9937794208526611,0.00011572217772481963
125.34104278589803,0.9889615774154663,0.00011552837531780824
125.36147717368294,0.9815055131912231,0.00011505085421958938
125.3819116613522,0.980117678642273,0.0001150533280451782
125.40234624913137,0.9795845746994019,0.00011496882507344708
125.42278073680063,0.9797881841659546,0.00011504554277053103
125.44321512446913,0.9808334112167358,0.00011489271855680272
125.46364961213112,0.9858930706977844,0.00011498182720970362
125.48408419968473,0.9933940768241882,0.00011558904952835292
125.50451858735323,0.9949673414230347,0.00011548853944987059
125.5249530748988,0.9951991438865662,0.00011565968452487141
125.54538766245241,0.9955810308456421,0.00011586483742576092
125.56582204988808,0.996376097202301,0.00011565286695258692
125.58625653743366,0.9967722296714783,0.00011587988410610706
125.60669102487009,0.9973896741867065,0.00011570403148652986
125.62712551230652,0.9977328181266785,0.00011574978270800784
125.64756009962002,0.9984393119812012,0.00011555729724932462
125.66799448693928,0.9991066455841064,0.00011574656673474237
125.68842907426006,0.9995670914649963,0.00011612443631747738
125.7088635615728,0.9999932646751404,0.0001159899402409792
125.72929794889205,1.0003570318222046,0.00011593705858103931
125.74973243609566,1.0010610818862915,0.00011598120909184217
125.77016702329274,1.0017645359039307,0.00011604210885707289
125.79060141049558,1.001986026763916,0.0001161210093414411
125.81103589769918,1.0028455257415771,0.00011583830928429961
125.83147048477986,1.0031524896621704,0.0001159617822850123
125.85190487186628,1.003430962562561,0.0001159687599283643
125.87233935895347,1.0037894248962402,0.00011585721222218126
125.89277384591696,1.0040847063064575,0.00011623462341958657
125.91320833300415,1.0041961669921875,0.00011609588545979932
125.93364281997492,1.0043143033981323,0.00011592528608161956
125.954077306822,1.0041784048080444,0.00011602461017901078
125.97451189379353,1.0040624141693115,0.00011582921433728188
125.99494628064713,1.00396728515625,0.00011602742597460747
126.01538076749421,1.0035629272460938,0.00011583383457036689
126.0358151543478,1.0033912658691406,0.00011580928548937663
126.0562497410865,1.0030999183654785,0.00011583832383621484
126.07668422793358,1.0027049779891968,0.00011555191304069012
126.09711861455435,1.00263249874115,0.00011555611854419112
126.11755320129305,1.001949667930603,0.00011548887414392084
126.13798768802371,1.001899003982544,0.0001159400271717459
126.15842217464524,1.001481294631958,0.00011559069389477372
126.178856561266,1.001089334487915,0.00011565766908461228
126.1992911477646,1.0006486177444458,0.00011545712186489254
126.21972563438612,1.0003392696380615,0.00011554470256669447
126.24016002089047,1.0000818967819214,0.0001155941718025133
126.28102909377776,0.9991072416305542,0.00011551474017323926
126.3014634801657,0.9988707900047302,0.00011568330228328705
126.32189796654711,0.9988362193107605,0.00011569028720259666
126.34233255293657,0.9983207583427429,0.00011564919259399176
126.36276693920809,0.9980906248092651,0.00011593740055104718
126.38320142547309,0.9978236556053162,0.00011585937318159267
126.40363601174613,0.997960090637207,0.0001158153754658997
126.42407049801841,0.9973434805870056,0.00011582079605432227
126.44450488416624,0.9970243573188782,0.00011553007061593235
126.4649393703221,0.9970405697822571,0.00011585470201680437
126.48537395647872,0.9972540140151978,0.00011578155681490898
126.50580834251014,0.9971588850021362,0.00011580459249671549
126.526242828666,0.9973738193511963,0.00011565513705136254
126.54667721470469,0.9976497292518616,0.00011577775148907676
126.5671118006212,0.9980528354644775,0.00011570483911782503
126.58754628666065,0.998327374458313,0.00011586738401092589
126.60798077258369,0.9983606934547424,0.00011576010001590475
126.62841525838303,0.9984349608421326,0.0001156761500169523
126.64884974430606,0.9985442161560059,0.00011550384078873321
126.66928423011268,0.9988930821418762,0.00011566565081011504
126.68971861591854,0.9993582367897034,0.00011552438809303567
126.71015320171864,0.9997860193252563,0.00011578072735574096
126.73058768740884,0.9997097849845886,0.00011576600809348747
126.75102207309101,1.000171422958374,0.00011576551332836971
126.77145665878197,1.00033700466156,0.00011565943714231253
126.79189114435576,1.000958800315857,0.00011529382754815742
126.81232552992878,1.0014101266860962,0.00011559553968254477
126.8327600154953,1.0014790296554565,0.0001156434154836461
126.85319460106984,1.001943588256836,0.00011558962432900444
126.87362898651918,1.001963496208191,0.00011542200081748888
126.89406347197655,1.0022858381271362,0.00011528821050887927
126.91449805743468,1.002463698387146,0.00011553095828276128
126.93493254276837,1.0025559663772583,0.00011565571185201406
126.95536692810856,1.002647876739502,0.00011562390136532485
126.97580141344952,1.0027574300765991,0.00011579525744309649
126.99623599866754,1.0029289722442627,0.00011562492727534845
127.0166704840085,1.0027655363082886,0.00011587091285036877
127.03710486911586,1.002392292022705,0.00011580264254007488
127.05753945433389,1.0022271871566772,0.00011599636491155252
127.07797393944202,1.002198338508606,0.00011594990792218596
127.09840832454938,1.0019577741622925,0.00011585622996790335
127.11884280965023,1.0017502307891846,0.00011600455036386847
127.1392773946427,1.0011076927185059,0.00011594381066970527
127.15971187963441,1.0006970167160034,0.00011571132199605927
127.18014626461809,1.0,0.0001160026149591431
127.20058084949414,0.9997798204421997,0.0001157499136752449
127.22101533436944,0.9989590644836426,0.00011561047722352669
127.2414497192367,0.9982833862304688,0.00011580877617234364
127.261884204112,0.9976488351821899,0.00011529224138939753
127.28231878887163,0.9971493482589722,0.00011564547457965091
127.30275317362248,0.9966272711753845,0.00011535755038494244
127.32318765826494,0.996137797832489,0.00011564371379790828
127.34362224302458,0.9957322478294373,0.00011549210466910154
127.3640566275426,0.995309054851532,0.00011540245031937957
127.38449111218506,0.9947014451026917,0.00011551094939932227
127.40492559671111,0.9943512678146362,0.00011560007988009602
127.42536008122988,0.9941874742507935,0.0001153674820670858
127.44579456575593,0.9938734769821167,0.00011537542741280049
127.46622905016557,0.9934760332107544,0.00011541492131073028
127.48666363456869,0.9876370429992676,0.00011494206410134211
127.50709801897756,0.9808326959609985,0.00011496884690131992
127.52753250327078,0.9793093204498291,0.00011476710642455146
127.54796688756323,0.9791425466537476,0.00011471095058368519
127.56840147184994,0.9792088866233826,0.00011475227802293375
127.58883595602674,0.9800647497177124,0.00011471986363176256
127.65013940843346,0.994361162185669,0.00011540699051693082
127.67057389248657,0.9950888752937317,0.00011564004671527073
127.6910082765462,0.9952759742736816,0.00011538604303495958
127.71144286060735,0.9959784746170044,0.00011567374167498201
127.73187734454405,0.9963485598564148,0.00011570194328669459
127.75231172837084,0.9968758225440979,0.00011538814578671008
127.77274621231481,0.9971926808357239,0.00011539707338670269
127.79318079613586,0.9978150725364685,0.00011565409658942372
127.81361517996265,0.9982035756111145,0.0001157930091721937
127.8340496636738,0.9990137815475464,0.00011579541023820639
127.85448424737842,0.9996362924575806,0.00011580970021896064
127.8749186310888,1.000097393989563,0.000115923561679665
127.89535311468353,1.000556468963623,0.00011592994269449264
127.91578759827826,1.0008670091629028,0.00011595008982112631
127.93622208186571,1.0014967918395996,0.00011600215657381341
127.95665656534402,1.0020045042037964,0.0001160895626526326
127.97709104881505,1.0024994611740112,0.00011588178313104436
127.99752563229413,1.0030397176742554,0.00011611502850428224
128.01796001565526,1.0034104585647583,0.00011607674969127402
128.03839449901716,1.003503441810608,0.00011608616478042677
128.05882888237102,1.00363290309906,0.00011609042121563107
128.07926346561726,1.0035829544067383,0.00011601357255131006
128.09969794885546,1.0039104223251343,0.00011616857955232263
128.12013243210095,1.0038377046585083,0.00011612972593866289
128.14056691523,1.0037591457366943,0.00011589536006795242
128.16100139835908,1.0034213066101074,0.00011607917986111715
128.18143588136445,1.003305435180664,0.0001160846950369887
128.20187026449275,1.0029975175857544,0.00011591680959099904
128.22230484738247,1.0027663707733154,0.00011595895193750039
128.24273933039512,1.0027788877487183,0.00011583909508772194
128.2631737132906,1.0024486780166626,0.00011600582365645096
128.2836082961876,1.0020039081573486,0.00011616144183790311
128.30404277896014,1.0014795064926147,0.00011600017751334235
128.3244771617392,1.0009794235229492,0.00011604368773987517
128.3653462271759,1.0002580881118774,0.00011586021719267592
128.3857807098393,1.000020146369934,0.0001159210005425848
128.4062151925027,0.9995566010475159,0.000115887240099255
128.42664967504243,0.9997026920318604,0.00011601358710322529
128.44708415758942,0.9988847374916077,0.00011597979028010741
128.46751864012913,0.9988223910331726,0.00011591393558774143
128.48795302255894,0.9984077215194702,0.00011594717943808064
128.50838760499028,0.9983228445053101,0.00011586575419642031
128.52882208730443,0.9980153441429138,0.00011577159602893516
128.54925646961055,0.9979420900344849,0.00011594436364248395
128.56969105192547,0.9971068501472473,0.00011575056123547256
128.59012553423236,0.9969977140426636,0.00011578056728467345
128.61055991631292,0.9971185326576233,0.00011584095773287117
128.63099439851067,0.9971869587898254,0.00011592031660256907
128.65142898059275,0.9972180128097534,0.00011588330380618572
128.6718634626668,0.997062087059021,0.00011573377560125664
128.69229784474737,0.9978265762329102,0.00011573181836865842
128.71273242670577,0.9978621006011963,0.0001156800426542759
128.73316690867068,0.9982333183288574,0.00011580381396925077
128.75360129051842,0.9988278150558472,0.00011561011342564598
128.77403577236691,0.9986591935157776,0.00011561271094251424
128.81490473594022,0.9995812177658081,0.00011551836360013112
128.83533921766502,1.0000711679458618,0.00011557201651157811
128.8557736993971,1.000239610671997,0.000115773560537491
128.87620818101277,1.0007684230804443,0.00011553180229384452
128.89664266262844,1.001060128211975,0.0001155115314759314
128.9170771441204,1.0016236305236816,0.0001157969527412206
128.93751162561966,1.0018373727798462,0.00011584806634346023
128.95794610711164,1.002272367477417,0.00011568533955141902
128.97838058849447,1.0023863315582275,0.0001161618492915295
128.99881496987655,1.002630591392517,0.00011577596887946129
129.01924955114373,1.002911925315857,0.00011587827611947432
129.03968403240287,1.003413200378418,0.00011601532605709508
129.06011841366853,1.003722071647644,0.00011619092401815578
129.08055299481202,1.0035592317581177,0.0001161398395197466
129.10098747596203,1.0034621953964233,0.00011590660869842395
129.12142195711203,1.003947377204895,0.00011629638174781576
129.14185633814486,1.0037856101989746,0.00011631940287770703
129.16229091905552,1.003732442855835,0.00011598942364798859
129.1827254000891,1.0036284923553467,0.00011624235776253045
129.20315978100552,1.0033748149871826,0.00011613038077484816
129.22359436179977,1.002964735031128,0.00011611465743044391
129.24402884271694,1.0026602745056152,0.00011624180478975177
129.26446322340053,1.00225031375885,0.00011604688916122541
129.284897704194,1.0018060207366943,0.00011600945435930043
129.3053322848791,1.0011720657348633,0.00011598171840887517
129.32576666544628,1.000730276107788,0.00011599848221521825
129.34620114612335,1.0000275373458862,0.00011603863094933331
129.36663572657562,0.9992084503173828,0.00011592476221267134
129.3870701071428,0.9989059567451477,0.00011587624612729996
129.40750458758703,0.9980772733688354,0.00011568616901058704
129.42793906792213,0.9974243640899658,0.00011565173917915672
129.44837364836712,0.9967511892318726,0.00011535392695805058
129.46880802858504,0.9963220357894897,0.00011551543138921261
129.48924250892014,0.9956610202789307,0.00011548640759428963
129.5096770891396,0.9953192472457886,0.00011558604455785826
129.53011146923382,0.9945964217185974,0.00011553934746189043
129.5505459494525,0.9941098690032959,0.00011545579764060676
129.57098042943835,0.9936711192131042,0.0001153976991190575
129.59141490953334,0.9935116171836853,0.0001154360652435571
129.6118493895192,0.9927312135696411,0.00011552334763109684
129.63228386938863,0.9870021939277649,0.000115309412649367
129.6527183492508,0.9798738956451416,0.00011481963883852586
129.67315282912023,0.9786556959152222,0.00011481766705401242
129.69358730887325,0.9785456657409668,0.00011482862464617938
129.714021788619,0.9786385893821716,0.00011475578503450379
129.734456268372,0.9797406792640686,0.00011492640624055639
129.75489074800862,0.9853855967521667,0.00011509237810969353
129.77532522752153,0.992409348487854,0.00011541246203705668
129.7957598071589,0.9933136105537415,0.00011536637612152845
129.81619418656192,0.9938405156135559,0.00011532409553183243
129.83662866607483,0.9942496418952942,0.00011532243661349639
129.8570631454786,0.9949585199356079,0.00011525682202773169
129.87749762476597,0.9952152967453003,0.00011508835450513288
129.89793210416246,0.9956105947494507,0.00011507867748150602
129.9183665833334,0.9958758354187012,0.00011486946459626779
129.93880106262077,0.9964368939399719,0.00011487401934573427
129.95923554178444,0.9971498847007751,0.0001149406743934378
129.97967002083897,0.9976937770843506,0.0001147649236372672
130.00010439989273,0.9983381032943726,0.00011475878272904083
130.02053897894075,0.9989610314369202,0.00011474018538137898
130.04097345787886,0.9994216561317444,0.00011475235078250989
130.0614078366998,0.999900758266449,0.00011465935676824301
130.08184231563064,1.0004980564117432,0.00011452729813754559
130.1022768944531,1.000895380973816,0.00011414290929678828
130.12271127315762,1.0008431673049927,0.00011428631842136383
130.14314575185563,1.0006047487258911,0.00011433408508310094
130.16358033056167,1.0007649660110474,0.0001144926791312173
130.18401480915054,1.0006499290466309,0.00011432953033363447
130.20444918773137,1.0009560585021973,0.00011431655002525076
130.22488366620382,1.000645399093628,0.00011363212979631498
130.24531824467704,1.0025622844696045,0.0001135129714384675
131.51225520597654,0.9984409809112549,0.00011505038128234446
131.53268978106644,0.9984305500984192,0.00011500640539452434
131.55312425604643,0.9983387589454651,0.00011501451808726415
131.5735586310184,0.9969900250434875,0.00011495185026433319
131.59399310588196,0.9964854121208191,0.00011504579742904752
131.6144276807463,0.9960151314735413,0.00011498568346723914
131.6348620554927,0.9950911402702332,0.00011490914766909555
131.6552965302326,0.99434494972229,0.00011495728540467098
131.6757311049805,0.9940084218978882,0.00011487543088151142
131.69616557960398,0.9934329390525818,0.00011489302414702252
131.71659995411756,0.992792010307312,0.0001149712988990359
131.7370344286319,0.9927399158477783,0.00011483775597298518
131.7574690030233,0.9919920563697815,0.00011478077794890851
131.77790337742044,0.9861236214637756,0.00011452580656623468
131.79833785181836,0.9795246720314026,0.00011419624206610024
131.81877242609335,0.9782242178916931,0.00011419773363741115
131.83920680025767,0.9782143831253052,0.00011419079237384722
131.85964127442276,0.9783129096031189,0.00011422528041293845
131.88007574846415,0.9798341393470764,0.00011421326780691743
131.90051022251282,0.9851865172386169,0.0001145286369137466
131.92094469644508,0.9922475814819336,0.00011488979362184182
131.94137917037006,0.9932190775871277,0.00011491227633086964
131.9618136443023,0.9932450652122498,0.00011486320727271959
131.98224811811815,0.9936185479164124,0.00011494514183141291
132.0026825918103,0.9943546652793884,0.00011489623284433037
132.02311696550896,0.9944831132888794,0.00011505425936775282
132.04355153909273,0.9950700998306274,0.0001149903328041546
132.06398601266847,0.9949359893798828,0.00011501051631057635
132.0844203861343,0.9960178136825562,0.0001150747193605639
132.1048548596009,0.9967506527900696,0.0001151008254964836
132.12528943306097,0.9973179697990417,0.00011520772386575118
132.1457238064104,0.9979720115661621,0.00011516093945829198
132.16615827964415,0.9986234903335571,0.00011521300621097907
132.1865928528714,0.9990106225013733,0.00011522974818944931
132.20702732598875,0.999411404132843,0.00011522128625074401
132.22746169910533,1.000044822692871,0.00011530588380992413
132.24789617210627,1.000586986541748,0.00011528229515533894
132.26833074510068,1.0006848573684692,0.00011532974895089865
132.28876511798444,1.0013221502304077,0.00011537045065779239
132.30919959086168,1.0012434720993042,0.00011537453974597156
132.32963416363054,1.0016154050827026,0.00011547082976903766
132.35006853628147,1.001857042312622,0.0001153841003542766
132.37050300904957,1.0020612478256226,0.00011542532593011856
132.39093748157757,1.003271460533142,0.00011546937457751483
132.41137195411284,1.0020415782928467,0.00011545324377948418
132.43180642664083,1.0022499561309814,0.00011542704305611551
132.4522408990597,1.0020618438720703,0.00011544220615178347
132.4726754713629,1.0020520687103271,0.00011542959691723809
132.49310984366457,1.0015466213226318,0.0001153969278675504
132.51354431595973,1.0013792514801025,0.00011528188770171255
132.533978688145,1.0013035535812378,0.00011534594523254782
132.5544132602081,1.0006065368652344,0.00011535095109138638
132.5748477322777,1.000388264656067,0.00011533385259099305
132.59528210423014,1.0000439882278442,0.00011533672659425065
132.6157166761841,0.9998074173927307,0.00011532560165505856
132.63615114813,0.9993128180503845,0.000115415190521162
132.65658561985038,0.9990547299385071,0.00011535919475136325
132.67701999156998,0.9986523389816284,0.00011530654592206702
132.69745456328383,0.9984107613563538,0.0001152746262960136
132.71788903488778,0.9980438351631165,0.00011527593596838415
132.73832340649096,0.9977090954780579,0.00011522560816956684
132.75875797797198,0.9973756670951843,0.00011520014959387481
132.77919244945952,0.997069239616394,0.00011513593926792964
132.79962682082987,0.9969337582588196,0.00011505995644256473
132.8200612920773,0.9969288110733032,0.00011516081576701254
132.84049586333276,0.9966598153114319,0.00011514601646922529
132.8609302344703,0.9959884285926819,0.00011511887714732438
132.8813647056013,0.9959508180618286,0.00011508104944368824
132.90179927674035,0.995904803276062,0.00011508136958582327
132.92223364764504,0.9959874749183655,0.00011508278112160042
132.94266811865964,0.9960001707077026,0.00011509977048262954
132.96310258944868,0.9960240721702576,0.00011509505566209555
132.98353716023848,0.9967309832572937,0.00011514472134876996
133.0039715310195,0.997026264667511,0.0001151982942246832
133.0244060016921,0.9975928068161011,0.0001152590848505497
133.04484047236474,0.9980376958847046,0.00011527085007401183
133.06527494279726,0.9985328912734985,0.00011534430814208463
133.08570941335347,0.9988479018211365,0.00011536502279341221
133.10614388379327,0.9994435906410217,0.00011545041343197227
133.12657835410937,1.0003384351730347,0.00011544000881258398
133.14701282443275,1.0009820461273193,0.00011549056944204494
133.16744729463971,1.0014528036117554,0.00011546613677637652
133.1878817648394,1.0017449855804443,0.00011549822374945506
133.20831633493071,1.0021559000015259,0.00011551089119166136
133.2287507049041,1.0023852586746216,0.00011555772653082386
133.24918517487095,1.0031341314315796,0.00011556275421753526
133.26961964484508,1.0033761262893677,0.00011559583072084934
133.29005411458638,1.0039398670196533,0.00011559036647668108
133.31048858443683,1.0042109489440918,0.00011561861174413934
133.33092295417737,1.0043234825134277,0.00011566653120098636
133.35135752380302,1.0045028924942017,0.00011569703201530501
133.3717919933042,1.0048110485076904,0.00011569244816200808
133.3922264628127,1.0046597719192505,0.00011563293810468167
133.41266093232116,1.0049107074737549,0.00011560029088286683
133.43309540170594,1.0048457384109497,0.00011567417095648125
133.45352987098158,1.0044443607330322,0.00011564704618649557
133.47396424025646,1.0041964054107666,0.00011570606147870421
133.49439880940918,1.003767728805542,0.0001156387515948154
133.5148332785684,1.0036247968673706,0.00011560951679712161
133.53526764761045,1.003371000289917,0.00011566182365640998
133.55570221653034,1.0026708841323853,0.00011556605022633448
133.57613668545673,1.0021532773971558,0.00011554658703971654
133.59657105438237,1.0019001960754395,0.00011548242036951706
133.61700552318507,1.0013347864151,0.0001155890931840986
133.6374400918794,1.0007823705673218,0.00011554211960174143
133.6578745605657,1.0002837181091309,0.00011547199392225593
133.67830892914208,0.9997661709785461,0.00011546246241778135
133.69874349760357,0.9992284774780273,0.00011547063331818208
133.7191779660643,0.9983574151992798,0.00011545190500328317
133.739612334517,0.9978737235069275,0.00011537750833667815
133.7600468027449,0.997303307056427,0.00011538990656845272
133.78048137108271,0.9967833757400513,0.0001153809716925025
133.80091573919344,0.9961455464363098,0.00011535368685144931
133.82135020730493,0.9955989718437195,0.00011534668010426685
133.84178467541642,0.9953235983848572,0.00011531357449712232
133.86221914340422,0.9947945475578308,0.00011530216579558328
133.88265361128288,0.9944342374801636,0.0001152068143710494
133.90308807916153,0.993598997592926,0.0001152091208496131
133.9235225469165,0.9871178865432739,0.00011486169387353584
133.94395701467874,0.9809819459915161,0.00011460383393568918
133.96439148232457,0.9794886708259583,0.00011453445040388033
133.98482584984595,0.9795243144035339,0.00011452718899818137
134.00526041737612,0.9795976877212524,0.00011450900638010353
134.02569488478912,0.980820894241333,0.00011460662062745541
134.04612925219408,0.9866830110549927,0.00011488561722217128
134.06656381949142,0.9931384921073914,0.00011517277744133025
134.0869982866716,0.9937933683395386,0.00011524530418682843
134.10743265384372,0.9939999580383301,0.00011522250133566558
134.12786712102388,0.9940651059150696,0.00011518249084474519
134.14830168797198,0.9942517876625061,0.00011517864186316729
134.16873615491204,0.9943203330039978,0.00011527711467351764
134.1891705218586,0.9952316880226135,0.00011536167585290968
134.2096050886903,0.9958118200302124,0.00011536410602275282
134.23003955539752,0.996253490447998,0.00011533225188031793
134.25047392211127,0.9964682459831238,0.00011534920486155897
134.27090838870936,0.9968169331550598,0.00011535773955984041
134.29134295518452,0.9973024129867554,0.00011540259583853185
134.31177732166543,0.9977983832359314,0.00011547288158908486
134.3322117881471,0.9984168410301208,0.00011544906010385603
134.35264635450585,0.9990008473396301,0.00011551193165360019
134.37308072075393,0.9992629289627075,0.00011551815259736031
134.4139496530115,1.000266194343567,0.00011559810081962496
134.43438411902753,1.0007325410842896,0.00011561228893697262
134.45481858504354,1.000810146331787,0.00011563275620574132
134.47525305093586,1.0011556148529053,0.00011565508611965925
134.49568761683622,1.0012707710266113,0.00011562458530534059
134.51612198261864,1.0014557838439941,0.00011567832552827895
134.53655644827813,1.0016213655471802,0.00011567654291866347
134.55699081394414,1.0015201568603516,0.00011565028398763388
134.57742537949525,1.0018260478973389,0.00011565778549993411
134.5978598449219,1.0016292333602905,0.00011562512372620404
134.6182942103551,1.0016106367111206,0.0001156244397861883
134.6387286756726,1.0010132789611816,0.00011563840234884992
134.65916324098362,1.0010253190994263,0.00011562404688447714
134.67959770618472,1.0009044408798218,0.0001156041762442328
134.7000321712694,1.0004544258117676,0.00011559607810340822
134.72046663634683,1.0001293420791626,0.00011561487190192565
134.7409011013151,1.0000308752059937,0.00011556997924344614
134.76133546628262,0.9993972182273865,0.00011561272549442947
134.7817699311272,0.9990511536598206,0.00011555196397239342
134.8022044958634,0.9987543225288391,0.00011554154480108991
134.82263896059885,0.9984092116355896,0.00011548285692697391
134.84307332521712,0.998616099357605,0.0001155286590801552
134.86350788982963,0.9983226656913757,0.00011547866597538814
134.88394235421583,0.9978816509246826,0.0001155107602244243
134.90437681871117,0.9977721571922302,0.00011545609595486894
134.9248111829802,0.9972583651542664,0.00011543105210876092
134.94524574725074,0.9974949359893799,0.00011544820154085755
134.96568021151325,0.997404932975769,0.00011550109047675505
134.98611457554944,0.9972354769706726,0.0001154463243437931
135.00654913958715,0.9967738389968872,0.00011547451140359044
135.02698360361683,0.9965595602989197,0.00011541403364390135
135.0474179675366,0.9966606497764587,0.00011546606401680037
135.06785243134073,0.9969515204429626,0.00011540929699549451
135.08828699513833,0.9969138503074646,0.00011540847481228411
135.10872135870886,0.9972509145736694,0.00011543970322236419
135.12915582239657,0.9977337718009949,0.00011549470946192741
135.14959038596135,0.9985182881355286,0.00011553637887118384
135.17002484941622,0.998853862285614,0.00011551395436981693
135.19045921275392,0.998987078666687,0.00011545856250450015
135.2108936760851,0.9996293783187866,0.00011550743511179462
135.2313282393079,0.9998252391815186,0.0001155533900600858
135.2517626025292,1.0003210306167603,0.00011550691851880401
135.27219706562755,1.000705599784851,0.00011557418474694714
135.292631428616,1.001283884048462,0.00011556393292266876
135.31306599148957,1.001719355583191,0.00011561316205188632
135.3335004543551,1.0019327402114868,0.00011566293687792495
135.35393481722713,1.0024926662445068,0.0001156547587015666
135.37436937986786,1.0026966333389282,0.00011563891894184053
135.39480384261697,1.003096103668213,0.00011569650814635679
135.41523830514052,1.0037477016448975,0.00011574423842830583
135.4356726676633,1.004105806350708,0.00011565868044272065
135.45610723006394,1.004190444946289,0.00011574689415283501
135.47654169235466,1.0042592287063599,0.00011577412078622729
135.49697605464462,1.0045348405838013,0.00011577758414205164
135.5174106168124,1.0047862529754639,0.00011576685938052833
135.53784507898672,1.0047465562820435,0.0001157593505922705
135.55827944104385,1.004339337348938,0.00011579905549297109
135.57871390298533,1.0043203830718994,0.00011573264782782644
135.5991484649203,1.0044370889663696,0.00011568831541808322
135.6195828267446,1.0044565200805664,0.00011572847870411351
135.64001728844596,1.0042693614959717,0.00011572937364690006
135.66045185015537,1.003684163093567,0.00011565275053726509
135.68088631163118,1.0034219026565552,0.00011571384675335139
135.70132067322265,1.0030688047409058,0.0001157114893430844
135.7217551346912,1.0029069185256958,0.00011574389645829797
135.74218969605135,1.0021581649780273,0.00011564646410988644
135.7626240572863,1.0013759136199951,0.00011556271783774719
135.7830585185293,1.001194953918457,0.00011557155812624842
135.80349307965662,1.0004335641860962,0.00011546795576578006
135.823927440666,0.999923586845398,0.00011550272756721824
135.8443619016689,0.9991054534912109,0.00011543376604095101
135.86479636256263,0.9982951283454895,0.00011539558181539178
135.88523082333268,0.9975427389144897,0.00011539494153112173
135.90566528411,0.9970811605453491,0.00011532636563060805
135.9260997447709,0.9965004920959473,0.00011536870442796499
135.94653410543106,0.9958822131156921,0.00011535301018739119
135.96696866585262,0.9957144260406494,0.00011520233965711668
135.9874031263971,0.9951804876327515,0.00011523237481014803
136.007837486708,0.9947391748428345,0.00011520450789248571
136.02827204701316,0.9944683313369751,0.00011520861153258011
136.0487065072084,0.9937881231307983,0.0001151224278146401
136.06914086728648,0.9866955280303955,0.00011487776646390557
136.08957532735803,0.9808998107910156,0.00011449010344222188
136.1100098873212,0.979596734046936,0.00011443685070844367
136.13044434727635,0.9799278974533081,0.00011449686280684546
136.15087870700518,0.979871392250061,0.00011457712389528751
136.17131326685194,0.980952799320221,0.00011461808753665537
136.1917477264651,0.9877060651779175,0.00011491450277389959
136.21218208607024,0.9940296411514282,0.00011522432760102674
136.232616545567,0.994681179523468,0.00011523672583280131
136.25305110494082,0.9947307705879211,0.00011529101175256073
136.2734854643204,0.995246171951294,0.00011538968828972429
136.29391992358433,0.9959609508514404,0.00011530878691701218
136.3143544827326,0.9959036707878113,0.00011534801888046786
136.33478884187207,0.996512770652771,0.00011534138320712373
136.35522330090316,0.9971047043800354,0.00011541936692083254
136.37565775981784,0.9974206686019897,0.00011539681145222858
136.39609221872524,0.9978681206703186,0.00011541626008693129
136.4165266775235,0.9985590577125549,0.00011551415809663013
136.43696113620535,0.9987071752548218,0.00011544949666131288
136.4573956948807,0.9991047382354736,0.00011547581380000338
136.47783005344536,0.9997295141220093,0.00011542884749360383
136.49826451189438,1.0001615285873413,0.00011551703209988773
136.51869897033612,1.000705361366272,0.00011555793025763705
136.5391334285523,1.001200556755066,0.00011560206621652469
136.5595678867685,1.0015058517456055,0.00011559399717953056
136.5800023449774,1.0018787384033203,0.00011568325862754136
136.60043680307717,1.001928448677063,0.00011554289085324854
136.62087126106053,1.002341628074646,0.00011562199506442994
136.6413057189202,1.0026358366012573,0.00011565609020181
136.66174017678713,1.0025219917297363,0.00011567898036446422
136.68217463453766,1.0028622150421143,0.00011562528379727155
136.7026090921645,1.0025781393051147,0.0001156069411081262
136.7230435497986,1.0022618770599365,0.00011571557115530595
136.74347790731554,1.0021876096725464,0.0001155578502221033
136.7639124647103,1.002120018005371,0.0001156054058810696
136.78434692211158,1.001854658126831,0.00011558417463675141
136.80478127939568,1.0015431642532349,0.00011560247367015108
136.82521583655762,1.001186490058899,0.00011561224528122693
136.84565029360965,1.0009509325027466,0.00011557516700122505
136.8660847506544,1.0004323720932007,0.00011552935029612854
136.88651910758927,1.0001987218856812,0.00011556145182112232
136.90695366452564,0.9999442100524902,0.00011555718083400279
136.92738812122843,0.9993720054626465,0.00011546215682756156
136.94782247792318,0.9992928504943848,0.00011546570749487728
136.96825703451032,0.9988391995429993,0.00011553618969628587
136.9886914910894,0.9985742568969727,0.00011543343862285838
137.0091258475586,0.9983993768692017,0.00011546964378794655
137.02956030391215,0.9985413551330566,0.00011545365123311058
137.04999486015004,0.9980360865592957,0.00011541984713403508
137.07042921637913,0.9980900883674622,0.00011542019638000056
137.09086367249984,0.997925341129303,0.00011546783935045823
137.11129822849762,0.9978029727935791,0.00011540384730324149
137.13173258450115,0.997393012046814,0.00011542318679857999
137.15216704038903,0.9970251321792603,0.00011534994700923562
137.1726014961605,0.9971017241477966,0.0001154005658463575
137.19303605192545,0.9973340034484863,0.00011535407247720286
137.21347040746332,0.9974782466888428,0.00011539188562892377
137.23390486300195,0.9978203773498535,0.00011541014100657776
137.25433921853255,0.9979804158210754,0.0001154456112999469
137.27477377383912,0.9988576769828796,0.00011549449118319899
137.29520822914492,0.9995450973510742,0.00011552059004316106
137.31564258432627,0.9994885325431824,0.00011549409100553021
137.33607713951642,0.9998319149017334,0.00011562506551854312
137.3565115945894,1.0002423524856567,0.00011549597547855228
137.39738040437805,1.0012171268463135,0.00011552000069059432
137.41781495910254,1.0013322830200195,0.00011563668522285298
137.438249413819,1.0015230178833008,0.00011561547580640763
137.45868376842554,1.0020020008087158,0.0001155217396444641
137.47911832303362,1.0023587942123413,0.0001156670696218498
137.49955277751724,1.0027085542678833,0.00011564252054085955
137.51998713177454,1.0032219886779785,0.0001156813814304769
137.54042158614902,1.0033928155899048,0.00011570740753086284
137.56085614028416,1.003840446472168,0.00011568003537831828
137.58129049442505,1.0040394067764282,0.00011571445065783337
137.60172494845028,1.00426185131073,0.00011571237700991333
137.6221595023526,1.0042595863342285,0.00011572080984478816
137.6425939562614,1.004395604133606,0.00011570486822165549
137.66302831005305,1.0044260025024414,0.00011579813144635409
137.68346276372176,1.0045139789581299,0.00011570183414733037
137.7038973172821,1.0045702457427979,0.00011577589611988515
137.7243316708409,1.0044499635696411,0.0001157682781922631
137.7447661242768,1.0042842626571655,0.00011572267976589501
137.7652006776043,1.004250168800354,0.00011573165829759091
137.78563503093028,1.003728985786438,0.00011576562246773392
137.80606948401692,1.0039044618606567,0.00011569970229174942
137.82650383711007,1.0034153461456299,0.00011563792213564739
137.84693839020474,1.003246784210205,0.00011570601782295853
137.86737284305855,1.0029120445251465,0.00011566242756089196
137.88780729591963,1.0025804042816162,0.00011573017400223762
137.90824164866353,1.0022494792938232,0.00011571579670999199
137.92867620128527,1.0018917322158813,0.00011568766058189794
137.94911065391352,1.0013792514801025,0.00011565467866603285
137.9695450064246,1.0009727478027344,0.00011566482135094702
137.9899795588135,1.0005468130111694,0.00011561212158994749
138.0104140110925,0.9997714757919312,0.00011556001845747232
138.03084836337075,0.9994140267372131,0.00011557796824490651
138.05128281553334,0.9989126920700073,0.00011551011994015425
138.071717367573,0.9982155561447144,0.0001155208155978471
138.09215181950276,0.9977076649665833,0.00011542017455212772
138.11258617142448,0.9975308775901794,0.00011530522169778123
138.13302072312217,0.9972933530807495,0.00011542358697624877
138.15345517493552,0.9966211915016174,0.00011535479279700667
138.173889526508,0.9964775443077087,0.00011532296775840223
138.1943239779721,0.9953228831291199,0.0001153335688286461
138.21475852943695,0.9878789186477661,0.00011497895320644602
138.23519298089377,0.9826194047927856,0.00011466665455373004
138.25562733212428,0.9818538427352905,0.00011458117660367861
138.2760618832399,0.9819895029067993,0.00011465968418633565
138.29649633434747,0.9820799827575684,0.00011466166324680671
138.31693068534514,0.9833517670631409,0.00011469340097391978
138.33736513634358,0.9902193546295166,0.00011502980487421155
138.35779968710267,0.996100664138794,0.00011528302275110036
138.37823413786828,0.9969298243522644,0.00011527458991622552
138.3986684885167,0.9969213008880615,0.00011539547267602757
138.41910303904297,0.9970599412918091,0.00011543183791218325
138.43953748957574,0.9975094795227051,0.00011547109897946939
138.45997183999134,0.9978722929954529,0.00011547837493708357
138.480406290284,0.9981921315193176,0.00011555153469089419
138.5008408404683,0.9985323548316956,0.00011551721399882808
138.52127519053465,0.9993430376052856,0.00011554366210475564
138.5417096405945,0.9997820854187012,0.0001155877107521519
138.5621440905452,1.0004013776779175,0.00011557232210179791
138.58257854037947,1.000601887702942,0.00011554028606042266
138.60301299020648,1.001023292541504,0.00011562884174054489
138.62344743980793,1.0014121532440186,0.0001155927893705666
138.64388188940939,1.001995325088501,0.00011569859634619206
138.66431633888715,1.0023726224899292,0.00011563242151169106
138.68475078825577,1.0028986930847168,0.00011569888738449663
138.70518513762363,1.0030455589294434,0.00011565409658942372
138.72561968686932,1.0034204721450806,0.00011566060857148841
138.7460541360051,1.0035743713378906,0.00011575793178053573
138.76648848502373,1.0037368535995483,0.00011569212801987305
138.7869230340366,1.0038318634033203,0.00011573025403777137
138.80735748282314,1.0038639307022095,0.00011569449270609766
138.82779183160892,1.0037782192230225,0.0001157334991148673
138.84822628027177,1.0039178133010864,0.00011579600686673075
138.86866082894267,1.0038657188415527,0.00011567788169486448
138.88909527737997,1.0035839080810547,0.0001157234437414445
138.9095296258165,1.0033986568450928,0.00011571702634682879
138.92996417413087,1.003234624862671,0.00011574100790312514
138.95039862233534,1.0030251741409302,0.00011571734648896381
138.97083297053177,1.0021190643310547,0.00011570597416721284
138.9912674185034,1.0020943880081177,0.00011571517825359479
139.0117019664758,1.001503348350525,0.00011570547940209508
139.03213631433027,1.0011379718780518,0.00011566200555535033
139.05257076217822,1.0008975267410278,0.00011561074643395841
139.07300530980137,1.0003089904785156,0.00011560883285710588
139.09343965741573,1.000174641609192,0.00011559748963918537
139.1138741049217,1.000082015991211,0.00011552969226613641
139.13430855231127,0.9998388290405273,0.00011554470984265208
139.15474299970083,0.9992846846580505,0.0001156413636635989
139.17517744685028,0.9988561272621155,0.00011551532952580601
139.19561189400702,0.9986842274665833,0.00011551760690053925
139.21604624104657,0.9984948039054871,0.00011551462375791743
139.23648078796396,0.9982144236564636,0.00011545726010808721
139.25691523488786,0.9981687664985657,0.00011550842464203015
139.27734958157816,0.9979159832000732,0.00011540798732312396
139.29778412826272,0.9972632527351379,0.00011551904026418924
139.31821857483737,0.9972550868988037,0.00011539772822288796
139.33865302140475,0.9973019957542419,0.00011542790161911398
139.35908736774581,0.9973417520523071,0.00011541274579940364
139.3795219140884,0.9976271986961365,0.00011545691813807935
139.3999563603138,0.9980446696281433,0.00011543251457624137
139.42039070641476,0.998559832572937,0.00011546369205461815
139.4408252524081,0.9992073774337769,0.00011552918294910342
139.4612596983934,0.9992519021034241,0.00011558407277334481
139.4816940441524,0.9996101260185242,0.00011556404933799058
139.50212848991214,0.9998361468315125,0.00011548558541107923
139.52256303555623,1.0002882480621338,0.0001155259960796684
139.5429973810751,1.0005220174789429,0.00011556759272934869
139.56343182660203,1.000969409942627,0.00011561981227714568
139.583866372006,1.0012049674987793,0.00011558051483007148
139.60430071718292,1.0018388032913208,0.00011560642451513559
139.6247351623606,1.0020111799240112,0.00011551218631211668
139.64516960753826,1.0025157928466797,0.0001156263897428289
139.6656041524766,1.0028611421585083,0.00011553175863809884
139.68603849742067,1.0030949115753174,0.00011558131518540904
139.70647294213268,1.0034523010253906,0.00011548298789421096
139.7269073868374,1.0037100315093994,0.00011568758054636419
139.74734183154942,1.0038318634033203,0.00011564033047761768
139.7677762760286,1.0037727355957031,0.00011561153223738074
139.7882107205005,1.0041429996490479,0.00011567453475436196
139.80864516474685,1.004023790359497,0.00011553862714208663
139.8290796089932,1.0042129755020142,0.00011562855070224032
139.84951405323227,1.0041117668151855,0.000115573602670338
139.8699484972458,1.0042319297790527,0.00011572012590477243
139.8903829411429,1.004413366317749,0.0001156898433691822
139.91081738503271,1.0041905641555786,0.00011567526235012338
139.9312518288134,1.0040417909622192,0.00011563530279090628
139.95168637247116,1.0040136575698853,0.0001155976060545072
139.97212071601825,1.0037224292755127,0.00011553223885130137
139.9925551594497,1.0035194158554077,0.0001156526486738585
140.01298950288037,1.0031877756118774,0.00011564669694053009
140.03342404618888,1.0029698610305786,0.0001156629659817554
140.0538584893875,1.0024728775024414,0.0001155907884822227
140.0742929324624,1.0022505521774292,0.00011547718168003485
140.0947273754282,1.0016162395477295,0.00011542802531039342
140.11516181839397,1.0011192560195923,0.00011542741412995383
140.13559626112692,1.0005866289138794,0.00011551535862963647
140.15603060385183,1.0003783702850342,0.00011547347094165161
140.17646514646913,0.9998664855957031,0.00011532102507771924
140.19689958896197,0.9991836547851562,0.00011534376244526356
140.2173339313449,0.9990194439888,0.00011534846998983994
140.23776847372937,0.9985454082489014,0.0001153393677668646
140.25820291599666,0.9981337785720825,0.00011526757589308545
140.27863725802308,0.9974753260612488,0.0001153054618043825
140.29907170005754,0.9971884489059448,0.00011527880269568413
140.31950624208548,0.997110903263092,0.00011528538016136736
140.33994058388635,0.9961469173431396,0.00011519357212819159
140.38080946725677,0.9831101894378662,0.0001147313741967082
140.40124400881905,0.9819813370704651,0.00011457497748779133
140.42167835027067,0.9824836254119873,0.00011464726412668824
140.44211279160663,0.9830098748207092,0.00011468967568362132
140.46254733281967,0.9843619465827942,0.00011470342724351212
140.48298167403846,0.9913924932479858,0.00011507431918289512
140.50341611502517,0.9967749118804932,0.00011529148468980566
140.52385045600386,0.9971101880073547,0.00011531166092026979
140.54428499687492,0.9972888231277466,0.00011527131573529914
140.5647194376288,0.9976577758789062,0.00011527607421157882
140.585153878259,0.9978944063186646,0.00011534101940924302
140.60558831889648,0.9979501366615295,0.0001152101467596367
140.62602275930112,0.998424232006073,0.00011526676098583266
140.6464571996985,0.9987631440162659,0.00011522289423737675
140.66689153998595,0.9993221759796143,0.00011537638056324795
140.68732608015853,0.9994572997093201,0.00011536323290783912
140.70776052020665,1.000187635421753,0.000115509785246104
140.72819486026128,1.000425100326538,0.00011554422962944955
140.7486294000846,1.0011248588562012,0.00011551236821105704
140.7690638398999,1.0014060735702515,0.00011559636914171278
140.78949817948887,1.0018996000289917,0.00011551893840078264
140.8099326190786,1.0020723342895508,0.00011554788943612948
140.83036715866183,1.002793550491333,0.00011548513430170715
140.85080159801873,1.0032602548599243,0.00011562393046915531
140.87123593725846,1.003299593925476,0.00011570125207072124
140.89167037649167,1.0036882162094116,0.00011572772200452164
140.9121049155001,1.003839135169983,0.00011572830408113077
140.932539254507,1.0039931535720825,0.00011573266965569928
140.95297369339096,1.0040664672851562,0.00011571659706532955
140.97340823216655,1.0041483640670776,0.00011570537753868848
140.9938425708242,1.0040929317474365,0.0001157382721430622
141.01427700947534,1.003794550895691,0.00011572740913834423
141.03471144790092,1.00394606590271,0.00011576448741834611
141.0551458863265,1.0034518241882324,0.00011567370529519394
141.0755803246284,1.003339409828186,0.00011570095375645906
141.09601476282114,1.003058910369873,0.0001156376238213852
141.11644920078106,1.0027505159378052,0.00011574762902455404
141.13688363885012,1.0021860599517822,0.00011568886111490428
141.15731807669363,1.0016824007034302,0.00011560127313714474
141.17775241441996,1.0015822649002075,0.00011560687562450767
141.19818695214053,1.0010863542556763,0.00011557470133993775
141.2186213897512,1.000754952430725,0.00011561934661585838
141.2390557272447,1.000444769859314,0.00011546619498403743
141.25949026461603,1.0001378059387207,0.00011550365888979286
141.27992470187746,0.9997949600219727,0.00011549168266355991
141.3003590390217,0.9996094703674316,0.00011555037781363353
141.32079347604304,0.999178409576416,0.00011542275024112314
141.3412280130724,0.9988129138946533,0.00011544413428055122
141.36166244998458,0.9987347722053528,0.00011547391477506608
141.3820967866559,0.9981639385223389,0.0001154191413661465
141.40253122333525,0.998055100440979,0.00011545974120963365
141.42296575989894,0.9977694749832153,0.00011537202226463705
141.4434001963382,0.9974554181098938,0.00011543348227860406
141.46383453278395,0.9974547624588013,0.0001153782504843548
141.4842690689984,0.9975206255912781,0.00011536723468452692
141.5047035050884,0.9975195527076721,0.00011544066364876926
141.52513784118491,0.9976956844329834,0.00011547957547008991
141.54557227716577,0.997933030128479,0.00011536816600710154
141.56600671302294,0.9981722831726074,0.00011546651512617245
141.58644124877173,0.998668372631073,0.00011546891619218513
141.6068755844026,0.9986161589622498,0.00011545914458110929
141.62731011991127,0.9989140629768372,0.00011552965588634834
141.64774455531006,0.9993067979812622,0.00011552542127901688
141.66817889070808,0.9996599555015564,0.00011560374696273357
141.68861332586675,1.0001474618911743,0.00011561247083591297
141.70904786103347,1.0003650188446045,0.00011562222061911598
141.72948219608224,1.0008823871612549,0.00011560851999092847
141.7499166310081,1.0011345148086548,0.00011560206621652469
141.77035116582556,1.0016896724700928,0.00011565563909243792
141.7907855005251,1.0019747018814087,0.00011566486500669271
141.8112199351017,1.0022249221801758,0.00011568023910513148
141.83165436956915,1.0024405717849731,0.00011567631736397743
141.8520888040366,1.0028008222579956,0.00011567639739951119
141.87252323826397,1.0028765201568604,0.00011569047637749463
141.8929576724986,1.0030044317245483,0.00011566486500669271
141.91339220661757,1.0034544467926025,0.00011579077545320615
141.93382654061134,1.0033552646636963,0.00011575162352528423
141.95426097449672,1.0035789012908936,0.00011576093675103039
141.97469530826493,1.0035803318023682,0.00011562230793060735
141.99512984191097,1.0034806728363037,0.00011568176705623046
142.0155642754471,1.0033339262008667,0.00011571117647690699
142.03599860898248,1.003575086593628,0.0001156917423941195
142.0564330422785,1.0032655000686646,0.0001157240621978417
142.07686757558258,1.002864956855774,0.00011573255324037746
142.09730200865306,1.0028542280197144,0.00011564083979465067
142.11773634172278,1.0025808811187744,0.00011560801067389548
142.13817087467032,1.0024901628494263,0.0001156641956185922
142.15860530750797,1.0019513368606567,0.00011558453843463212
142.17903964022116,1.0016651153564453,0.00011560269922483712
142.19947407282598,1.001084327697754,0.00011560238635865971
142.21990860531514,1.00077223777771,0.00011562222061911598
142.24034293780278,1.000449538230896,0.00011563624866539612
142.26077737005107,1.0001306533813477,0.00011556571553228423
142.2812119023074,0.9996850490570068,0.0001155423597083427
142.3016462343221,0.9993610382080078,0.0001154633573605679
142.32208066634485,0.9987314939498901,0.00011546775931492448
142.34251509825117,0.9985138773918152,0.00011544282460818067
142.36294963003456,0.9983793497085571,0.00011541751155164093
142.3833839617073,0.997678279876709,0.00011533994984347373
142.40381839326437,0.9978002309799194,0.0001154524288722314
142.42425292469852,0.997816264629364,0.00011533078941283748
142.444687256022,0.9976019263267517,0.00011536075180629268
142.46512168734625,0.9973956942558289,0.00011540498962858692
142.4855560184369,0.9961373209953308,0.00011530250048963353
142.5059905495218,0.9887498617172241,0.0001150313692050986
142.5264249803804,0.9839563965797424,0.00011473531048977748
142.5468594112317,0.9828703999519348,0.00011477960651973262
142.56729374197312,0.9831870794296265,0.00011464444105513394
142.58772827248322,0.9838545322418213,0.00011480804823804647
142.60816270299256,0.9853255748748779,0.00011484698188723996
142.62859703337745,0.9926062226295471,0.00011514480138430372
142.64903156377113,0.9975261688232422,0.00011547045869519934
142.66946599392395,0.9978708028793335,0.00011542520951479673
142.68990032396687,0.9980672597885132,0.00011545143206603825
142.71033475389413,0.9981748461723328,0.00011542838183231652
142.73076928382216,0.9983720779418945,0.00011538718536030501
142.75120361350855,0.9989389777183533,0.00011549636838026345
142.77163804308657,0.9993511438369751,0.00011559888662304729
142.79207257265807,0.9995838403701782,0.00011560462735360488
142.8125069021189,0.9998905062675476,0.00011559284757822752
142.83294133134768,1.0003248453140259,0.00011565985187189654
142.85337576057645,1.0006816387176514,0.00011556691606529057
142.8738102896823,1.0010873079299927,0.00011567169713089243
142.89424461867748,1.0014305114746094,0.0001157323204097338
142.914679047557,1.0016419887542725,0.00011566212924662977
142.9351135763136,1.002313256263733,0.00011570471542654559
142.95554790495953,1.002389907836914,0.00011572450603125617
142.97598233360623,1.0031403303146362,0.00011572099901968613
142.99641666201205,1.003280520439148,0.0001157995720859617
143.01685119031026,1.0036606788635254,0.00011566411558305845
143.0372856186077,1.0039032697677612,0.00011571214417926967
143.05772004666505,1.0039891004562378,0.0001157123115262948
143.07815447472967,1.003801703453064,0.00011576365068322048
143.09858890256146,1.004009485244751,0.00011579754209378734
143.11902333038597,1.0041879415512085,0.00011581472790567204
143.13945775810134,1.0041860342025757,0.000115764640213456
143.1598921855766,1.0040805339813232,0.00011576230463106185
143.18032661305915,1.0040173530578613,0.00011582950537558645
143.20076094042452,1.0038540363311768,0.00011580307909753174
143.22119536767423,1.0035020112991333,0.00011581691796891391
143.241629894801,1.0027949810028076,0.00011569053458515555
143.2620643218179,1.0031685829162598,0.00011575837561395019
143.28249874871108,1.002353310585022,0.00011573972733458504
143.30293317549513,1.0020743608474731,0.0001157496590167284
143.32336760227918,1.0017443895339966,0.00011572726361919194
143.36423635525716,1.0009421110153198,0.00011566515604499727
143.38467088169273,1.001049280166626,0.00011566500324988738
143.40510530788742,1.0005667209625244,0.00011553183867363259
143.42553963408864,1.0004156827926636,0.00011557065590750426
143.44597416005854,0.999890923500061,0.00011557948164409027
143.46640858602768,0.999626636505127,0.00011559241102077067
143.48684291175596,0.9988314509391785,0.00011547211033757776
143.50727733749227,0.9989926218986511,0.00011554891534615308
143.52771186310565,0.9987735152244568,0.00011555073433555663
143.54814628849272,0.9987420439720154,0.00011549521877896041
143.56858061387902,0.9982755780220032,0.00011548708425834775
143.58901513915043,0.9975365996360779,0.00011543192522367463
143.6094495642974,0.9976772665977478,0.00011541850835783407
143.62988388933445,0.997400164604187,0.00011545815505087376
143.65031831425586,0.9977209568023682,0.00011547542817424983
143.67075283905433,0.9977469444274902,0.00011545579036464915
143.69118716374214,0.9978809356689453,0.0001155016798293218
143.7116215883143,0.9983919262886047,0.00011544830340426415
143.73205601276277,0.9989238977432251,0.00011554807861102745
143.7524904371021,0.9989443421363831,0.0001155089630628936
143.772924861325,0.9994875192642212,0.00011550622730283067
143.79335928554065,0.9996380805969238,0.00011554137745406479
143.81379370953073,0.9999987483024597,0.00011561373685253784
143.8342281334044,0.9998407959938049,0.00011562337749637663
143.85466255727079,1.0003341436386108,0.00011555873788893223
143.87509688091086,1.000489592552185,0.00011557911784620956
143.89553140443604,1.000896692276001,0.00011561778228497133
143.9159658279532,1.0011370182037354,0.00011568490299396217
143.93640015124402,1.0014146566390991,0.00011560814164113253
143.95683467453637,1.0015528202056885,0.00011566923058126122
143.97726909758785,1.0020198822021484,0.00011570056085474789
143.99770342064585,1.0020076036453247,0.0001156562939286232
144.01813784347178,1.0023367404937744,0.00011574423115234822
144.0385723662912,1.0026345252990723,0.00011572151561267674
144.0590067890007,1.002581238746643,0.00011572326911846176
144.07944111147663,1.002681016921997,0.00011575224198168144
144.0998756339468,1.002969741821289,0.00011579491547308862
144.12031005630706,1.0030617713928223,0.00011575036478461698
144.14074437843374,1.0032429695129395,0.00011575555254239589
144.1611788005539,1.0033519268035889,0.00011573925439734012
144.18161332256568,1.0029195547103882,0.00011572201765375212
144.20204764445953,1.0031944513320923,0.0001157300139311701
144.22248206611403,1.002808928489685,0.00011575059033930302
144.24291658777656,1.002811074256897,0.00011571449431357905
144.26335090932116,1.0027987957000732,0.0001157007209258154
144.28378533074283,1.002343773841858,0.00011569262278499082
144.30421975205536,1.0021281242370605,0.00011565456225071102
144.32465417325147,1.0017386674880981,0.00011568918125703931
144.34508859420748,1.0015344619750977,0.00011562683357624337
144.36552301517077,1.001091480255127,0.00011561257997527719
144.38595733601687,1.0008478164672852,0.0001156296711997129
144.4063918567408,1.000748634338379,0.00011552242358447984
144.42682627735485,1.0001564025878906,0.0001155739591922611
144.4472605978517,1.0001035928726196,0.00011560291750356555
144.4676951182264,0.9998846650123596,0.00011560202983673662
144.4881295384912,0.9996330142021179,0.00011549710325198248
144.5085638586388,0.9993706345558167,0.00011559090489754453
144.5289982786635,0.9989550709724426,0.00011557461402844638
144.5494327985798,0.9987531304359436,0.00011547373287612572
144.56986721837893,0.9984718561172485,0.00011546973109943792
144.59030153806088,0.9985843300819397,0.0001155223508249037
144.61073605762067,0.9982684254646301,0.0001155080390162766
144.63117047707055,0.9970256686210632,0.00011539813567651436
144.651604796396,0.9890613555908203,0.00011504971189424396
144.67203921561304,0.9843389391899109,0.00011486048606457189
144.69247373471444,0.9836782217025757,0.00011480039393063635
144.71290805369063,0.9835858941078186,0.0001148198134615086
144.73334247255843,0.9838699698448181,0.00011473747144918889
144.7537769913106,0.9860549569129944,0.00011490836914163083
144.77421130993753,0.9932069778442383,0.00011529551557032391
144.7946457284561,0.9981094598770142,0.00011541889398358762
144.81508014685824,0.9983602166175842,0.00011547704343684018
144.83551466513745,0.9982542991638184,0.0001154999845311977
144.855948983306,0.9987540245056152,0.00011552554497029632
144.8763834013589,0.9987205266952515,0.00011547260510269552
144.89681781928812,0.9991029500961304,0.00011553364311112091
144.9172522371082,0.9992588758468628,0.00011546834139153361
144.93768665481184,0.9994133114814758,0.00011547820759005845
144.9581210723918,0.9996809363365173,0.00011548728070920333
144.9785555898634,1.0003429651260376,0.0001154695637524128
144.99898990721704,1.0005019903182983,0.00011548971815500408
145.01942432444775,1.0008293390274048,0.00011554467346286401
145.03985874156933,1.001124620437622,0.00011559912672964856
145.0602931585745,1.001497507095337,0.00011559127597138286
145.08072757545597,1.0019140243530273,0.00011554484808584675
145.1011619922283,1.0022834539413452,0.00011550811905181035
145.12159650888498,1.0025417804718018,0.00011558159167179838
145.14203082541644,1.0028609037399292,0.00011568136687856168
145.16246524183953,1.0029938220977783,0.00011572252697078511
145.18289955814544,1.002894639968872,0.00011566046305233613
145.20333407421276,1.002992033958435,0.00011570021160878241
145.2237684902866,1.0030732154846191,0.00011566236207727343
145.24420280624327,1.0029813051223755,0.00011567547335289419
145.26463732207776,1.0027735233306885,0.00011556330719031394
145.28507173780235,1.0026507377624512,0.00011544906737981364
145.30550615329412,1.0023658275604248,0.00011554382945178077
145.32594046878512,1.001957654953003,0.00011562036524992436
145.34637498415395,1.0016672611236572,0.00011547301983227953
145.36680939929647,1.0016088485717773,0.00011554109369171783
145.38724371443095,1.0014210939407349,0.00011550335329957306
145.40767822945782,1.0011003017425537,0.00011560501297935843
145.4281126442511,1.0010709762573242,0.00011559081031009555
145.4485469590436,1.0010250806808472,0.00011552583600860089
145.46898137359676,1.0006277561187744,0.00011554849334061146
145.48941588815796,1.0003154277801514,0.00011545693996595219
145.50985020247754,1.0002096891403198,0.00011546882160473615
145.53028461680515,0.9999022483825684,0.00011544010340003297
145.55071903089993,0.9998189806938171,0.00011536638339748606
145.5711535449882,0.9995613694190979,0.00011534366058185697
145.59158785884938,0.9994801878929138,0.00011542165884748101
145.6120222725949,0.9992340207099915,0.00011557093966985121
145.63245678633393,0.9989875555038452,0.00011524163710419089
145.65289109984587,0.9990736246109009,0.0001154208803200163
145.67332551324216,0.9989100694656372,0.00011542009451659396
145.69375982652127,0.9987977147102356,0.0001154246274381876
145.71419433967822,0.9984597563743591,0.00011548354086698964
145.73462875284167,0.9980852007865906,0.00011542153515620157
145.75506316576502,0.9982657432556152,0.0001154972705990076
145.77549757857923,0.9981957674026489,0.00011550154886208475
145.79593199127703,0.9981880187988281,0.00011543704749783501
145.8163664038584,0.9984586834907532,0.00011551202624104917
145.83680071631534,0.9985335469245911,0.00011543642176548019
145.85723522866465,0.9990217089653015,0.00011556147364899516
145.8776696407731,0.9994719624519348,0.00011549383634701371
145.89810395288805,0.9991164803504944,0.0001154791098088026
145.91853846488812,0.9996902942657471,0.0001155123463831842
145.938972876771,0.9999358654022217,0.00011553367949090898
145.95940718841302,0.9999588131904602,0.00011555913806660101
145.97984160006308,1.000214695930481,0.00011553001968422905
146.0002761115902,1.000127911567688,0.00011558464757399634
146.02071052289102,1.000756025314331,0.00011563359294086695
146.04114483419107,1.0006933212280273,0.00011562519648578018
146.06157934525982,1.0014504194259644,0.00011563621956156567
146.0820137562041,1.0013267993927002,0.0001156289508799091
146.1024480671549,1.0016261339187622,0.00011565643944777548
146.12288247787365,1.0020875930786133,0.00011565286695258692
146.14331698846945,1.0019612312316895,0.00011560205894056708
146.1637512989546,1.002273440361023,0.00011568672925932333
146.1841857094405,1.002563714981079,0.00011569703929126263
146.2046201196863,1.0025849342346191,0.00011575900134630501
146.22505452982296,1.003048062324524,0.00011570710194064304
146.2454889398432,1.0027724504470825,0.00011554530647117645
146.26592334973975,1.0028772354125977,0.00011574067320907488
146.28635775941075,1.002874493598938,0.0001156048383563757
146.30679216908175,1.003010630607605,0.00011572966468520463
146.34766088806646,1.0029184818267822,0.00011577663099160418
146.36809539726528,1.0026108026504517,0.00011577206169022247
146.38852980647061,1.0028140544891357,0.00011574144446058199
146.40896411544236,1.0025856494903564,0.0001157241640612483
146.42939862441563,1.0022633075714111,0.00011572684888960794
146.44983303314802,1.002129316329956,0.00011568734043976292
146.47026734177052,1.0016196966171265,0.00011573489609872922
146.49070185038727,1.0010826587677002,0.0001156677317339927
146.5111362587777,1.0010242462158203,0.00011568395711947232
146.5315706670517,1.000497579574585,0.00011568640184123069
146.55200497520855,1.0003982782363892,0.0001156675789388828
146.57243948324322,0.9998092651367188,0.0001155935024144128
146.59287389116798,0.9997391700744629,0.00011556673416635022
146.61330829896906,0.9993771314620972,0.00011554201773833483
146.63374260654382,0.9990208148956299,0.00011550357157830149
146.6541771141201,0.9988337755203247,0.00011553074000403285
146.6746115215792,0.9984528422355652,0.00011555168748600408
146.69504582879745,0.9981356859207153,0.00011550959607120603
146.71548033602448,0.9978270530700684,0.00011550241470104083
146.73591474301065,0.9980369210243225,0.0001154697165475227
146.7563491500041,0.997596263885498,0.00011543539585545659
146.77678345676395,0.995943009853363,0.00011533689394127578
146.7972179634089,0.9880728721618652,0.00011500575055833906
146.81765236992942,0.9836859107017517,0.0001148238661698997
146.83808667634003,0.9831050634384155,0.00011474560596980155
146.85852108263498,0.9831579327583313,0.00011472125333966687
146.878955588807,0.9834884405136108,0.00011474790517240763
146.89938989486836,0.9856550097465515,0.00011482937406981364
146.91982430081407,0.9931421279907227,0.00011523340072017163
146.94025880652043,0.9978145956993103,0.00011547925532795489
146.96069311223255,0.997810959815979,0.00011543729488039389
146.9811275177126,0.9980822801589966,0.00011544325388967991
147.00156192318536,0.9982193112373352,0.00011546768655534834
147.02199632843258,0.9984680414199829,0.00011546699533937499
147.04243073356338,0.9987499713897705,0.00011552993237273768
147.0628651385705,0.999098002910614,0.00011550841009011492
147.08329964346922,0.9996613264083862,0.00011558480036910623
147.10373394825,0.9998759031295776,0.00011553872900549322
147.12416835290787,1.0002315044403076,0.0001156019716290757
147.14460265745583,1.0008097887039185,0.00011560395796550438
147.1650371618889,1.0013741254806519,0.00011556705430848524
147.1854715660811,1.001665711402893,0.00011567174806259573
147.20590587027982,1.0016764402389526,0.00011558414553292096
147.22634037424723,1.0018037557601929,0.00011558670667000115
147.2467747782066,1.0021636486053467,0.00011566963075893
147.26720918194042,1.0023127794265747,0.00011560840357560664
147.28764348555706,1.0025542974472046,0.0001155631325673312
147.30807798905153,1.0025209188461304,0.0001156209473265335
147.3285123924361,1.002686858177185,0.000115734372229781
147.3489466957035,1.0024818181991577,0.00011566247849259526
147.36938109884795,1.002528190612793,0.00011560080019989982
147.38981560176762,1.0023971796035767,0.00011561666178749874
147.41024990468577,1.0022212266921997,0.00011561119754333049
147.43068430736457,1.001675009727478,0.00011548827751539648
147.4511188100514,1.0015093088150024,0.0001155143472715281
147.4715531125039,1.0011337995529175,0.0001154202182078734
147.49198751483345,1.0009344816207886,0.00011543599975993857
147.51242191705387,1.0006487369537354,0.0001154363781097345
147.53285641915863,1.0001857280731201,0.00011550067574717104
147.55329072113818,1.0000920295715332,0.00011541730782482773
147.57372512300935,0.9997901916503906,0.00011550305498531088
147.59415962476487,0.9993528723716736,0.00011539632396306843
147.61459392627876,0.9989281296730042,0.00011539454862941056
147.63502832780068,0.9990938901901245,0.00011530331539688632
147.65546262908902,0.9990594983100891,0.00011546699533937499
147.67589713025518,0.998985767364502,0.00011557258403627202
147.69633153131144,0.9988492727279663,0.00011553715739864856
147.71676583225053,0.9986075758934021,0.00011543340951902792
147.73720033306745,0.9988582134246826,0.00011551707575563341
147.75763473377447,0.9987072944641113,0.00011540386913111433
147.77806913436507,0.9983574748039246,0.00011541706771822646
147.79850343472208,0.9985799789428711,0.00011535134399309754
147.81893793507334,0.9984758496284485,0.00011541869753273204
147.83937233519828,0.9986650347709656,0.00011540919513208792
147.85980663519877,0.9983758926391602,0.00011552459181984887
147.88024103509088,0.9982529282569885,0.00011540169361978769
147.92110983451857,0.998115062713623,0.00011547299800440669
147.94154423406144,0.9983542561531067,0.00011547768372111022
147.96197873348865,0.9983104467391968,0.00011542672291398048
147.98241303267423,0.9989793300628662,0.00011534292571013793
148.00284743186785,0.999158501625061,0.0001153861012426205
148.02328183082864,0.9995368719100952,0.00011548667680472136
148.0437163296665,0.9994482398033142,0.00011538598482729867
148.0641506283937,0.9996086955070496,0.0001155061909230426
148.08458502700523,0.9996993541717529,0.00011541983258211985
148.10501952549384,1.0000916719436646,0.00011547288158908486
148.1254538238718,1.0000550746917725,0.00011547707254067063
148.14588822201767,1.0002703666687012,0.00011542672291398048
148.16632262015628,1.0004127025604248,0.00011551695934031159
148.18675701806933,1.0005704164505005,0.0001155451318481937
148.20719141586596,1.000963807106018,0.00011557139805518091
148.2276258135389,1.001302719116211,0.00011560357233975083
148.24806031110347,1.0015549659729004,0.00011560224811546504
148.2684946085501,1.001584768295288,0.00011559033737285063
148.2889290058738,1.001541018486023,0.0001155637000920251
148.30936340297194,1.0017420053482056,0.00011567014007596299
148.32979780007008,1.0021402835845947,0.00011567869660211727
148.3502321968117,1.0021765232086182,0.00011560654820641503
148.37066659379343,1.0024100542068481,0.00011561816791072488
148.39110089030873,1.0023183822631836,0.00011563477892195806
148.4115353868183,1.002318263053894,0.00011563781299628317
148.43196978310152,1.0024749040603638,0.00011571567301871255
148.45240417938476,1.0028581619262695,0.00011572968651307747
148.4728385754279,1.002784252166748,0.00011567970068426803
148.4932729714783,1.0027207136154175,0.00011571177310543135
148.51370736729586,1.0025544166564941,0.0001156707076006569
148.53414166311268,1.0023777484893799,0.00011562537110876292
148.5545761586909,1.0023982524871826,0.00011570165224839002
148.57501055404282,1.0021849870681763,0.00011570237984415144
148.5954448493867,1.001858115196228,0.0001157174410764128
148.61587934450654,1.0015078783035278,0.00011563083535293117
148.63631373962562,1.00110924243927,0.00011565189197426662
148.6567480345111,1.0009337663650513,0.00011558501864783466
148.6771824293901,1.0005817413330078,0.00011568624904612079
148.69761692381144,1.000774621963501,0.00011563162843231112
148.71805121845682,1.000137209892273,0.0001156465441454202
148.7384856128774,0.9997138381004333,0.00011552356590982527
148.75892010706593,0.9996137619018555,0.00011561375868041068
148.77935450124642,0.9991065263748169,0.00011554858792806044
148.79978879520058,0.999052882194519,0.00011557930702110752
148.82022318892268,0.9985219836235046,0.00011547221220098436
148.84065768263827,0.998289167881012,0.00011552942305570468
148.8610919763596,0.9982085227966309,0.00011555235687410459
148.88152636961604,0.9977593421936035,0.00011552921205293387
148.9019608630988,0.9975039958953857,0.00011553618242032826
148.92239515612164,0.995711624622345,0.00011543995788088068
148.94282954914524,0.9873294234275818,0.00011501205881359056
148.96326394216157,0.9833753705024719,0.0001147638467955403
148.98369833495235,0.9826112389564514,0.00011478475789772347
149.0041327275103,0.9827793836593628,0.00011476864165160805
149.02456712006824,0.983104944229126,0.00011483088746899739
149.04500141238532,0.9852203130722046,0.00011487743176985532
149.0654359047112,0.9925573468208313,0.0001153022312792018
149.0858702967962,0.9965141415596008,0.00011553955846466124
149.1063045886549,0.9968160390853882,0.00011549789633136243
149.1267390805151,0.9971946477890015,0.00011553441436262801
149.14717347214173,0.9975396990776062,0.00011552934302017093
149.16760776376032,0.9974936842918396,0.000115494905912783
149.1880421551541,0.9977174997329712,0.00011553359217941761
149.20847664654138,0.9981606006622314,0.0001155546196969226
149.22891103770235,0.998989462852478,0.00011556160461623222
149.24934532862972,0.9992088675498962,0.0001156340294983238
149.2697798195586,0.9996465444564819,0.00011564795568119735
149.29021421024663,1.000059962272644,0.00011560676648514345
149.33108289140364,1.0007084608078003,0.00011567233013920486
149.35151738162676,1.0011695623397827,0.00011571198410820216
149.37195167185564,1.0016230344772339,0.00011566777538973838
149.39238606185245,1.0012803077697754,0.00011568945046747103
149.41282055184274,1.0017797946929932,0.00011576411634450778
149.43325484160596,1.0021581649780273,0.00011570908827707171
149.45368923136994,1.0020807981491089,0.00011572008952498436
149.4741236208938,1.0019282102584839,0.00011572442599572241
149.49455801019212,1.002042531967163,0.00011574556992854923
149.51499239949044,1.002028226852417,0.00011576661927392706
149.53542678854865,1.0015074014663696,0.0001157345250248909
149.5558612776149,1.0015140771865845,0.00011573346273507923
149.5762955664395,1.0014621019363403,0.00011570603965083137
149.59672995503934,1.0012933015823364,0.00011573266965569928
149.6171642436384,1.0006436109542847,0.0001156729631475173
149.63759873200615,1.000835657119751,0.00011567915498744696
149.65803312036587,1.0005868673324585,0.00011571045615710318
149.67846740849927,1.0002140998840332,0.00011568487389013171
149.6989017964006,0.9996622800827026,0.00011569431080715731
149.71933628429542,0.9997996091842651,0.0001155790887423791
149.73977067196392,0.9993442296981812,0.00011558064579730853
149.76020495963166,0.9991855621337891,0.00011559277481865138
149.78063944706082,0.9988186955451965,0.00011564196029212326
149.8010738344965,0.9987134337425232,0.00011562018335098401
149.82150812169857,0.9984158873558044,0.00011559419363038614
149.8419425086613,0.998294472694397,0.00011558301775949076
149.86237699563208,0.9981198310852051,0.00011554546654224396
149.88281138236925,0.9982588887214661,0.00011561594874365255
149.9032456690984,0.9981979131698608,0.00011560582061065361
149.9236801556035,0.9980841279029846,0.0001155547215603292
149.94411454186775,0.9983146786689758,0.00011558040569070727
149.96454892813927,0.9980248808860779,0.00011557797552086413
149.9849832141772,0.9981821775436401,0.0001155911959358491
150.0054176999838,0.9979044795036316,0.00011553680087672547
150.0258520857824,0.997805655002594,0.00011550138879101723
150.04628637158748,0.9976263642311096,0.00011551735951798037
150.066720857154,0.9979068636894226,0.0001155642094090581
150.0871552424942,0.9981372952461243,0.00011562138388399035
150.1075895276008,0.9980300664901733,0.00011552716750884429
150.12802391270816,0.9982401728630066,0.0001155182981165126
150.148458397809,0.9989996552467346,0.00011557067045941949
150.16889268268278,0.999011218547821,0.00011565195018192753
150.18932706732448,0.9990291595458984,0.00011563533917069435
150.20976155195967,0.9994304180145264,0.00011568838090170175
150.23019583636778,0.999599814414978,0.00011567054025363177
150.25063022054383,0.9996210932731628,0.00011569412890821695
150.2710646047126,0.9997460842132568,0.00011555309902178124
150.29149908865656,1.0001505613327026,0.00011573968367883936
150.31193337259901,1.0004349946975708,0.00011563864245545119
150.33236775630212,1.000446081161499,0.00011565241584321484
150.3528020397789,1.0006780624389648,0.00011565785825951025
150.37323652325722,1.0010201930999756,0.0001157033329945989
150.39367090649466,1.0009431838989258,0.00011562847794266418
150.41410518973862,1.00129234790802,0.00011566883040359244
150.43453967275127,1.0011365413665771,0.00011569763591978699
150.45497405552305,1.0013618469238281,0.00011570126662263647
150.4754084383021,1.0015811920166016,0.00011564286978682503
150.49584272084758,1.0016194581985474,0.00011574292875593528
150.5162772033873,1.0019463300704956,0.00011571111099328846
150.5367115857007,1.0020496845245361,0.00011572852963581681
150.5571458677805,1.0023454427719116,0.00011567027831915766
150.57758034985454,1.0025177001953125,0.0001156967191491276
150.59801473170228,1.0025339126586914,0.00011575096141314134
150.61844901331642,1.0026108026504517,0.00011578830162761733
150.63888339492405,1.002587080001831,0.00011577709665289149
150.65931787653972,1.0026787519454956,0.0001157838269136846
150.67975215792103,1.00235915184021,0.00011572027869988233
150.700186539063,1.0020551681518555,0.0001157601218437776
150.72062101998017,1.0017088651657104,0.0001156885628006421
150.74105540089658,1.0016672611236572,0.0001156648067990318
150.76148968157213,1.0011498928070068,0.00011564594751689583
150.7819240622557,1.0007750988006592,0.0001156462894869037
150.80235854270722,1.0002802610397339,0.00011568311310838908
150.82279282314994,0.9999866485595703,0.00011560469283722341
150.84322720336786,0.999841034412384,0.0001156111029558815
150.8636616833537,0.9994745850563049,0.00011568328773137182
150.88409596309793,0.9992432594299316,0.00011555873788893223
150.9045303428502,0.9988663196563721,0.00011561482097022235
150.92496472260245,0.9984230399131775,0.00011557745165191591
150.9453991021146,0.998179018497467,0.00011554622324183583
150.9658334814012,0.9980046153068542,0.0001155586214736104
150.98626786045497,0.9974614381790161,0.00011551767238415778
151.00670213950798,0.9973376989364624,0.00011552919750101864
151.02713661855523,0.9973658323287964,0.00011550684575922787
151.04757099714334,0.996789276599884,0.00011550346971489489
151.06800527595624,0.994650661945343,0.00011534128134371713
151.08843975431228,0.9864461421966553,0.00011504646681714803
151.10887413266755,0.9828729033470154,0.00011468403681647032
151.12930841078196,0.9822405576705933,0.0001147010552813299
151.1497427889044,0.9824504852294922,0.00011472086043795571
151.17017726679478,0.9833389520645142,0.00011472840560600162
151.19061154444353,0.9856566190719604,0.00011493542842799798
151.2110459221003,0.9933287501335144,0.00011534048826433718
151.23148039975786,0.9969757795333862,0.00011548925976967439
151.2519147769417,0.9971581101417542,0.00011547525355126709
151.27234905413206,0.9974800944328308,0.00011545221059350297
151.29278343109036,0.997725784778595,0.00011553447984624654
151.31321790804213,0.997772216796875,0.00011548620386747643
151.33365218476683,0.998259425163269,0.00011546532914508134
151.3540865614923,0.9985095858573914,0.00011557120160432532
151.3745210379784,0.9991132020950317,0.00011558775440789759
151.39495531423745,0.9993579983711243,0.00011549473128980026
151.41538969026442,0.9999034404754639,0.00011552695650607347
151.43582406651694,1.0003305673599243,0.00011554945376701653
151.45625844231108,1.0009077787399292,0.00011553120566532016
151.47669281810522,1.0012285709381104,0.00011562700819922611
151.49712719365925,1.0015299320220947,0.00011562189320102334
151.51756156898773,1.0017610788345337,0.00011563159932848066
151.5379959443162,1.0020281076431274,0.00011570271453820169
151.5584303196374,1.002235770225525,0.00011565359454834834
151.57886469450023,1.002284049987793,0.00011571506183827296
151.5992991693638,1.002337098121643,0.00011563907901290804
151.61973344421858,1.0025246143341064,0.00011575616372283548
151.64016781861574,1.0028926134109497,0.00011577521945582703
151.68103656740277,1.0024951696395874,0.00011569396156119183
151.7014709415671,1.0026954412460327,0.00011576071119634435
151.7219053154986,1.002481460571289,0.0001157046717707999
151.7423396894228,1.0026006698608398,0.00011578758130781353
151.76277406312147,1.0026624202728271,0.00011574333620956168
151.7832084365873,1.0023629665374756,0.00011576871474971995
151.8036427100451,1.0023794174194336,0.0001157509395852685
151.82407718327886,1.0018504858016968,0.00011575064127100632
151.84451155651186,1.001777172088623,0.00011565128806978464
151.86494582951127,1.0013548135757446,0.00011569030903046951
151.8853803022721,1.0010324716567993,0.0001156838916358538
151.90581467503944,1.0007283687591553,0.00011568565241759643
151.9262489475659,1.0003918409347534,0.00011563349107746035
151.9466833198676,1.0002212524414062,0.00011565107706701383
151.96711779217003,0.9999900460243225,0.00011564108717720956
151.9875521642316,0.9997056722640991,0.00011564678425202146
152.0079864362997,0.999447762966156,0.00011563723091967404
152.02842090790364,0.9994163513183594,0.00011566217290237546
152.04885527973238,0.9989201426506042,0.0001156174621428363
152.06928955110197,0.9988582134246826,0.00011562823783606291
152.08972392247233,0.9987738132476807,0.00011563522275537252
152.11015839383617,0.9985049366950989,0.00011556753452168778
152.1305926647401,0.9984682202339172,0.00011556032404769212
152.1510270356448,0.9982177019119263,0.00011558007827261463
152.17146140654222,0.9980111122131348,0.0001156004291260615
152.19189577721409,0.9977065920829773,0.0001155658537754789
152.21233014765312,0.9978684186935425,0.00011547347094165161
152.23276451785932,0.9980900883674622,0.00011552444630069658
152.253198988059,0.9979778528213501,0.00011556808021850884
152.27363325803162,0.9984144568443298,0.00011554193042684346
152.3145018977375,0.9988678097724915,0.00011566714238142595
152.33493636724597,0.9988936185836792,0.00011564949818421155
152.35537073675368,0.9990302324295044,0.00011555488890735433
152.37580500602053,0.9992399215698242,0.00011562187864910811
152.39623947529617,0.9994115829467773,0.00011547550820978358
152.4166738440981,0.9995658993721008,0.00011549456394277513
152.43710821314016,1.0000330209732056,0.00011569471098482609
152.4575424817158,1.0001404285430908,0.00011566193279577419
152.47797695029294,1.0003951787948608,0.00011554197408258915
152.49841131862922,1.0004922151565552,0.0001156450598500669
152.51884558697202,1.0006531476974487,0.000115493057819549
152.53928005507623,1.000935435295105,0.00011559398990357295
152.55971442295413,1.0009121894836426,0.0001156823564087972
152.58014869083127,1.0013470649719238,0.00011571552022360265
152.60058305847633,1.001312494277954,0.00011564643500605598
152.62101752588205,1.001440405845642,0.00011565495515242219
152.64145179329353,1.0017666816711426,0.00011565262684598565
152.68232052764506,1.0023574829101562,0.00011562169675016776
152.70275489459164,1.00299870967865,0.00011574911331990734
152.72318926130538,1.0025906562805176,0.00011579389683902264
152.74362362777902,1.0022627115249634,0.00011558920232346281
152.7640580942607,1.0023934841156006,0.0001155117861344479
152.78449236050074,1.0023658275604248,0.00011554290540516376
152.80492672674882,1.002431035041809,0.00011559177801245824
152.8253609927633,1.002353310585022,0.00011540888954186812
152.8457954585465,1.0051363706588745,0.00011566049215616658
152.86622982432164,1.0020643472671509,0.0001157613005489111
152.88666408987046,1.0015381574630737,0.00011554917728062719
152.9070985551807,1.0014179944992065,0.00011562045983737335
152.92753292049747,1.0011258125305176,0.00011558880214579403
152.9479672855814,1.0005329847335815,0.00011555031960597262
152.96840155066457,1.0002130270004272,0.00011565261229407042
152.98883601550915,0.9997355341911316,0.00011563082080101594
153.00927038012742,0.9994967579841614,0.00011556225945241749
153.0297046445121,0.9987702965736389,0.0001154765923274681
153.05013910889102,0.9982014894485474,0.0001154372439486906
153.07057347304362,0.9981753826141357,0.00011542583524715155
153.09100773719547,0.9979360103607178,0.0001154561250586994
153.11144210110797,0.9978424310684204,0.00011561763676581904
153.13187656479568,0.9975273609161377,0.00011557155812624842
153.15231082848186,0.9970025420188904,0.00011540736886672676
153.1727451919287,0.9964312314987183,0.00011550866474863142
153.19317955514998,0.9961586594581604,0.00011549801274668425
153.21361401837203,0.9941946268081665,0.00011539983097463846
153.2340483813532,0.9860509037971497,0.00011499645916046575
153.25448264410807,0.9823598861694336,0.00011477722000563517
153.27491710685717,0.9815823435783386,0.00011468031880212948
153.29535146937997,0.9819849729537964,0.00011468414595583454
153.31578573166917,0.9826686382293701,0.00011473769700387493
153.33622009395913,0.9852322936058044,0.00011493999045342207
153.35665445600898,0.9928600192070007,0.00011537737009348348
153.37708881783328,0.9964130520820618,0.00011552756768651307
153.39752317965758,0.9964905977249146,0.00011554366210475564
153.41795764124254,0.9970037341117859,0.0001154541241703555
153.438392002834,0.9973292946815491,0.00011553378135431558
153.45882626419188,0.9975008964538574,0.00011547480971785262
153.47926062531042,0.9976975321769714,0.0001155766294687055
153.49969508620416,0.9983828663825989,0.00011564140731934458
153.52012934709637,0.9985545873641968,0.00011566322791622952
153.54056370774924,0.9994122982025146,0.00011560795246623456
153.56099816841015,0.999862790107727,0.00011559884296730161
153.5814324288367,1.0001115798950195,0.0001156483922386542
153.60186678902392,1.000769019126892,0.00011571783397812396
153.6223011492184,1.0012210607528687,0.0001157571459771134
153.64273550918006,1.0017067193984985,0.00011579805868677795
153.6631698689016,1.0020465850830078,0.00011575506505323574
153.6836042283976,1.0026723146438599,0.00011582066508708522
153.70403848789283,1.0028990507125854,0.0001158533850684762
153.72447294714948,1.0030062198638916,0.00011578529665712267
153.74490730641264,1.0033870935440063,0.00011583736340980977
153.7653415654422,1.0034171342849731,0.00011585534230107442
153.7857760242332,1.0036101341247559,0.00011590948270168155
153.8062103830307,1.0035731792449951,0.0001159005769295618
153.8266446415946,1.0033643245697021,0.00011582668957998976
153.84707899991918,1.003382921218872,0.00011589247878873721
153.86751345825178,1.0032436847686768,0.00011586663458729163
153.88794771635003,1.0033745765686035,0.0001158724699052982
153.90838207420893,1.003185749053955,0.00011590677604544908
153.92881653207587,1.002471923828125,0.00011582404840737581
153.94925088970922,1.0025873184204102,0.00011582324805203825
153.9696851471017,1.0023239850997925,0.00011575810640351847
153.99011950450222,1.0020962953567505,0.00011586362961679697
154.01055396167067,1.0015575885772705,0.00011569377238629386
154.03098821859749,1.0012660026550293,0.00011577957775443792
154.05142257553234,1.0011100769042969,0.0001157348306151107
154.07185703223513,1.0004260540008545,0.00011569275375222787
154.0922912886963,1.0004838705062866,0.00011576598626561463
154.11272564516548,1.0002038478851318,0.00011566803732421249
154.13316000140185,0.9997931122779846,0.00011569930211408064
154.1535943573981,0.9995060563087463,0.0001156816360889934
154.17402871340164,0.9994282126426697,0.00011569084745133296
154.1944630689395,0.999237060546875,0.00011558345431694761
154.21489742470294,0.9990063309669495,0.0001156778889708221
154.23533178000798,0.9988337159156799,0.0001156460348283872
154.25576613531302,0.9989252090454102,0.00011563694715732709
154.27620039061003,0.9989341497421265,0.00011564683518372476
154.29663484545017,0.9983738660812378,0.000115661729068961
154.31706920028955,0.9981058835983276,0.00011559732956811786
154.3375034551209,0.9983828067779541,0.00011559680569916964
154.35793780949462,0.998345673084259,0.00011555862874956802
154.3783722638691,0.9982634782791138,0.00011556802928680554
154.39880651823478,0.9983252882957458,0.00011564436863409355
154.41924087214284,0.9983611106872559,0.00011555988021427765
154.43967532605166,0.9988795518875122,0.00011561506107682362
154.4601096797196,0.999073326587677,0.00011559572158148512
154.48054393339407,0.9990151524543762,0.00011558712139958516
154.50097828683647,0.9990615844726562,0.00011567231558728963
154.52141274003952,0.9993222951889038,0.00011565980094019324
154.54184699324833,0.9992632269859314,0.00011558277037693188
154.56228134622506,0.9992972016334534,0.00011559374979697168
154.58271579896245,0.9999197125434875,0.00011563585576368496
154.60315005147277,0.9998946785926819,0.00011565123713808134
154.62358440398384,1.0000897645950317,0.00011563271982595325
154.6440187562548,1.0005629062652588,0.00011561850260477513
154.66445310853305,1.0005900859832764,0.00011561287101358175
154.68488746057847,1.0006319284439087,0.00011559015547391027
154.70532181238377,1.0007479190826416,0.00011568067566258833
154.72575626396429,1.0009046792984009,0.00011556711979210377
154.74619051554328,1.001106858253479,0.00011564898886717856
154.76662486688292,1.0017122030258179,0.00011571271170396358
154.78705921822984,1.0020623207092285,0.0001156847647507675
154.80749356934393,1.0023982524871826,0.00011561958672245964
154.82792792021792,1.0024309158325195,0.00011569621710805222
154.84836217086558,1.0026023387908936,0.00011573333904379979
154.86879662151478,1.002862572669983,0.00011572261428227648
154.8892309719231,1.0030176639556885,0.00011572289804462343
154.90966532210587,1.0028148889541626,0.00011558564438018948
154.93009967228863,1.0027371644973755,0.0001156493672169745
154.9505340222313,1.0029518604278564,0.00011567507317522541
154.9709683719484,1.0025969743728638,0.00011556648678379133
154.9914027216655,1.0022586584091187,0.00011554308730410412
155.01183697114175,1.002339243888855,0.00011554863158380613
155.03227142039395,1.0021024942398071,0.00011559910490177572
155.0527057696454,1.002105712890625,0.00011561891733435914
155.07314001866325,1.001487374305725,0.00011569244816200808
155.09357446744252,1.0015110969543457,0.0001155192730948329
155.1140088162283,1.0012410879135132,0.00011555119999684393
155.1344430645404,1.0008946657180786,0.00011556007666513324
155.15487741309335,1.0005440711975098,0.00011558312689885497
155.1753118611814,1.000151515007019,0.00011557897232705727
155.19574620926142,0.9995729923248291,0.00011546553287189454
155.21618045711512,0.9994571208953857,0.00011550942872418091
155.23661480496958,0.9991675615310669,0.00011556171375559643
155.25704925235186,0.9984504580497742,0.00011556020763237029
155.2979178471287,0.997590184211731,0.00011548987095011398
155.31835229404533,0.996713399887085,0.00011536507372511551
155.3387865409677,0.9958466291427612,0.0001153902558144182
155.35922088789084,0.9939312934875488,0.00011532282223924994
155.37965523434104,0.9858533143997192,0.00011482583067845553
155.40008958079852,0.9823575615882874,0.00011464499402791262
155.420523927256,0.9819960594177246,0.00011469723540358245
155.44095827324782,0.9818322062492371,0.00011468606680864468
155.46139271923312,0.9826499223709106,0.00011469374294392765
155.48182696499134,0.9856503009796143,0.00011487859592307359
155.50226131074305,0.9937065243721008,0.00011536475358298048
155.52269555626845,0.9964345097541809,0.00011548730981303379
155.54313000156253,0.9965713024139404,0.00011551803618203849
155.58399859167548,0.9970110058784485,0.0001154726414824836
155.6044330365039,0.9975222945213318,0.00011551120405783877
155.62486738109146,0.9981408715248108,0.00011554860975593328
155.6453017256863,0.9985823035240173,0.00011556883691810071
155.66573597004754,0.9991274476051331,0.00011560045822989196
155.68617041417747,0.9991968274116516,0.00011557330435607582
155.70660475829936,0.9994829893112183,0.00011560595157789066
155.72703900219494,1.0000975131988525,0.00011566580360522494
155.74747334585845,1.00053071975708,0.0001157231381512247
155.76790778928262,1.001140832901001,0.00011575655662454665
155.78834203271254,1.0011564493179321,0.0001157342703663744
155.80877637591038,1.00162672996521,0.00011575551616260782
155.82921081910172,1.0020709037780762,0.00011574891686905175
155.84964506183314,1.0024622678756714,0.00011582444130908698
155.87007940456533,1.0026644468307495,0.00011579985584830865
155.89051374729024,1.0036307573318481,0.0001158615414169617
155.91094818955753,1.0031392574310303,0.00011586178879952058
155.9313824318233,1.003514051437378,0.00011583046580199152
155.9518167738497,1.0034586191177368,0.00011584868479985744
155.97225121588417,1.0035151243209839,0.00011584693857003003
155.992685457677,1.00321364402771,0.0001158910890808329
156.01311979924503,1.0035362243652344,0.00011584434105316177
156.03355404057947,1.003524661064148,0.00011573446681722999
156.05398848191544,1.0031483173370361,0.00011579481360968202
156.07442282301054,1.0029582977294922,0.00011587728658923879
156.09485716388008,1.0029250383377075,0.00011574831296456978
156.11529150474234,1.002657413482666,0.00011577623808989301
156.13572584537906,1.002478837966919,0.00011580470891203731
156.15616018578294,1.0017764568328857,0.00011566963803488761
156.17659442618606,1.0018870830535889,0.00011576513497857377
156.1970288663506,1.001753807067871,0.00011569238995434716
156.2174632062888,1.001344084739685,0.00011567540786927566
156.23789744599344,1.0011627674102783,0.00011579743295442313
156.25833178569155,1.0006957054138184,0.00011571137292776257
156.27876622516487,1.000420093536377,0.00011568424088181928
156.29920046440384,1.0001499652862549,0.00011567882029339671
156.3196348036363,0.9999287128448486,0.00011567302135517821
156.34006924264395,0.9998906254768372,0.0001156788130174391
156.36050348141725,0.9998471140861511,0.0001156700964202173
156.3809378199512,0.9994485378265381,0.00011565163003979251
156.40137215849245,0.999103307723999,0.00011551596981007606
156.42180659680162,0.9991922974586487,0.00011569548223633319
156.44224083510198,0.9987655878067017,0.00011562387953745201
156.46267517294473,0.9982423186302185,0.00011561741848709062
156.48310961078096,0.9979978799819946,0.00011555953096831217
156.5035438483901,0.9978591799736023,0.00011560312850633636
156.52397818600002,0.9978766441345215,0.00011558880942175165
156.5444125233771,0.9980165362358093,0.0001155854988610372
156.56484686051408,0.9980465173721313,0.00011566308239707723
156.5852811974255,0.9985502362251282,0.00011561061546672136
156.60571553433692,0.9988767504692078,0.00011558502592379227
156.62614987100824,0.9988514184951782,0.00011557644756976515
156.646584207454,0.998774528503418,0.00011563882435439155
156.66701854389976,0.9987077116966248,0.00011564212763914838
156.6874528801054,0.9992997050285339,0.00011569246998988092
156.7078872160855,0.9992698431015015,0.00011567703768378124
156.7283215520656,0.9997355341911316,0.0001156843572971411
156.74875588757277,0.999736487865448,0.00011567828914849088
156.76919012308645,1.0000011920928955,0.00011568376794457436
156.78962455860164,1.0003281831741333,0.00011571599316084757
156.81005889364314,1.0004534721374512,0.00011575486132642254
156.83049322869192,1.0007960796356201,0.00011572027869988233
156.85092756350787,1.0009863376617432,0.0001156997968791984
156.87136189831654,1.0013606548309326,0.00011565441673155874
156.89179623289965,1.0014182329177856,0.00011574705422390252
156.91223046724917,1.001868724822998,0.00011582274601096287
156.9326649013601,1.0023139715194702,0.00011586071195779368
156.95309923547757,1.0024296045303345,0.00011580371210584417
156.9735334691286,1.0025218725204468,0.00011581758735701442
156.9939679030067,1.0026862621307373,0.0001158488739747554
157.01440223642567,1.0029975175857544,0.00011578667908906937
157.03483646984387,1.0028893947601318,0.00011590178473852575
157.05527080302272,1.0028471946716309,0.00011587081826291978
157.07570523597678,1.0028260946273804,0.00011585116590140387
157.09613946892932,1.0025659799575806,0.00011587028711801395
157.11657380164252,1.0027132034301758,0.00011585179890971631
157.13700823413092,1.002389907836914,0.00011586844630073756
157.15744256638573,1.002211570739746,0.00011583390005398542
157.1778767986325,1.0019242763519287,0.00011581942089833319
157.19831113065447,1.0018320083618164,0.00011579700367292389
157.21874556244438,1.0013006925582886,0.0001158415325335227
157.2391797942255,1.0011591911315918,0.0001158018785645254
157.2596141257818,1.0007855892181396,0.00011576640099519864
157.2800484571053,1.0007814168930054,0.00011573645315365866
157.30048278818867,1.000856876373291,0.00011573228402994573
157.32091711927933,1.00025475025177,0.00011574295058380812
157.34135145013715,0.9998351335525513,0.00011571394134080037
157.36178578075487,0.9995248317718506,0.00011576444376260042
157.38222011137987,0.9991769790649414,0.00011573793744901195
157.40265444177203,0.9986241459846497,0.00011571175855351612
157.4230886719306,0.9981103539466858,0.00011565729801077396
157.4435231018506,0.9977362155914307,0.00011563825682969764
157.4639574317771,0.9970404505729675,0.00011566842294996604
157.48439166146272,0.995918333530426,0.0001156170983449556
157.50482609092433,0.9938285946846008,0.00011542821448529139
157.52526042015234,0.9859787225723267,0.00011499108222778887
157.5456946493723,0.9827021956443787,0.00011489652388263494
157.5661289783675,0.9823462963104248,0.00011485624418128282
157.5865634071306,0.9822337627410889,0.00011482354602776468
157.6069976358849,0.98349529504776,0.00011486985749797896
157.62743196441443,0.9863411784172058,0.00011504490248626098
157.64786639271188,0.994373083114624,0.00011546716268640012
157.66830072076846,0.9972091913223267,0.00011559698032215238
157.68873494883155,0.9973312020301819,0.00011565026215976104
157.70916927666258,0.997540295124054,0.00011562687723198906
157.72960370425426,0.9978875517845154,0.00011564179294509813
157.7500379318517,0.9983318448066711,0.00011562267900444567
157.77047225898423,0.9985690712928772,0.00011565739987418056
157.79090668634308,0.9988975524902344,0.000115733957500197
157.81134091324202,0.9995155334472656,0.0001157457591034472
157.8317752399089,0.9999405741691589,0.0001157229344244115
157.8522095665685,1.000325322151184,0.00011569874914130196
157.87264389300253,1.0007519721984863,0.00011567941692192107
157.89307821943657,1.0008987188339233,0.00011574423115234822
157.91351254539768,1.0015661716461182,0.00011581033322727308
157.9339467713653,1.0021100044250488,0.00011576594988582656
157.95438119733444,1.0024837255477905,0.00011584586172830313
157.97481552282989,1.0026826858520508,0.00011583726882236078
157.99524974833184,1.0030068159103394,0.00011586059554247186
158.0156841736025,1.003529667854309,0.00011587409971980378
158.03611849863228,1.0037332773208618,0.00011586848995648324
158.05655272366857,1.004254698753357,0.0001158992454293184
158.07698704823997,1.0043325424194336,0.00011590090434765443
158.09742147280485,1.004398226737976,0.0001159221792477183
158.11785579737625,1.0040348768234253,0.00011592080409172922
158.13829002148123,1.0042455196380615,0.00011592945520533249
158.15872444558045,1.0040919780731201,0.00011589760833885521
158.17915876945335,1.0040066242218018,0.00011592099326662719
158.1995929933255,1.0038728713989258,0.00011581651779124513
158.22002731672546,1.0039080381393433,0.00011586504842853174
158.24046174013347,1.0034427642822266,0.00011571097275009379
158.28133028648153,1.0034102201461792,0.00011578465637285262
158.3017647094166,1.0024747848510742,0.00011579490819713101
158.32219903212535,1.0020196437835693,0.0001157790029537864
158.34263325459324,1.0019091367721558,0.00011583117884583771
158.36306757683633,1.0013877153396606,0.00011563697626115754
158.38350199908018,1.0010067224502563,0.00011560489656403661
158.40393632108317,1.0007946491241455,0.00011565507156774402
158.42437054309266,1.0003455877304077,0.00011569733760552481
158.44480486463726,1.000020980834961,0.00011567937326617539
158.46523928617535,0.9996580481529236,0.00011568408808670938
158.48567350748635,0.9994255304336548,0.00011570883361855522
158.5061078285653,0.9989458322525024,0.00011558294499991462
158.5265422496377,0.9987967610359192,0.00011564914893824607
158.54697647048306,0.9986103773117065,0.00011563283624127507
158.56741079109634,0.9983228445053101,0.00011562754662008956
158.5878451114695,0.9974657893180847,0.0001155599529738538
158.60827943184995,0.9974079728126526,0.00011556421668501571
158.62871375199757,0.9969091415405273,0.00011556160461623222
158.64914807191235,0.9963002800941467,0.00011554088268894702
158.6695824915878,0.9967679381370544,0.00011554114462342113
158.69001671126898,0.9965474605560303,0.00011555643868632615
158.71045103071083,0.996757984161377,0.00011559944687178358
158.73088524992636,0.9973165988922119,0.0001156278231064789
158.7513196691434,0.9974195957183838,0.00011557290417840704
158.77175398789404,0.9972937107086182,0.00011557443212950602
158.7921883066374,0.9974669814109802,0.00011560782877495512
158.8126226251552,0.9979544281959534,0.00011559043923625723
158.83305694366572,0.9981823563575745,0.00011559804261196405
158.8534912619507,0.9983931183815002,0.00011567222099984065
158.87392548000207,0.9987544417381287,0.00011560967686818913
158.89435989782214,0.9990268349647522,0.00011565438035177067
158.91479421540134,0.9993526339530945,0.00011558499681996182
158.93522843298706,0.9994840025901794,0.00011568979971343651
158.9556628503342,0.9998918175697327,0.00011569711932679638
158.976097167455,1.0003796815872192,0.00011571983486646786
158.99653138457506,1.0006734132766724,0.00011569533671718091
159.01696570123022,1.0010905265808105,0.00011572335642995313
159.03740011787886,1.0014808177947998,0.0001158055238192901
159.05783433453325,1.0018768310546875,0.00011578096018638462
159.07826865072275,1.0019290447235107,0.0001156965663540177
159.09870296690497,1.0019787549972534,0.00011578213889151812
159.1191373828624,1.0024309158325195,0.0001158517407020554
159.13957159858546,1.002343773841858,0.00011592274677241221
159.16000591430202,1.0023398399353027,0.00011577380064409226
159.18044032956095,1.0024443864822388,0.00011579830606933683
159.2008745448111,1.0025837421417236,0.00011584346066229045
159.22130885983643,1.0023373365402222,0.00011580292630242184
159.241743074861,1.0023002624511719,0.00011565505701582879
159.26217748965428,1.0021190643310547,0.00011575015378184617
159.28261180420668,1.0020039081573486,0.00011586686741793528
159.30304611853353,1.001955270767212,0.00011583381274249405
159.32348043262027,1.001604437828064,0.00011575579992495477
159.3439147467143,1.001185655593872,0.00011577196710277349
159.36434906057548,1.0009260177612305,0.00011567247565835714
159.38478327420307,1.0008533000946045,0.00011574700329219922
159.40521768782492,1.0002145767211914,0.00011561531573534012
159.4256520009876,0.9999500513076782,0.00011559577251318842
159.44608621414955,0.9994970560073853,0.00011560988787095994
159.46652062730573,0.9992309212684631,0.00011568946501938626
159.48695494000276,0.9987664818763733,0.00011564087617443874
159.50738915269903,0.9982542991638184,0.00011563036969164386
159.52782346515596,0.9977816939353943,0.0001155323552666232
159.5482578773881,0.9972426891326904,0.0001154778728960082
159.56869208938588,0.9968462586402893,0.00011554142110981047
159.58912640137714,0.9965482354164124,0.00011548235488589853
159.60956071314286,0.9962787628173828,0.00011556301615200937
159.6299951246765,0.995399534702301,0.00011547631584107876
159.6504293359685,0.9922103881835938,0.0001152626282419078
159.67086364726856,0.9841572642326355,0.00011483251728350297
159.69129805832927,0.9815706014633179,0.00011468993034213781
159.7117322691629,0.9809327125549316,0.00011474646453280002
159.73216657976445,0.9806109070777893,0.00011465999705251306
159.752600890366,0.9818258285522461,0.00011474156781332567
159.77303520049463,0.9854382276535034,0.00011485820141388103
159.79346951086336,0.9932596683502197,0.00011527855531312525
159.81390382076643,0.9957168102264404,0.00011536742385942489
159.8343381304294,0.9960228800773621,0.00011541964340722188
159.85477244009962,0.9963082075119019,0.00011540224659256637
159.87520674953703,0.9967198371887207,0.00011538719991222024
159.89564095873357,0.99729984998703,0.00011544706649146974
159.9160753679389,0.9977769255638123,0.00011545736197149381
159.93650967691065,0.9981206059455872,0.00011549645569175482
159.95694398564228,0.9987298846244812,0.00011552285286597908
159.97737829414837,0.9993573427200317,0.00011549058399396017
159.99781260242162,1.0000673532485962,0.00011571063805604354
160.0182469106876,1.0002543926239014,0.0001156149446615018
160.03868121872802,1.001168131828308,0.0001155326099251397
160.0591155265356,1.0013949871063232,0.00011555465607671067
160.0795498341031,1.0020159482955933,0.00011562005965970457
160.09998414167785,1.002359390258789,0.00011568053741939366
160.12041834901902,1.0027401447296143,0.00011576063116081059
160.1408527561216,1.0033622980117798,0.00011572403309401125
160.16128706299787,1.0036790370941162,0.00011582196020754054
160.18172126987338,1.0039035081863403,0.00011577906843740493
160.2021556765103,1.0039869546890259,0.00011578140401979908
160.2225899829209,1.0043301582336426,0.00011586036998778582
160.24302418909792,1.0044981241226196,0.00011584761523408815
160.2634584950356,1.0046716928482056,0.00011580571299418807
160.2838929009813,1.0046335458755493,0.00011576910765143111
160.30432710669265,1.0045112371444702,0.00011584526509977877
160.32476141216466,1.0045727491378784,0.00011577289114939049
160.34519581741188,1.0045998096466064,0.00011571701179491356
160.36563012265833,1.0044000148773193,0.0001158497907454148
160.38606432766392,1.0040360689163208,0.00011579173587961122
160.4064986324447,1.0040557384490967,0.00011570619244594127
160.42693303699343,1.0034602880477905,0.00011578496196307242
160.44736724153336,1.003214955329895,0.00011567555338842794
160.4678015458485,1.0029741525650024,0.00011567191540962085
160.48823594993155,1.0023038387298584,0.00011578323756111786
160.50867015377298,1.0020533800125122,0.00011573045776458457
160.52910445738962,1.00154447555542,0.00011570561764528975
160.54953876100626,1.0011762380599976,0.00011571983486646786
160.5699730643828,1.0010488033294678,0.00011570121569093317
160.59040736753377,1.0003399848937988,0.00011562145664356649
160.61084167045192,0.9998571276664734,0.0001155990466941148
160.6312758733693,0.9994619488716125,0.00011563559382921085
160.6517102760481,0.9992510080337524,0.00011550758790690452
160.6721445785006,0.9986756443977356,0.0001154300625785254
160.6925787807122,0.9983985424041748,0.00011545055895112455
160.71301318293263,0.9981560111045837,0.00011557853576960042
160.73344748468662,0.9977090358734131,0.0001154344790847972
160.75388168643258,0.9971627593040466,0.00011549186456250027
160.77431598818657,0.997045636177063,0.0001154917263193056
160.79475038947567,0.9966773986816406,0.00011544860899448395
160.81518469075672,0.9966232776641846,0.00011543471919139847
160.83561889157863,0.9964423179626465,0.00011545788584044203
160.85605329240207,0.996802806854248,0.00011547133181011304
160.87648759321746,0.9971585869789124,0.0001155151694547385
160.8969217935737,0.9970669150352478,0.0001155143982032314
160.91735609393072,0.9974808096885681,0.00011552830983418971
160.9377904940484,0.9973025321960449,0.00011551380157470703
160.95822469393897,0.9979400634765625,0.00011555910896277055
160.9786589935975,0.9978221654891968,0.00011563516454771161
160.9990933932495,0.9980506300926208,0.00011563679436221719
161.01952759267442,0.998246967792511,0.00011559214908629656
161.03996189186728,0.9982452392578125,0.0001155866848421283
161.06039619082003,0.9988362193107605,0.0001156285434262827
161.08083048978006,0.9991515874862671,0.00011566386092454195
161.10126478827442,0.999417245388031,0.00011569437629077584
161.1216990867615,0.9996259808540344,0.00011570786591619253
161.1421334850238,1.000139594078064,0.0001156154612544924
161.16256768328458,1.000367283821106,0.000115720416943077
161.18300198107318,1.000693917274475,0.00011574618838494644
161.2034361788683,1.0007392168045044,0.00011565559543669224
161.2238705764321,1.0010766983032227,0.00011581189028220251
161.26473917108524,1.0018187761306763,0.00011576614633668214
161.28517336794903,1.0016196966171265,0.00011576018732739612
161.30560776480706,1.0019561052322388,0.00011580586578929797
161.32604206143878,1.0019609928131104,0.0001157463266281411
161.34647625806974,1.0022668838500977,0.00011578507110243663
161.3669106542293,1.0021923780441284,0.00011585364700295031
161.38734495039535,1.002453327178955,0.00011582745355553925
161.4077791463278,1.0023698806762695,0.00011576982797123492
161.42821344202093,1.0021700859069824,0.00011584340973058715
161.44864783748926,1.0017638206481934,0.00011581436410779133
161.46908203295607,1.0016103982925415,0.00011581762373680249
161.4895163281908,1.0012997388839722,0.00011578107660170645
161.5099507231862,1.0009660720825195,0.00011575744429137558
161.5303849179545,1.0008013248443604,0.00011577678378671408
161.55081921248347,1.0005643367767334,0.00011573405208764598
161.57125350701972,0.9997481107711792,0.00011569848720682785
161.5916879013239,0.9994837045669556,0.00011564647138584405
161.61212209539372,0.9990106225013733,0.00011569831985980272
161.6325563892242,0.9985699653625488,0.0001156675789388828
161.6529907830627,0.9979800581932068,0.00011552193609531969
161.67342507642752,0.9972516298294067,0.00011556874233065173
161.69385926979885,0.9970332384109497,0.00011554721277207136
161.71429356317094,0.9965266585350037,0.00011560750135686249
161.73472795607086,0.9960551857948303,0.00011556793469935656
161.7551621487437,0.9952835440635681,0.00011549587361514568
161.7755964414173,0.9949082732200623,0.00011551474744919688
161.79603073385078,0.9913293719291687,0.00011526617890922353
161.81646502605872,0.9841524362564087,0.00011486520816106349
161.83689931826666,0.9812465310096741,0.00011471438483567908
161.85733361000894,0.9809856414794922,0.00011469657329143956
161.8777680017447,0.9805642366409302,0.00011471744801383466
161.89820219325338,0.9874469041824341,0.00011480438843136653
161.91863648452272,0.9841029047966003,0.00011499138781800866
161.93907067556574,0.9931834936141968,0.0001153472694568336
161.9595050666103,0.9962459206581116,0.00011543565051397309
161.97993935742124,0.9960386753082275,0.000115483213448897
162.0003736479921,0.9958990812301636,0.00011556519893929362
162.02080793833738,0.9963804483413696,0.00011557353718671948
162.04124222844257,0.9970687627792358,0.00011563443695195019
162.06167651855503,0.9975032210350037,0.00011565503518795595
162.0821107084339,0.9980668425559998,0.00011569725029403344
162.10254509808146,0.9985665678977966,0.00011569340131245553
162.12297938748816,0.9991035461425781,0.00011572609946597368
162.14341357690137,0.9996458292007446,0.00011577736586332321
162.16384796584316,1.0001041889190674,0.00011575153621379286
162.18428225479147,1.0007458925247192,0.00011580934369703755
162.2047164435062,1.0011323690414429,0.00011581939179450274
162.22515073198883,1.0020235776901245,0.00011587247718125582
162.24558512046497,1.0023934841156006,0.00011588714551180601
162.2660193084812,1.002646803855896,0.00011590233771130443
162.28645359649818,1.0030791759490967,0.00011588509369175881
162.30688798427582,1.0035185813903809,0.00011591691873036325
162.32732227182714,1.0041382312774658,0.00011594588431762531
162.3477564593777,1.0039207935333252,0.00011592459486564621
162.36819074668892,1.004331111907959,0.00011598930723266676
162.38862513354252,1.004302978515625,0.00011596794502111152
162.4090593203873,1.0045936107635498,0.0001159587554866448
162.42949360724015,1.004952073097229,0.00011598148557823151
162.44992779362656,1.0047824382781982,0.00011595155956456438
162.4703621800145,1.0042704343795776,0.00011597632692428306
162.49079646592872,1.0043658018112183,0.00011597124830586836
162.51123015185294,1.004151701927185,0.0001159225867013447
162.53166453776794,1.003930687904358,0.00011589304631343111
162.55209872322303,1.0034234523773193,0.00011590562644414604
162.5725330086716,1.0032235383987427,0.00011586913024075329
162.5929672936618,1.0029839277267456,0.00011586819891817868
162.61340167865274,1.0026248693466187,0.00011586951586650684
162.63383586364216,1.0020698308944702,0.00011585120228119195
162.6542701481594,1.0015826225280762,0.00011581502621993423
162.6747045326847,1.001139760017395,0.00011577561963349581
162.69513871673553,1.0018185377120972,0.0001158145532826893
162.7155730007944,1.0006104707717896,0.00011570257629500702
162.73600728462043,1.0002027750015259,0.0001157205697381869
162.75644156844646,0.9996740221977234,0.00011567013280000538
162.77687585179956,0.9991054534912109,0.00011569038906600326
162.79731013515993,0.9989106059074402,0.000115637005364988
162.8177444182802,0.9983137845993042,0.00011559793347259983
162.8381787011749,0.997769832611084,0.0001156215657829307
162.8586129838368,0.9975271224975586,0.00011549189366633072
162.8790471664979,0.9970608353614807,0.00011558448750292882
162.89948154892045,0.9961954355239868,0.00011537779937498271
162.91991583111667,0.9963427782058716,0.00011541746789589524
162.9403500130793,0.996306836605072,0.00011541822459548712
162.96078429480258,0.9960687160491943,0.00011539745173649862
162.98121867630107,0.9960671663284302,0.00011546259338501841
163.00165285779804,0.9959611892700195,0.00011540573905222118
163.02208713905566,0.9968429803848267,0.00011552140495041385
163.04252152008848,0.9969286322593689,0.0001154876226792112
163.06295580088045,0.9968854188919067,0.00011550174531294033
163.0833899814461,0.9973146915435791,0.00011544285371201113
163.1038242620125,0.9972313642501831,0.00011549267946975306
163.12425864234683,0.9975780844688416,0.00011551227362360805
163.14469282243954,0.9980087876319885,0.0001155042918981053
163.16512710230745,0.9982860088348389,0.00011560464918147773
163.18556148193602,0.9985141754150391,0.00011558233381947502
163.20599566157034,0.9983633756637573,0.00011555835953913629
163.22642994073976,0.9992502331733704,0.00011560421262402087
163.24686421990918,0.9997169375419617,0.00011558100959518924
163.2672984988385,0.9999866485595703,0.00011557101242942736
163.2877327777751,1.0002847909927368,0.00011552623618626967
163.30816705624602,1.0006167888641357,0.00011561330029508099
163.32860143471044,1.0014387369155884,0.00011558902042452246
163.34903561271494,1.0015019178390503,0.00011561984865693375
163.3694698907202,1.0018174648284912,0.0001156704020104371
163.38990406871744,1.002155065536499,0.00011575767712201923
163.4103384462578,1.002673625946045,0.00011577884288271889
163.4307727235646,1.0030404329299927,0.00011561487190192565
163.45120690086333,1.003108024597168,0.00011566641478566453
163.47164127793803,1.003375768661499,0.00011569443449843675
163.49207555477915,1.0036145448684692,0.00011578764679143205
163.51250983138016,1.003624677658081,0.00011566148896235973
163.53294400798768,1.0037786960601807,0.0001157392980530858
163.5533783841238,1.0036015510559082,0.00011576902033993974
163.5738126602664,1.0037941932678223,0.00011575644748518243
163.59424683617544,1.003187894821167,0.00011571288632694632
163.6146811118524,1.002883791923523,0.00011575809912756085
163.63511548752285,1.0023216009140015,0.00011562887812033296
163.6555496627334,1.0021787881851196,0.0001156245925812982
163.6759839379447,1.0016742944717407,0.00011553949298104271
163.69641831291665,1.0012989044189453,0.00011556628305697814
163.71685248766153,1.0006176233291626,0.00011541584535734728
163.73728676217434,0.9997990727424622,0.00011542092397576198
163.75772103667987,0.9993243217468262,0.00011540003470145166
163.77815531072702,0.9987202286720276,0.0001154984493041411
163.79858958477416,0.9980995655059814,0.00011539037950569764
163.8190238585812,0.9976664185523987,0.00011532119970070198
163.83945823216345,0.9971561431884766,0.00011526476009748876
163.85989240551135,0.9965731501579285,0.00011519571853568777
163.88032667885273,0.9962447285652161,0.00011528017785167322
163.90076085173496,0.9957348704338074,0.00011528214236022905
163.9211952246187,0.9952607750892639,0.00011513002391438931
163.9416294972616,0.9905351400375366,0.00011487950541777536
163.96206376967893,0.9826423525810242,0.00011459867528174073
163.98249804209627,0.9798883199691772,0.0001144927809946239
164.00293231404066,0.9792794585227966,0.00011433121835580096
164.02336658599233,0.9801799058914185,0.00011454511695774272
164.04380075771041,0.9808418154716492,0.00011445048585301265
164.0642351291899,0.9846847057342529,0.00011471307516330853
164.0846694004431,0.9921526312828064,0.00011502164124976844
164.10510367146344,0.9944431185722351,0.00011503827408887446
164.12553784247575,0.9947634339332581,0.00011519507097546011
164.14597221326403,0.995033323764801,0.00011507166345836595
164.16640638381796,0.9953651428222656,0.00011508337775012478
164.18684065413254,0.99556964635849,0.00011511533375596628
164.20727502422233,0.9962379932403564,0.00011510885815368965
164.24814346392668,0.9977623820304871,0.00011521064152475446
164.26857773355005,0.9983227252960205,0.00011531580821610987
164.28901200294058,0.9989615678787231,0.00011507721501402557
164.309446272091,0.999528706073761,0.00011534086661413312
164.32988054101588,1.0003269910812378,0.00011527567403391004
164.3503149097087,1.001071810722351,0.00011546321184141561
164.37074917839345,1.0013562440872192,0.00011540240666363388
164.3911833468519,1.0017691850662231,0.00011536561942193657
164.41161761507828,1.0024830102920532,0.00011561570863705128
164.43205188306456,1.0030367374420166,0.00011550164344953373
164.45248615082528,1.003499984741211,0.00011561000428628176
164.47292041835317,1.0034195184707642,0.0001155874997493811
164.49335478587454,1.0035390853881836,0.00011552565410966054
164.51378895316884,1.003909945487976,0.00011568643094506115
164.53422322023107,1.0039643049240112,0.00011567937326617539
164.5546574870532,1.0039476156234741,0.00011561794963199645
164.57509175364976,1.0037449598312378,0.00011556428216863424
164.59552602024633,1.0037528276443481,0.00011554707452887669
164.61596028636995,1.0036194324493408,0.00011556372191989794
164.6363944525001,1.0035200119018555,0.00011544216249603778
164.65682881839894,1.0034546852111816,0.00011551600618986413
164.6772630840569,1.003252387046814,0.00011553000513231382
164.69769734948932,1.0028891563415527,0.00011556582467164844
164.71813161492173,1.002731442451477,0.00011546169844223186
164.7385658798812,1.002489686012268,0.00011545911547727883
164.75900014484796,1.0022207498550415,0.00011537977115949616
164.77943430958112,1.001916766166687,0.00011535443627508357
164.7998686740757,1.001295804977417,0.00011541195272002369
164.82030293834396,1.000934362411499,0.00011540242849150673
164.84073710237863,1.000405192375183,0.00011535739758983254
164.86117146640754,0.99982750415802,0.00011533979704836383
164.88160573021014,0.9980557560920715,0.00011510332114994526
164.90203989354632,0.9987154006958008,0.00011521496344357729
164.92247415687598,0.9972647428512573,0.00011509679461596534
164.94290852021368,0.9972130060195923,0.00011515464575495571
164.9633426830842,0.9966898560523987,0.00011510774493217468
164.98377694572264,0.9964777827262878,0.00011525391892064363
169.76535847008927,1.0003902912139893,0.00011519456165842712
169.7857927849982,1.0002516508102417,0.00011521886335685849
169.80622689967277,1.0009721517562866,0.00011525638547027484
169.82666121387592,1.0012128353118896,0.00011527408059919253
169.84709532808483,1.0017257928848267,0.00011529363109730184
169.86752964206244,1.0019397735595703,0.00011537704995134845
169.8879637557984,1.0023478269577026,0.00011536601959960535
169.9083979693096,1.0022592544555664,0.00011541033018147573
169.9288322825887,1.002882719039917,0.00011540997365955263
169.949266395859,1.0029178857803345,0.00011542270658537745
169.9697006086717,1.0023672580718994,0.00011538715625647455
169.99013492125232,1.0021902322769165,0.00011543348955456167
170.0105691338249,1.002060055732727,0.00011539135448401794
170.03100324593834,1.0016655921936035,0.00011543702566996217
170.05143745805253,1.0015456676483154,0.00011541748244781047
170.07187166992662,1.0010920763015747,0.00011541458661668003
170.09230588157516,1.000548243522644,0.00011537518003024161
170.11274009299086,0.9999984502792358,0.0001154029814642854
170.13317440416722,0.9995707869529724,0.00011535971862031147
170.15360861511726,0.9991482496261597,0.00011535367229953408
170.19447693631082,0.9985232949256897,0.0001153636840172112
170.2149111467952,0.9979109764099121,0.00011534001532709226
170.23534535681392,0.9976157546043396,0.00011534497753018513
170.25577956682537,0.9970682859420776,0.00011530498159117997
170.2762138763792,0.9969134330749512,0.00011533685028553009
170.2966479859315,0.9965075850486755,0.00011531130439834669
170.31708219524444,0.9964119791984558,0.00011529932089615613
170.33751640433184,0.9959957003593445,0.00011529366747708991
170.3579506131864,0.9959414601325989,0.00011526617890922353
170.37838482180086,0.9905030131340027,0.00011506315786391497
170.39881903018977,0.9835290908813477,0.00011467666627140716
170.4192533383466,0.9817894101142883,0.00011462227848824114
170.43968744626181,0.9816171526908875,0.00011457774235168472
170.46012165395223,0.9815598726272583,0.0001146216454799287
170.48055576164188,0.9827717542648315,0.0001146467329817824
170.50099006886012,0.9874364733695984,0.00011491000623209402
170.52142427608487,0.9954779744148254,0.00011528196046128869
170.54185838307603,0.9968072175979614,0.0001153956472990103
170.56229268959578,0.9973742961883545,0.00011539855040609837
170.58272689612204,0.9969663619995117,0.00011538908438524231
170.60316110241547,0.997832179069519,0.0001154269339167513
170.62359520846803,0.997836709022522,0.0001154483761638403
170.64402951429656,0.9983516931533813,0.00011548250040505081
170.6644637198915,0.9985836744308472,0.00011548490874702111
170.68489782524557,0.9987557530403137,0.00011547758913366124
170.70533213060844,0.999436616897583,0.00011553945660125464
170.7257663355049,0.9997161626815796,0.00011552355135791004
170.74620044016046,1.0002288818359375,0.00011554151569725946
170.76663474482484,1.0007240772247314,0.00011558382539078593
170.78706894925563,1.001219630241394,0.00011563068983377889
170.8075030532127,1.0015614032745361,0.00011563083535293117
170.82793725717784,1.0019986629486084,0.00011563699081307277
170.8483715609109,1.0022227764129639,0.00011566499597392976
170.86880566440232,1.002620816230774,0.00011566878674784675
170.88923986766895,1.0029643774032593,0.00011568373156478629
170.9096741707035,1.0037168264389038,0.00011570972856134176
170.9301083734972,1.0035088062286377,0.00011570802598726004
170.95054247606458,1.0040512084960938,0.00011575609823921695
170.9709766783999,1.0040950775146484,0.00011573715164558962
170.9914109807287,1.0044846534729004,0.00011577044642763212
171.01184508259757,1.0045288801193237,0.00011576888937270269
171.0322792842344,1.0046064853668213,0.0001157789010903798
171.0527135858647,1.004642128944397,0.00011578563862713054
171.07314768726792,1.004639744758606,0.00011576851829886436
171.09358188820624,1.004583716392517,0.00011578251724131405
171.1140160891373,1.0044687986373901,0.00011577754776226357
171.1344502898428,1.0042665004730225,0.00011577630357351154
171.15488449031545,1.0040093660354614,0.00011578226258279756
171.175318690548,1.0036660432815552,0.00011574398376978934
171.195752890555,1.003685474395752,0.00011575117969186977
171.21618709032919,1.003064513206482,0.00011572707444429398
171.23662128986325,1.0027682781219482,0.00011573347001103684
171.257055389171,1.0021148920059204,0.000115690563688986
171.27748968824744,1.0017699003219604,0.00011569731577765197
171.29792388731585,1.0015987157821655,0.00011566186731215566
171.3183579859251,1.0010305643081665,0.00011566288594622165
171.33879228453588,1.0008511543273926,0.00011563916632439941
171.35922648267297,1.0004072189331055,0.00011563704174477607
171.37966068081732,1.0001513957977295,0.00011560283019207418
171.4000947787281,0.9999446868896484,0.00011562534200493246
171.42052907640027,0.9995796084403992,0.00011559077393030748
171.4409632736133,0.998997688293457,0.00011552331852726638
171.46139737082558,0.9982066750526428,0.00011546706809895113
171.48183166779927,0.9977024793624878,0.00011546657333383337
171.50226586454664,0.9973453283309937,0.00011544312292244285
171.52269996106043,0.9970608949661255,0.00011543551954673603
171.54313415757497,0.9966875910758972,0.00011542779247974977
171.56356845361734,0.996673583984375,0.00011542358697624877
171.58400254943263,0.9965886473655701,0.00011541885032784194
171.6044367452414,0.9969736933708191,0.00011543809523573145
171.62487104059255,0.9967219233512878,0.00011542713036760688
171.64530513570935,0.9968041181564331,0.00011543909931788221
171.6657393308269,0.9969397783279419,0.00011546217137947679
171.68617352570436,0.9972213506698608,0.00011547456233529374
171.7066078201242,0.9974976778030396,0.00011547467147465795
171.72704191453522,0.9979618787765503,0.00011547927715582773
171.74747610872146,0.9980239272117615,0.00011549215560080484
171.76791040267562,0.9985530376434326,0.00011551329953363165
171.78834449639544,0.9991037845611572,0.0001155511854449287
171.8087786898759,0.999519407749176,0.00011556665413081646
171.82921278313006,1.000016212463379,0.00011559719132492319
171.84964707614563,1.0006258487701416,0.00011563269072212279
171.87008126893488,1.0012205839157104,0.00011564575106604025
171.8905154614913,1.0015578269958496,0.00011568095214897767
171.91094965404773,1.0023258924484253,0.00011570017522899434
171.9313838461312,1.0026463270187378,0.00011574094241950661
171.95181803822197,1.0026817321777344,0.0001157221122412011
171.9722521298463,1.0031949281692505,0.00011579909187275916
171.9926864214649,1.003625512123108,0.00011579221609281376
172.01312061262433,1.003678560256958,0.0001158370214398019
172.033554703783,1.0038026571273804,0.00011582765000639483
172.0539889947031,1.004187822341919,0.00011583826562855393
172.07442318516405,1.0041742324829102,0.00011584300955291837
172.09485727561696,1.0039234161376953,0.00011584793537622318
172.11529146584508,1.0038528442382812,0.00011580370482988656
172.13572575584112,1.0037800073623657,0.00011577914847293869
172.1561599455963,1.0035771131515503,0.00011576908582355827
172.17659403512516,1.003125786781311,0.00011575429380172864
172.19702832442272,1.0028598308563232,0.00011573773372219875
172.2174625134794,1.002226710319519,0.00011572033690754324
172.2378966025426,1.0022002458572388,0.00011574175005080178
172.2583307911409,1.0017023086547852,0.00011571137292776257
172.27876507949986,1.0009655952453613,0.00011567541514523327
172.29919916786457,1.0005404949188232,0.00011565613385755569
172.31963335576438,1.0001220703125,0.00011563866428332403
172.34006764365768,0.9994193911552429,0.00011560536950128153
172.36050173109106,0.9990399479866028,0.00011558677215361968
172.3809359185252,0.9987773299217224,0.0001155877616838552
172.4013701054937,0.9980981349945068,0.00011556273966562003
172.4218042924549,0.997536838054657,0.00011553133663255721
172.44223847919056,0.9974299669265747,0.00011552504292922094
172.4626726656861,0.9968823194503784,0.00011551182979019359
172.48310695195687,0.9968761801719666,0.00011549996997928247
172.50354103776044,0.9960272312164307,0.00011547227768460289
172.52397522356478,0.9906785488128662,0.00011523160355864093
172.54440930936107,0.983710527420044,0.00011490253382362425
172.5648435947005,0.9823168516159058,0.0001148500305134803
172.58527777979907,0.9818341135978699,0.00011482944682938978
172.60571186467132,0.9819687008857727,0.00011483445268822834
172.62614614931226,0.9829652309417725,0.00011489079770399258
172.6465803337196,0.9883450865745544,0.00011512665514601395
172.6670145181197,0.9960851669311523,0.00011546906171133742
172.6874486020606,0.9968565702438354,0.0001154978308477439
172.7078828859958,0.9974351525306702,0.00011552211071830243
172.7283170694718,0.9973828196525574,0.00011552518117241561
172.74875115294708,0.9976291656494141,0.00011554107186384499
172.7691854359582,0.9980520606040955,0.00011554735101526603
172.7896196189613,0.9985091686248779,0.00011558253027033061
172.81005370150524,0.9988616704940796,0.00011560563871171325
172.83048788404994,0.9992831945419312,0.00011562165309442207
172.8509221663553,0.9997997283935547,0.00011564062151592225
172.87135624843359,1.0002729892730713,0.00011566894681891426
172.8917904302798,1.0009267330169678,0.00011569607886485755
172.91222471188667,1.0013766288757324,0.00011571351933525875
172.93265879326646,1.0020390748977661,0.00011574803647818044
172.95309297441418,1.0026366710662842,0.00011577497207326815
172.9735271553218,1.002785086631775,0.00011576629913179204
172.9939614360046,1.0033947229385376,0.0001158113736892119
173.01439551645308,1.0040990114212036,0.00011584983440116048
173.0348296966622,1.0043991804122925,0.00011586162872845307
173.05526397664653,1.004467487335205,0.00011586670734686777
173.07569805662934,1.0048681497573853,0.00011589101632125676
173.09613223613997,1.0050017833709717,0.00011589588393690065
173.11656641542504,1.0049762725830078,0.00011588884808588773
173.13700059471012,1.0053335428237915,0.00011590663780225441
173.17786895234167,1.0052341222763062,0.00011588660709094256
173.19830313069542,1.005431890487671,0.00011589746281970292
173.2187373090419,1.0054762363433838,0.00011589846690185368
173.23917148693,1.0048922300338745,0.00011588502820814028
173.25960556481732,1.0047399997711182,0.00011587086191866547
173.28003984246607,1.004591941833496,0.0001158636441687122
173.3004740198885,1.004351258277893,0.00011587369226617739
173.3209080968445,1.0037914514541626,0.00011584885942284018
173.34134237379476,1.0032901763916016,0.00011583211744436994
173.3617765505187,1.0027834177017212,0.00011580238060560077
173.38221062700904,1.0025516748428345,0.00011581431317608804
173.40264480326005,1.0021737813949585,0.00011577021359698847
173.42307907928625,1.0017269849777222,0.00011575585085665807
173.4435131550781,1.000933051109314,0.00011571376671781763
173.46394733063062,1.0009981393814087,0.00011571809591259807
173.48438160595833,1.0005184412002563,0.00011569182970561087
173.50481578105246,1.000070571899414,0.00011568747868295759
173.52524985613854,0.9995607137680054,0.00011567006731638685
173.545684030767,0.9990779161453247,0.00011564257147256285
173.5661183051634,0.9986236691474915,0.00011561893916223198
173.58655237931816,0.9982215166091919,0.00011560620623640716
173.60698655348097,0.9975656867027283,0.00011557945981621742
173.62742082717887,0.9971476197242737,0.000115563343570102
173.64785490086797,0.9969596862792969,0.00011553788499440998
173.66828907409945,0.9967807531356812,0.0001155435893451795
173.6887232470981,0.996935248374939,0.00011556704703252763
173.70915742008947,0.9967150092124939,0.0001155658537754789
173.7295915928553,0.9972296357154846,0.00011558730329852551
173.75002576515544,0.9974690079689026,0.0001155899662990123
173.77046003744908,0.9975730180740356,0.0001155814461526461
173.79089410928282,0.9974170327186584,0.00011556525714695454
173.8113282811173,0.9980472326278687,0.00011560759594431147
173.83176235271094,0.9982749223709106,0.00011562783038243651
173.85219662408053,0.9984521865844727,0.00011564660962903872
173.8726307949837,0.9987295269966125,0.00011565359454834834
173.89306486587884,0.9989863038063049,0.00011567639012355357
173.91349913654994,0.9993638396263123,0.00011568638728931546
173.93393330698746,0.9996331930160522,0.00011569439084269106
173.95436747718486,1.0000507831573486,0.00011572253424674273
173.97480154715595,1.0005217790603638,0.0001157460137619637
173.99523581689573,1.0010478496551514,0.0001157747974502854
174.01566998639464,1.0015298128128052,0.00011578440899029374
174.03610405566724,1.0019640922546387,0.00011579476995393634
174.05653832470853,1.0026274919509888,0.0001158166560344398
174.07697249350895,1.0031505823135376,0.00011584347521420568
174.09740656231588,1.0033425092697144,0.00011585424363147467
174.11784073065792,1.0036959648132324,0.00011587707558646798
174.1382749987606,1.0036474466323853,0.0001158748782472685
174.15870906663622,1.0041091442108154,0.0001158987870439887
174.1791432345126,1.004096508026123,0.00011588657071115449
174.1995775019168,1.0044511556625366,0.00011591111251618713
174.22001166909467,1.004215121269226,0.00011589123459998518
174.2404457362718,1.0044119358062744,0.000115902628749609
174.26087990297674,1.0042978525161743,0.00011589402129175141
174.2813141694569,1.0040249824523926,0.00011587719927774742
174.30174823593552,1.0037034749984741,0.00011587115295697004
174.32218240194197,1.0037542581558228,0.00011587626067921519
174.34261666795646,1.0029112100601196,0.00011583438026718795
174.36305073350377,1.0023651123046875,0.00011579089186852798
174.38348489904456,1.001941442489624,0.00011578897829167545
174.4039190643598,1.001314401626587,0.00011577154509723186
174.42435322920937,1.0005462169647217,0.00011573299707379192
174.44478739405167,0.9999016523361206,0.00011569321941351518
174.46522155866842,0.9995880126953125,0.00011569068738026544
174.4856557228195,0.9991129040718079,0.00011566084140213206
174.50608998696407,0.9983316659927368,0.00011562527652131394
174.52652405088156,0.9979986548423767,0.00011561178689589724
174.54695821456698,0.9975533485412598,0.00011558653932297602
174.56739237777947,0.9968158602714539,0.00011554981756489724
174.58782654099923,0.9968499541282654,0.0001155580539489165
174.60826070398616,0.9964404106140137,0.00011554902448551729
174.62869486673299,0.9955328106880188,0.00011555079981917515
174.64912902925425,0.994720458984375,0.00011551678471732885
174.6695631915427,0.9899258017539978,0.0001152480544988066
174.68999735359102,0.9833234548568726,0.00011494925274746493
174.7104315154138,0.9819731116294861,0.00011486611765576527
174.73086567700375,0.981837272644043,0.00011486140283523127
174.7512998383536,0.9823547601699829,0.00011487503070384264
174.77173399947787,0.9836041927337646,0.00011495931539684534
174.79216816036933,0.9891816973686218,0.00011521084525156766
174.81260232102068,0.9963759779930115,0.00011552490468602628
174.8330363814457,0.9974021911621094,0.0001155782156274654
174.85347064163943,0.9976425766944885,0.00011557904508663341
174.8739048015923,0.9980189800262451,0.00011559690028661862
174.89433886131883,0.9982708692550659,0.0001156183861894533
174.9147731210469,0.9987245202064514,0.00011563793668756261
174.93520728030126,0.998999834060669,0.00011564348824322224
174.95564143933007,0.9993277788162231,0.0001156620419351384
174.97607549812528,0.9999723434448242,0.00011568460467969999
174.99650975691475,1.0002623796463013,0.00011570176138775423
175.01694391524506,1.000971794128418,0.00011573772644624114
175.0373779733418,1.0019989013671875,0.00011583082959987223
175.05781223143276,1.001847505569458,0.00011578141857171431
175.0782463890646,1.0021973848342896,0.00011578942940104753
175.09868044646282,1.0030766725540161,0.00011582353909034282
175.13954886078864,1.003539800643921,0.00011584208550630137
175.1599829177212,1.0041073560714722,0.00011587874178076163
175.1804170741816,1.004565715789795,0.00011588550842134282
175.2008513304172,1.0048483610153198,0.00011590756184887141
175.2212853866513,1.0052707195281982,0.00011592824012041092
175.24171954242047,1.0054699182510376,0.00011593127419473603
175.26215369818237,1.0057822465896606,0.00011594461830100045
175.28258795348665,1.0060173273086548,0.00011596019612625241
175.30302200878214,1.0058616399765015,0.00011595239629969001
175.32345616385282,1.0058597326278687,0.00011596237891353667
175.3438904184586,1.0053702592849731,0.0001159339735750109
175.3643244730556,1.0051047801971436,0.00011592339433263987
175.38475862719497,1.0048519372940063,0.00011591620568651706
175.40519268133357,1.0049777030944824,0.00011591379006858915
175.42562693500076,1.0041195154190063,0.00011587831977522
175.44606108867447,1.0038342475891113,0.00011586947221076116
175.46649524211534,1.0033200979232788,0.0001158335289801471
175.48692939508328,1.0030217170715332,0.00011582957085920498
175.5073635480585,1.0027114152908325,0.00011582185106817633
175.52779770080087,1.002134919166565,0.00011578340490814298
175.54823175306956,1.001833200454712,0.00011577332770684734
175.56866600534704,1.0013688802719116,0.00011575170356081799
175.58910015739093,1.0005462169647217,0.00011571668437682092
175.60953420920123,1.0004886388778687,0.00011571028881007805
175.6299684605401,0.9999511241912842,0.0001156909711426124
175.6504026118855,0.9996602535247803,0.00011568049376364797
175.67083666299004,0.999290406703949,0.00011565180466277525
175.69127081386978,0.998884379863739,0.0001156390062533319
175.71170506451745,0.9986696839332581,0.00011562688450794667
175.73213921469141,0.9978751540184021,0.00011559289850993082
175.7525732648719,0.9976442456245422,0.00011558715777937323
175.77300751482107,0.9972981214523315,0.00011556757817743346
175.79344166452938,0.9971854090690613,0.00011555503442650661
175.81387571401137,0.9974071383476257,0.00011556597746675834
175.83430986302847,0.9973806738853455,0.00011555925448192284
175.85474411203904,0.99755859375,0.00011557131074368954
175.87517816082254,0.9977779984474182,0.00011558450933080167
175.89561230937397,0.9981509447097778,0.000115602531877812
175.91604655768606,0.9987782835960388,0.00011563143198145553
175.93648060577107,0.9988645315170288,0.00011563073348952457
175.956914753624,0.9988378286361694,0.00011564165470190346
175.9773489012441,0.9994858503341675,0.00011566431930987164
175.99778304862411,0.9998962879180908,0.00011568323679966852
176.01821719554573,1.0005772113800049,0.00011571099457796663
176.03865134246007,1.0008715391159058,0.00011572812218219042
176.05908558914962,1.0014746189117432,0.00011575657845241949
176.0795196356048,1.0015931129455566,0.00011575773532968014
176.09995378182794,1.002271056175232,0.00011577791883610189
176.1203878278102,1.0025547742843628,0.00011580491263885051
176.16125621908577,1.003003478050232,0.00011582807928789407
176.1816902643768,1.0037901401519775,0.00011586494656512514
176.20212450943654,1.0039606094360352,0.00011586820619413629
176.22255865426268,1.0043742656707764,0.00011588548659346998
176.24299279884872,1.004096269607544,0.0001158754457719624
176.26342684320844,1.0045145750045776,0.00011588092456804588
176.28386108732957,1.0047000646591187,0.00011589033238124102
176.3042952312244,1.004788875579834,0.00011590763460844755
176.3247292748856,1.0046577453613281,0.00011590303620323539
176.34516351831553,1.0044883489608765,0.00011589249334065244
176.36559766150458,1.0044949054718018,0.00011589762289077044
176.3860317044673,1.0044105052947998,0.00011590590293053538
176.40646584719798,1.0040943622589111,0.00011587229528231546
176.4269000896893,1.0037387609481812,0.00011586642358452082
176.44733413195354,1.0033440589904785,0.00011583783634705469
176.4677682739857,1.002942681312561,0.00011581614671740681
176.48820251577854,1.0020742416381836,0.00011580003774724901
176.5086365573443,1.0016870498657227,0.00011574800009839237
176.52907069867797,1.0010273456573486,0.00011573783558560535
176.54950483977154,1.000643253326416,0.00011572265793802217
176.56993908064032,0.9999845623970032,0.00011570120113901794
176.59037312127475,0.9996814131736755,0.00011567744513740763
176.61080726166983,0.9988742470741272,0.00011563902080524713
176.63124150184012,0.9982529878616333,0.00011562251893337816
176.65167554177606,0.9976698756217957,0.00011557993275346234
176.67210968147265,0.9974247217178345,0.00011557881953194737
176.69254382094368,0.996910810470581,0.00011554543016245589
176.7129779601819,0.9964746236801147,0.00011553661897778511
176.73341209918,0.9964070916175842,0.00011552573414519429
176.75384623795253,0.9961977601051331,0.00011551162606338039
176.77428037649224,0.9961262345314026,0.00011551083298400044
176.79471451479185,0.9950462579727173,0.00011547617759788409
176.8151486528659,0.989242672920227,0.00011520268890308216
176.83558269070636,0.9828653931617737,0.00011486774019431323
176.8560169280754,0.981936514377594,0.00011482801346573979
176.87645106545096,0.9814879298210144,0.00011480433749966323
176.89688510259293,0.9821159243583679,0.00011483611160656437
176.91731933949632,0.9830576777458191,0.00011488913878565654
176.93775347617338,0.9891095757484436,0.0001151804972323589
176.95818751261686,0.9961402416229248,0.00011550725321285427
176.978621648821,0.9969332218170166,0.00011553115473361686
176.99905588480033,0.9974421858787537,0.00011558276310097426
177.0194899205453,0.9979357719421387,0.00011560164421098307
177.03992405605095,0.9985485672950745,0.00011561926658032462
177.0603582913318,0.9985895156860352,0.00011562334111658856
177.08079242637905,0.9988107681274414,0.0001156232610810548
177.10122646118543,0.9994312524795532,0.00011566612374735996
177.12166059576703,1.0000276565551758,0.00011568239278858528
177.14209482987644,1.0006837844848633,0.00011572039511520416
177.1625288639916,1.001147985458374,0.00011575579992495477
177.1829629978747,1.0013890266418457,0.0001157500155386515
177.20339723152574,1.0020517110824585,0.0001157993174274452
177.22383126493514,1.0025306940078735,0.00011580913269426674
177.24426539811975,1.002820372581482,0.0001158312225015834
177.26469953107153,1.003301978111267,0.00011584370076889172
177.28513366355037,1.003857135772705,0.00011586908658500761
177.30556779603648,1.0045111179351807,0.00011588992492761463
177.32600192828977,1.0049513578414917,0.00011591118527576327
177.3464361603037,1.0052605867385864,0.00011593766248552129
177.36687019209057,1.005275845527649,0.00011593580711632967
177.38730432341254,1.00565505027771,0.00011595815158216283
177.40773835472646,1.005552053451538,0.00011593758244998753
177.42817258581636,1.0056313276290894,0.00011594157695071772
177.44860671667266,1.0055534839630127,0.00011593671661103144
177.46904074705526,1.0054563283920288,0.00011592360533541068
177.48947497744666,1.004878044128418,0.00011591611109906808
177.50990910760447,1.0047863721847534,0.0001159089952125214
177.53034323728934,1.004435658454895,0.00011589014320634305
177.55077726698073,1.0040264129638672,0.00011588173219934106
177.5712114964408,1.003694772720337,0.00011586106847971678
177.5916456254272,1.0035340785980225,0.00011585262109292671
177.61207965442009,1.0030633211135864,0.00011582992738112807
177.63251388318167,1.0023995637893677,0.00011579546116990969
177.65294801146956,1.001871943473816,0.00011578606063267216
177.67338203976396,1.001585602760315,0.00011576759425224736
177.69381616759347,1.0010370016098022,0.00011573066149139777
177.71425039541646,1.000712275505066,0.00011573042866075411
177.73468442301237,1.0002821683883667,0.00011570481728995219
177.75511855014338,0.9997231364250183,0.00011567777255550027
177.77555277726788,0.9992765188217163,0.00011566625471459702
177.79598690393323,0.9990154504776001,0.00011565666500246152
177.81642093059781,0.9987127780914307,0.0001156451107817702
177.83685505679023,0.9982369542121887,0.0001156177168013528
177.85728928299068,0.9982848763465881,0.00011561631981749088
177.87772330872394,0.997661828994751,0.0001155931458924897
177.89815743421786,0.9969092607498169,0.00011554778757272288
177.91859165971982,0.9969260096549988,0.00011556552635738626
177.9390256847546,0.9965049624443054,0.00011553376680240035
177.95945980978286,0.9969237446784973,0.00011556932440726086
177.97989393435273,0.9966777563095093,0.00011554742377484217
178.00032805868977,0.9967319965362549,0.0001155368154286407
178.02076218301954,0.9977242350578308,0.00011559280392248183
178.04119630689092,0.9979380369186401,0.00011560419807210565
178.06163043052948,0.9979653358459473,0.00011562055442482233
178.08206455416075,0.9979227185249329,0.00011561239080037922
178.10249867733364,0.9987361431121826,0.00011564376472961158
178.12293270027294,0.9991605877876282,0.0001156574726337567
178.14336692297366,0.9992325305938721,0.0001156578873633407
178.16380104544805,0.9996130466461182,0.0001156764046754688
178.1842350679217,0.9997442960739136,0.0001156816360889934
178.2046692899239,1.0003646612167358,0.00011571348295547068
178.22510341169982,1.00075364112854,0.0001157198566943407
178.24553743324213,1.0011578798294067,0.0001157476581283845
178.2659715545451,1.0016552209854126,0.0001157624865300022
178.28640577562328,1.0017017126083374,0.00011577034456422552
178.30683989646786,1.0024598836898804,0.00011581052240217105
178.32727391707886,1.0023956298828125,0.00011580772115848958
178.34770813745126,1.0026081800460815,0.00011579764395719394
178.36814225759736,1.0029951333999634,0.00011583414016058668
178.38857627750258,1.0032047033309937,0.00011583890591282398
178.409010397183,1.0034972429275513,0.00011585550964809954
178.42944461663137,1.0032750368118286,0.00011584341700654477
178.44987863584538,1.0036795139312744,0.00011585492029553279
178.47031275482004,1.0034301280975342,0.00011584817548282444
178.49074697333708,1.0035514831542969,0.000115846203698311
178.51118099184532,1.0030943155288696,0.00011582683509914204
178.53161511012877,1.0029213428497314,0.00011581919534364715
178.55204922817938,1.00273597240448,0.00011578711564652622
178.5724833459899,1.0022072792053223,0.00011578822886804119
178.59291746334202,1.0021066665649414,0.00011577739496715367
178.61335158069414,1.0014652013778687,0.0001157564329332672
178.63378579780692,1.0010756254196167,0.00011574978270800784
178.6542198144598,1.0007117986679077,0.00011572740913834423
178.67465393111343,1.0002235174179077,0.00011570698552532122
178.69508804729412,0.999800980091095,0.00011568344052648172
178.7155221634821,0.999125599861145,0.00011563555017346516
178.7359562792044,0.998930037021637,0.00011563929001567885
178.75639039491944,0.9982611536979675,0.00011560449638636783
178.77682451017608,0.9977562427520752,0.00011558041296666488
178.79725862543273,0.9972646236419678,0.00011556604295037687
178.81769274021644,0.9970534443855286,0.00011555311357369646
178.83812685500743,0.996729850769043,0.00011553836520761251
178.85856096933276,0.996444821357727,0.00011550570343388245
178.87899508341798,0.9963985681533813,0.00011551407078513876
178.8994290975097,0.9961326122283936,0.0001154969577328302
178.9198633111373,0.9959705471992493,0.0001154972705990076
178.94029742452403,0.9954104423522949,0.00011542219726834446
178.9607315376852,0.9892634749412537,0.00011513219214975834
178.98116555084562,0.9830334782600403,0.00011484290735097602
179.0015997635346,0.9817174077033997,0.0001147753355326131
179.0220338759973,0.9817056655883789,0.00011478017404442653
179.04246788822638,0.9816738367080688,0.0001147937509813346
179.0629021002169,0.9836333394050598,0.00011485601862659678
179.08333621198108,0.988391637802124,0.00011516903032315895
179.12420433480293,0.9972055554389954,0.00011554380762390792
179.14463854586938,0.9977670311927795,0.00011558572441572323
179.16507265670225,0.9982413649559021,0.0001155786812887527
179.18550666730152,0.9984028339385986,0.00011560501297935843
179.20594087766221,0.9989181756973267,0.0001156094076577574
179.22637498756376,0.9995927810668945,0.000115677532448899
179.24680899745726,1.0000234842300415,0.00011570981587283313
179.26724310712598,1.0010249614715576,0.00011573612573556602
179.28767731656262,1.00142240524292,0.00011577174882404506
179.30811132553208,1.0016626119613647,0.00011577479017432779
179.32854543449503,1.002506971359253,0.00011581851867958903
179.34897954323242,1.0028318166732788,0.0001158509257948026
179.36941375149763,1.0033950805664062,0.00011588156485231593
179.41028186757467,1.0040372610092163,0.00011590905342018232
179.43071607537422,1.004479169845581,0.00011593904491746798
179.45115008271387,1.0044969320297241,0.00011593127419473603
179.47158419005427,1.0050827264785767,0.00011597570846788585
179.4920183969225,1.0054720640182495,0.00011597581033129245
179.51245240356366,1.0054943561553955,0.00011597967386478558
179.53288650997274,1.0054490566253662,0.00011597370757954195
179.55332061638182,1.0057493448257446,0.0001159844541689381
179.57375472231797,1.0055886507034302,0.00011597464617807418
179.59418882802856,1.0052671432495117,0.00011596206604735926
179.61462293349905,1.0054008960723877,0.00011597328557400033
179.63505713874474,1.0047779083251953,0.0001159457751782611
179.65549114375608,1.0048487186431885,0.00011595898831728846
179.67592524853535,1.0042860507965088,0.00011592933879001066
179.69635925307375,1.0039564371109009,0.00011590356734814122
179.71679345738812,1.00368332862854,0.0001158862141892314
179.73722756146162,1.003355860710144,0.00011586378241190687
179.7576615653088,1.0027896165847778,0.00011584565800148994
179.7780957689247,1.0022687911987305,0.00011581286526052281
179.79852987230697,1.001633644104004,0.00011578728299355134
179.81896397544915,1.001194715499878,0.00011576206452446058
179.83939797813218,1.0002466440200806,0.00011572585208341479
179.85983218080946,0.9997608065605164,0.00011567644105525687
179.88026628326043,0.9991864562034607,0.00011561835708562285
179.90070028524497,0.9983585476875305,0.00011557553807506338
179.92113448723103,0.9978196024894714,0.0001155603677034378
179.9415685887434,0.997753381729126,0.00011556137906154618
179.96200259026227,0.9971673488616943,0.00011550822091521695
179.98243669131625,0.9968268871307373,0.00011550355702638626
180.00287089236372,0.9966155886650085,0.00011549561895662919
180.02330489295127,0.9958938956260681,0.00011547406757017598
180.04373899330676,0.9950717687606812,0.0001154360652435571
180.0641731934229,0.9950690865516663,0.00011542123684193939
180.0846071935448,0.9950365424156189,0.00011542638094397262
180.1050412932018,0.9948893785476685,0.00011540204286575317
180.12547539261868,0.9951121807098389,0.00011542205902514979
180.14590959181078,0.9951629042625427,0.00011543922300916165
180.16634359076852,0.9993878602981567,0.0001160326719400473
180.18677768948692,0.9962395429611206,0.00011545958113856614
180.20721188798052,0.9966362118721008,0.00011550612543942407
180.22764588623977,0.996880292892456,0.00011550707858987153
180.24807998425968,0.997285783290863,0.00011551693023648113
180.26851408205403,0.9978574514389038,0.00011553906369954348
180.28894817938271,0.9976128935813904,0.00011553858348634094
180.30938227670413,0.9982152581214905,0.00011559117410797626
180.32981637379999,0.9984514713287354,0.00011556747631402686
180.3502504704229,0.9990247488021851,0.00011560236453078687
180.3706845670531,0.9995098114013672,0.0001156440848717466
180.39111866345047,0.9998841881752014,0.00011568299669306725
180.4115526593814,1.0004353523254395,0.00011571984214242548
180.4319868553066,1.0007938146591187,0.00011575780081329867
180.45242095077265,1.0013585090637207,0.00011578139674384147
180.4728549460051,1.0017093420028687,0.00011578829435165972
180.4932891412318,1.002036690711975,0.00011581358558032662
180.51372323599935,1.0023359060287476,0.00011581241415115073
180.5341572305333,1.0025652647018433,0.00011584708408918232
180.55459132506076,1.003127098083496,0.00011583841842366382
180.57502551913058,1.0030004978179932,0.00011585087486309931
180.59545951296604,1.0032286643981934,0.0001158371233032085
180.61589360656217,1.0034652948379517,0.00011586989421630278
180.6363277999335,1.0029264688491821,0.00011583991727093235
180.65676189307123,1.0028382539749146,0.00011583961895667017
180.6771958859681,1.0027600526809692,0.000115828042908106
180.69762997840735,1.0023728609085083,0.00011580556019907817
180.71806417084008,1.0020908117294312,0.0001157609949586913
180.73849816304573,1.001469373703003,0.00011572276707738638
180.75893225501932,1.0013236999511719,0.00011572212679311633
180.779366446528,1.0008060932159424,0.00011570232891244814
180.7998004380279,1.00038743019104,0.00011566529428819194
180.82023452907015,1.0000108480453491,0.00011567031469894573
180.8406686201124,0.9993078708648682,0.00011563498992472887
180.86110271068173,0.9985319375991821,0.0001155942227342166
180.88153680125833,0.998135507106781,0.00011558754340512678
180.90197089136927,0.9977588653564453,0.00011555243690963835
180.92240508124087,0.997619092464447,0.00011556249228306115
180.94283907088538,0.9970870018005371,0.00011548877955647185
180.96327316029783,0.997082531452179,0.00011551099305506796
180.9837071494694,0.9967220425605774,0.00011548343900358304
181.0041413386498,0.9964492321014404,0.00011547737085493281
181.02457542736374,0.996286153793335,0.00011544789595063776
181.04500941583683,0.9962166547775269,0.00011547956091817468
181.06544360385305,0.9960395097732544,0.00011544465814949945
181.08587769186852,0.9952563643455505,0.00011542070569703355
181.10631177964387,0.9885826110839844,0.00011513121717143804
181.12674576719292,0.9827610850334167,0.00011487359734019265
181.14717995427782,0.981761634349823,0.00011481293040560558
181.16761404135468,0.9816076755523682,0.0001148147348430939
181.18804802820523,0.9823848009109497,0.0001148551600635983
181.20848211459088,0.9839021563529968,0.000114918511826545
181.22891630073718,0.9900375604629517,0.00011520145926624537
181.24935028688924,0.9965911507606506,0.00011549376358743757
181.2697843725764,0.9976393580436707,0.00011555543460417539
181.2902185580242,0.997649610042572,0.00011556192475836724
181.31065254347777,0.9982892870903015,0.00011559743143152446
181.33108662846644,0.9983274936676025,0.00011557837569853291
181.351520713215,0.9991028308868408,0.00011561528663150966
181.37195489773876,0.9997185468673706,0.00011564801388885826
181.39238888202817,1.0004080533981323,0.00011567692126845941
181.41282296607824,1.0009050369262695,0.00011569941852940246
181.4332571499035,1.0015195608139038,0.00011574057134566829
181.45369113349443,1.0023876428604126,0.00011574137897696346
181.47412521661317,1.0028753280639648,0.00011580335558392107
181.49455919973843,1.0032124519348145,0.00011579951387830079
181.51499338263238,1.0038297176361084,0.00011575911048566923
183.72187216240854,1.0003994703292847,0.00011461244866950437
183.74230621806055,1.0010147094726562,0.00011486550647532567
183.7627402732469,1.001369595527649,0.00011488146265037358
183.78317432842596,1.0016998052597046,0.00011493011697893962
183.80360838337947,1.002005696296692,0.00011497335799504071
183.82404243786732,1.0019071102142334,0.0001150537864305079
183.84447649211506,1.0021297931671143,0.00011510078911669552
183.86491054637008,1.0020686388015747,0.00011514420475577936
183.88534460015944,1.0020301342010498,0.00011519749386934564
183.90577855370793,1.002057433128357,0.00011519424879224971
183.9262127070324,1.0016897916793823,0.00011520268890308216
183.94664676012326,1.0012515783309937,0.0001151859833044
183.96708071297326,1.000908374786377,0.00011522831482579932
183.98751486559922,1.0006598234176636,0.0001152364638983272
184.00794891775877,1.0004595518112183,0.00011526972230058163
184.02838286991027,0.9998687505722046,0.00011524654109962285
184.04881702183775,0.9998281598091125,0.00011522044951561838
184.0692510732988,0.9991422295570374,0.00011522654676809907
184.08968512451975,0.998853862285614,0.00011525366426212713
184.1101190757472,0.9983143210411072,0.00011523236753419042
184.13055322651053,0.99776291847229,0.00011524108413141221
184.15098727703298,0.9973143935203552,0.00011526815069373697
184.17142122732912,0.9966132044792175,0.00011522807471919805
184.19185537739395,0.996371865272522,0.00011526028538355604
184.2122894272179,0.9955527186393738,0.00011522975546540692
184.23272337658273,0.9954397678375244,0.0001152485710917972
184.2531574259483,0.9950510859489441,0.00011518031533341855
184.27359157507453,0.9946317672729492,0.00011517610255395994
184.29402552374086,0.9944245219230652,0.00011518058454385027
184.3144595721751,0.9944278597831726,0.00011519749386934564
184.33489372060285,0.9934207201004028,0.00011515447113197297
184.35532766857068,0.9935229420661926,0.00011518617247929797
184.37576171630644,0.9934090971946716,0.00011519753752509132
184.39619586380286,0.9935598373413086,0.00011521123815327883
184.41662991107296,0.993487536907196,0.00011521164560690522
184.43706385810947,0.9935033321380615,0.00011522141721798107
184.4574979046738,0.994060754776001,0.00011525394074851647
184.47793205124617,0.9940926432609558,0.0001152845798060298
184.4983659975842,0.9943658113479614,0.00011529769835760817
184.51880004345003,0.9945611953735352,0.00011531832569744438
184.53923418909108,0.9948024153709412,0.00011533519864315167
184.5596681347306,0.9951314330101013,0.00011534139775903895
184.58010217989795,0.9954876899719238,0.00011534335499163717
184.60053622483974,0.9958045482635498,0.0001153784105554223
184.6209702695487,0.9966610074043274,0.00011540530977072194
184.64140431401756,0.9969304800033569,0.00011544429435161874
184.66183835826087,0.9975377917289734,0.00011547539907041937
184.68227250203927,0.9979175329208374,0.00011545263259904459
184.70270644580887,0.9986859560012817,0.00011552734213182703
184.72314048935368,0.9991731643676758,0.00011554556840565056
184.7435746324336,0.9996810555458069,0.00011557999823708087
184.76400857527187,1.0001780986785889,0.00011558824917301536
184.7844426181182,1.000606656074524,0.0001155985301011242
184.8048765604981,1.0012462139129639,0.00011567915498744696
184.8253107026394,1.0018278360366821,0.00011569180787773803
184.8457447445544,1.0021976232528687,0.0001156839425675571
184.86617878623656,1.0024243593215942,0.00011571316281333566
184.8866128274458,1.002851963043213,0.00011572932999115437
184.9070468686623,1.0031213760375977,0.00011575547250686213
184.92748090964596,1.0032001733779907,0.0001157494552899152
184.94791485015594,1.0032187700271606,0.0001157468868768774
184.9683489906747,1.0033259391784668,0.00011576177348615602
184.9887829307263,1.0032225847244263,0.00011576143151614815
185.00921697053855,1.003402590751648,0.00011578280827961862
185.029651110126,1.0033745765686035,0.00011577852274058387
185.05008514947986,1.0029314756393433,0.0001157684819190763
185.09095312748104,1.0023695230484009,0.00011572571384022012
185.11138716590358,1.0021259784698486,0.0001157313963631168
185.13182120431884,1.0019195079803467,0.00011571461072890088
185.15225524250855,1.0017603635787964,0.00011570177593966946
185.1726892802326,1.001301884651184,0.00011571211507543921
185.19312331771653,1.000849723815918,0.00011567329784156755
185.2135573549749,1.000440239906311,0.00011565931345103309
185.2339913922333,0.9996861219406128,0.00011562793952180073
185.25442542901874,0.999393880367279,0.0001156162325059995
185.2748594653458,0.9991591572761536,0.00011561319843167439
185.2952934016721,0.9982933402061462,0.00011558994447113946
185.3157275377598,0.9982975721359253,0.00011556028039194643
185.3361615736212,0.9977108240127563,0.00011554085358511657
185.3565955090162,0.9971821904182434,0.00011552257637958974
185.3770296444054,0.995656430721283,0.0001154644851339981
185.3974636793355,0.9883078336715698,0.00011509070463944227
185.41789771403273,0.9828041195869446,0.0001148455630755052
185.4383316484891,0.9814291000366211,0.00011477609223220497
185.45876578272146,0.981290340423584,0.00011476353392936289
185.4791998167202,0.9813955426216125,0.00011478178930701688
185.49963375048537,0.9827569723129272,0.00011484041169751436
185.52006788377912,0.9902904629707336,0.00011518438986968249
185.54050191707938,0.995784342288971,0.0001154932688223198
185.56093584990595,0.9960606098175049,0.00011550955241546035
185.58136988274055,0.9960739016532898,0.00011552359501365572
185.60180401511025,0.9963711500167847,0.00011552293290151283
185.6222379472456,0.9968366622924805,0.00011556792742339894
185.6426719791416,0.9973258972167969,0.00011559083213796839
185.6631061108128,0.9976978898048401,0.00011561722203623503
185.68354004224238,0.9981412887573242,0.00011563376028789207
185.70397407344717,0.9976968169212341,0.00011564724263735116
185.72440810441913,0.9996053576469421,0.00011567990441108122
185.7448422349189,0.9999807476997375,0.00011570593051146716
185.76527616542444,1.0006816387176514,0.00011572535731829703
185.78571019546507,1.001388430595398,0.00011577143595786765
185.80614432526636,1.002096176147461,0.00011579083366086707
185.82657825484057,1.0024150609970093,0.00011580181308090687
185.8470122841827,1.0029596090316772,0.0001158296872745268
185.86744621329126,1.0033622980117798,0.00011583673040149733
185.88788034216122,1.0035631656646729,0.00011585832544369623
185.90831437080487,1.0039154291152954,0.0001158838058472611
185.92874839897559,1.004284381866455,0.00011588499182835221
185.94918242715357,1.0047969818115234,0.00011590643407544121
185.9696164548659,1.0045620203018188,0.00011589941277634352
185.9900504823454,1.0046404600143433,0.00011590264330152422
186.01048440981685,1.0048155784606934,0.00011590798385441303
186.03091853683145,1.004833459854126,0.00011590769281610847
186.05135256360518,1.005226731300354,0.00011593502858886495
186.07178648991976,1.0044736862182617,0.00011590159556362778
186.09222061623586,1.0046415328979492,0.00011590703797992319
186.11265464231838,1.0043082237243652,0.00011589501809794456
186.1330885679272,1.0038694143295288,0.00011587765766307712
186.15352259354404,1.003358006477356,0.00011586661275941879
186.17395671868871,1.0030730962753296,0.00011584048479562625
186.19439074360707,1.002492070198059,0.00011577409168239683
186.21482466829184,1.0022070407867432,0.00011575879761949182
186.2352587927453,1.0012826919555664,0.00011570460628718138
186.2556928169579,1.0007996559143066,0.00011569652269827202
186.27612674094416,1.0003280639648438,0.0001156783546321094
186.29656076446554,0.9997169971466064,0.00011564523447304964
186.3169948879804,0.9988940954208374,0.00011562128929654136
186.33742881103535,0.998424768447876,0.00011558720871107653
186.35786283409107,0.9978059530258179,0.00011556292156456038
186.3782969566746,0.997894287109375,0.00011556009121704847
186.39873087903106,0.9977524876594543,0.0001155597492470406
186.41916490114818,0.9973565936088562,0.00011554114462342113
186.43959892303974,0.9968051910400391,0.00011550631461432204
186.46003294446564,0.9965232610702515,0.00011550646013347432
186.48046696589154,0.9963141679763794,0.00011548226757440716
186.50090098707733,0.995750904083252,0.00011545675079105422
186.5213351078055,0.9960619211196899,0.00011549130431376398
186.54176902829204,0.9955707788467407,0.00011544385779416189
186.5622030487866,0.9955624938011169,0.00011545964662218466
186.58263696881477,0.9958853721618652,0.00011548188194865361
186.60307108837878,0.9959442019462585,0.0001154663332272321
186.62350510793476,0.9961942434310913,0.00011548624752322212
186.64393902726442,0.9963407516479492,0.00011548589100129902
186.6643731463555,0.9965717792510986,0.00011549204646144062
186.68480716498743,0.9968050718307495,0.00011550151975825429
186.70524118361936,0.9967148900032043,0.00011549437476787716
186.72567510178487,0.997061014175415,0.0001155171703430824
186.7461092197118,0.997542679309845,0.00011552981595741585
186.7665432374124,0.9977412819862366,0.00011554304364835843
186.78697715487942,0.9983922839164734,0.00011557489051483572
186.80741127210786,0.998659610748291,0.00011560479470063001
186.82784528887714,0.999546229839325,0.00011565485328901559
186.84827920564567,0.9998294711112976,0.00011565582826733589
186.86871322194202,1.0004856586456299,0.00011568790796445683
186.8891473382464,1.0011245012283325,0.00011573236406547949
186.9095812540836,1.0011718273162842,0.00011571745562832803
186.93001526968146,1.0020679235458374,0.00011576250108191743
186.95044938505453,1.0023268461227417,0.00011577724217204377
186.97088330019324,1.0026167631149292,0.00011579399870242923
186.9913173150926,1.002817153930664,0.00011578905105125159
187.01175132953358,1.0030864477157593,0.00011580725549720228
187.03218544396805,1.0034053325653076,0.00011583105515455827
187.0526193579426,1.0035009384155273,0.00011583718151086941
187.0730533716851,1.0038636922836304,0.00011583420564420521
187.09348748542834,1.0039488077163696,0.00011584976164158434
187.11392139869713,1.0039983987808228,0.00011584722233237699
187.13435541174113,1.0037797689437866,0.00011584371532080695
187.15478942431946,1.0040932893753052,0.0001158576415036805
187.17522343689052,1.003851056098938,0.0001158472805400379
187.19565744923602,1.0036604404449463,0.00011584859748836607
187.21609146111587,1.0036108493804932,0.00011582607839955017
187.2365254727556,1.0032880306243896,0.00011581639409996569
187.2569594844026,1.0027302503585815,0.00011579868441913277
187.27739349558396,1.0026222467422485,0.00011578959674807265
187.29782740652445,1.001908779144287,0.00011576234101084992
187.3182615172409,1.0017865896224976,0.00011576262477319688
187.33869552749093,1.0013874769210815,0.00011574118252610788
187.35912943773292,1.0009922981262207,0.00011572527728276327
187.37956354751805,1.0003379583358765,0.00011569591151783243
187.3999975573024,1.0000534057617188,0.00011567923502298072
187.42043146661308,0.9995691180229187,0.00011566453758860007
187.44086547569896,0.9984586238861084,0.0001156280268332921
187.46129958455276,0.9985541105270386,0.0001156167927547358
187.48173349316494,0.9977315664291382,0.00011559879931155592
187.50216750155232,0.9972736835479736,0.00011555459786904976
187.5226016094748,0.9960779547691345,0.00011551284114830196
187.54303561738925,0.9880207180976868,0.00011512117634993047
187.56346952484455,0.982646644115448,0.00011488062591524795
187.58390353206778,0.9816043972969055,0.00011482412810437381
187.6043376392845,0.981155276298523,0.00011480307875899598
187.6247715460413,0.9815311431884766,0.00011483018170110881
187.6452055523332,0.9830613732337952,0.0001149011222878471
187.6656396586186,0.9901866316795349,0.00011521888518473133
187.68607356467692,0.9957013130187988,0.00011549350165296346
187.70650757027033,0.995758593082428,0.00011548188194865361
187.72694157585647,0.9958687424659729,0.00011549938790267333
187.74737558098423,0.9965207576751709,0.00011552219075383618
187.76780958587915,0.9967799186706543,0.00011553739750524983
187.78824359053397,0.997208297252655,0.00011555337550817057
187.808677694964,0.9979003071784973,0.00011558890400920063
187.82911159915966,0.9982355237007141,0.00011563164298422635
187.84954560288315,0.9986498951911926,0.00011564236046979204
187.86997950661316,0.9994490742683411,0.00011567807814572006
187.89041360987903,1.000184416770935,0.00011571619688766077
187.91084761313687,1.0006766319274902,0.0001157433507614769
187.93128151593555,1.0012508630752563,0.00011575841199373826
187.95171561850293,1.0018852949142456,0.00011579175770748407
187.97214962082944,1.0024470090866089,0.00011581005674088374
187.99258362269757,1.0032448768615723,0.00011585912579903379
188.01301752456493,1.0033090114593506,0.00011586509208427742
188.03345162596088,1.0035481452941895,0.00011586519394768402
188.07431952829938,1.0043889284133911,0.00011590775829972699
188.09475362899684,1.0044925212860107,0.00011591652582865208
188.11518762946798,1.004945158958435,0.00011593467206694186
188.13562152970553,1.0053930282592773,0.00011594683746807277
188.15605552970374,1.0053379535675049,0.00011594253737712279
188.17648962924432,1.0055512189865112,0.00011595597607083619
188.19692352878337,1.0054676532745361,0.00011595340038184077
188.21735752785025,1.0053631067276,0.00011595235991990194
188.23779162669234,1.005620002746582,0.0001159513631137088
188.25822562530084,1.0052051544189453,0.00011594637180678546
188.27865952366847,1.004895806312561,0.00011592906957957894
188.2990935218113,1.004372477531433,0.00011590922804316506
188.31952761972207,1.0039687156677246,0.00011587488552322611
188.33996151715837,1.0036530494689941,0.00011586351320147514
188.36039551460271,1.0029315948486328,0.00011582995648495853
188.38082961158216,1.0023831129074097,0.00011581195576582104
188.40126350831997,1.001710295677185,0.00011577508121263236
188.421697504833,1.00095534324646,0.0001157489896286279
188.44213150111318,1.0005242824554443,0.00011572494986467063
188.46256549715326,1.0000078678131104,0.00011570541391847655
188.48299949273496,0.9996166229248047,0.000115680813905783
188.50343348831666,0.9991191625595093,0.0001156693761004135
188.52386748342542,0.9986089468002319,0.0001156484941020608
188.54430147854146,0.9986186623573303,0.00011564062151592225
188.56473547319183,0.9983583092689514,0.00011562021973077208
188.58516936760861,0.9975972771644592,0.00011559392441995442
188.6056034617868,0.9973394274711609,0.00011557637481018901
188.62603745550587,0.9967057704925537,0.00011554888624232262
188.64647134921688,0.99653559923172,0.00011555633682291955
188.66690544247103,0.9968923926353455,0.00011555647506611422
188.68733943572443,0.9963025450706482,0.00011554650700418279
188.7077733285114,0.9966396689414978,0.00011554545926628634
188.72820732105902,0.9966562986373901,0.00011555141827557236
188.74864131338109,0.9972583651542664,0.00011556981189642102
188.76907530523022,0.9972055554389954,0.00011556259414646775
188.78950929708662,0.9973959922790527,0.00011558354162843898
188.80994328847737,0.9974004030227661,0.00011557443212950602
188.83037727986812,0.9979643821716309,0.0001156017096946016
188.85081127078593,0.9982434511184692,0.00011560297571122646
188.87124516147742,0.9986229538917542,0.00011563055886654183
188.89167925193033,0.9989349246025085,0.00011563114821910858
188.91211324215692,0.9992926716804504,0.00011566193279577419
188.93254713214992,0.9998582005500793,0.00011568028276087716
188.95298122167878,0.9997515082359314,0.00011566955072339624
188.9734152111996,1.0002472400665283,0.0001157043589046225
188.99384920026205,1.0008213520050049,0.00011572120274649933
189.0142830890909,1.0012181997299194,0.00011573659139685333
189.03471717768116,1.0014005899429321,0.00011573966912692413
189.0551511660451,1.001927137374878,0.0001157672013505362
189.07558505394263,1.0021599531173706,0.00011577113764360547
189.0960191418344,1.0027306079864502,0.00011580974387470633
189.11645312926703,1.0030643939971924,0.00011581539729377255
189.1368870166989,1.0032235383987427,0.00011583118612179533
189.15732100365858,1.003675103187561,0.00011584196909097955
189.17775509039348,1.0035604238510132,0.00011583480954868719
189.19818897689402,1.0036700963974,0.00011585073661990464
189.2186229631552,1.0036004781723022,0.00011583890591282398
189.23905704895878,1.0043160915374756,0.00011586111941142008
189.25949093476083,1.0040695667266846,0.00011585673200897872
189.2799249200907,1.0039093494415283,0.00011585407628444955
189.30035890519503,1.0038191080093384,0.00011585322499740869
189.32079299006728,1.0039769411087036,0.00011586576874833554
189.3412268746979,1.0036243200302124,0.00011584803723962978
189.36166085910372,1.0032625198364258,0.00011583745072130114
189.3820949432702,1.0030007362365723,0.0001158194281742908
189.40252882697678,1.0027406215667725,0.00011581314174691215
189.42296281045128,1.0024124383926392,0.00011579893180169165
189.44339669392502,1.001763939857483,0.00011576599354157224
189.46383077692735,1.0017157793045044,0.00011575364624150097
189.48426475970336,1.0014897584915161,0.00011573558731470257
189.50469874201372,1.000553011894226,0.00011571089271456003
189.5251327243168,1.000012755393982,0.00011567720503080636
189.54556670616148,0.9993434548377991,0.0001156520374934189
189.56600068800617,0.9992802143096924,0.00011563435691641644
189.58643456937716,0.9985658526420593,0.00011559982522157952
189.60686865052412,0.997757077217102,0.00011558683036128059
189.6273026314302,0.9974764585494995,0.00011557085963431746
189.64773651211,0.9970885515213013,0.00011554611410247162
189.66817049232486,0.995567798614502,0.00011549217742867768
189.6886045725405,0.9877781867980957,0.00011509264004416764
189.70903845228167,0.9827580451965332,0.00011483669368317351
189.7294724320309,0.9819777011871338,0.00011479968088679016
189.74990651130793,0.9816805720329285,0.00011478472879389301
189.77034049012582,0.9820556044578552,0.00011480274406494573
189.79077436894295,0.9836611747741699,0.00011486737639643252
189.811208347528,0.9909031391143799,0.0001152680124505423
189.8316424256409,0.9957076907157898,0.0001154800847871229
189.85207630375953,0.9963197708129883,0.00011551112402230501
189.87251028141327,0.9964292645454407,0.00011552075739018619
189.89294435882766,0.996727705001831,0.00011552895739441738
189.91337823601498,0.997374415397644,0.0001155584686785005
189.93381221297022,0.9975090622901917,0.00011555791570572183
189.95424608945177,0.9983515739440918,0.00011560531856957823
189.97468016594212,0.9986186623573303,0.0001156022262875922
189.99511414196604,0.9991831183433533,0.00011563615407794714
190.01554811774986,0.9997128248214722,0.00011565565364435315
190.03598209330812,1.0007414817810059,0.00011570773494895548
190.05641606863355,1.0013495683670044,0.00011572229414014146
190.07685004371888,1.0020012855529785,0.0001157521692221053
190.09728391834506,1.0023114681243896,0.00011577185068745166
190.11771799297276,1.0025309324264526,0.00011578116391319782
190.13815196712676,1.0031635761260986,0.00011580755381146446
190.15858584105445,1.0033981800079346,0.00011583448940655217
190.17901991475082,1.0039182901382446,0.00011584250023588538
190.19945388820634,1.004459023475647,0.00011588559573283419
190.21988776143553,1.0044395923614502,0.00011586558684939519
190.24032173419982,1.004995584487915,0.00011588524648686871
190.2607558069576,1.005423903465271,0.00011590674694161862
190.28118977925624,1.0055880546569824,0.00011591716611292213
190.30162365132128,1.0058358907699585,0.00011592174269026145
190.32205772314774,1.0057568550109863,0.0001159318708232604
190.34249169474788,1.0058106184005737,0.00011592995724640787
190.36292556611443,1.0058443546295166,0.00011592556984396651
190.3833595370088,1.0057618618011475,0.00011593104136409238
190.40379360767838,1.0056902170181274,0.00011592200462473556
190.42422747834644,1.0054696798324585,0.00011592722148634493
190.44466144854232,1.0049598217010498,0.00011589177302084863
190.4650955185134,1.0046502351760864,0.00011587038170546293
190.4855293880173,1.0043915510177612,0.00011586145410547033
190.5059633575147,1.0040398836135864,0.0001158469240181148
190.5263973265537,1.0033090114593506,0.00011582214938243851
190.5468312955927,1.0023539066314697,0.00011577729310374707
190.56726526415878,1.0021111965179443,0.00011575277312658727
190.5876992324993,1.0010243654251099,0.00011571274080779403
190.60813330060773,1.000705361366272,0.00011571176582947373
190.62856716824172,1.0004827976226807,0.00011569331400096416
190.64900113588374,1.0001540184020996,0.00011568246554816142
190.66943500305933,0.9995409250259399,0.00011564957821974531
190.68986907022918,0.9990049004554749,0.00011562561121536419
190.71030303693988,0.9983450770378113,0.0001155820646090433
190.73073700341774,0.9980684518814087,0.00011557684774743393
190.75117096942267,0.9975703358650208,0.00011555997480172664
190.77160493543488,0.9968457818031311,0.00011551762872841209
190.79203890098142,0.9967705607414246,0.00011552602518349886
190.8124727665272,0.9962624311447144,0.0001154993224190548
190.83290683160158,0.9966927170753479,0.00011551052011782303
190.85334079644963,0.9962298274040222,0.00011548101610969752
190.8737746610568,0.996504008769989,0.00011550366616575047
190.89420872520714,0.9968007802963257,0.00011552163050509989
190.9146426893567,0.9969947934150696,0.00011552307842066512
190.93507655303983,0.9971304535865784,0.00011553995864233002
190.95551051671646,0.9975738525390625,0.00011554889351828024
190.97594457993546,0.9977758526802063,0.000115554103103932
190.99637844291283,0.9982447624206543,0.00011559126141946763
191.01681240543257,0.9986886978149414,0.00011560830898815766
191.05768033023196,0.9996814131736755,0.00011563253065105528
191.07811429205321,0.9999215602874756,0.00011566920147743076
191.09854825364164,1.0004339218139648,0.00011568525223992765
191.11898231499072,1.0009260177612305,0.00011570854985620826
191.13941617611272,1.0013352632522583,0.00011572689254535362
191.15985013676982,1.0017212629318237,0.0001157487859018147
191.1802841974204,1.002261996269226,0.00011575488315429538
191.20071805761108,1.0023341178894043,0.00011578384146559983
191.22115201780252,1.002692461013794,0.00011578395060496405
191.24158597752103,1.0032161474227905,0.00011579912825254723
191.26201993701397,1.0035111904144287,0.00011582307342905551
191.28245389604126,1.0036355257034302,0.00011582411389099434
191.30288785506127,1.0037672519683838,0.00011583648301893845
191.3233218136229,1.0038212537765503,0.00011583836021600291
191.34375577218452,1.0040861368179321,0.00011584688763832673
191.3641897302732,1.004404067993164,0.00011586025357246399
191.38462358790275,1.004203200340271,0.00011585417087189853
191.40505764553382,1.0044169425964355,0.00011585144966375083
191.425491602924,1.004153847694397,0.0001158421000582166
191.44592545985506,1.0041166543960571,0.00011584269668674096
191.46635951678763,1.003889799118042,0.00011583851301111281
191.4867934732465,1.0035905838012695,0.00011582423030631617
191.50722732947906,1.0029491186141968,0.00011578857811400667
191.52766128547955,1.003004550933838,0.00011580898717511445
191.54809534100787,1.002305507659912,0.00011576981341931969
191.5685292965427,1.0019779205322266,0.00011575880489544943
191.5889631516111,1.001143455505371,0.00011571704089874402
191.60939720644092,1.0005897283554077,0.00011569553316803649
191.62983116104442,1.0000230073928833,0.00011567088949959725
191.65026501541433,0.9996378421783447,0.00011565266322577372
191.67069896955218,0.9992356896400452,0.00011563672887859866
191.69113302321784,0.998445451259613,0.00011559855920495465
191.71156687688926,0.997818648815155,0.00011557763355085626
191.7320008300885,0.9974814653396606,0.0001155554928118363
191.75243488306296,0.9970743060112,0.00011553416698006913
191.77286873580306,0.9965980052947998,0.00011552202340681106
191.7933026883111,0.9960460066795349,0.00011548682232387364
191.81373664034618,0.9944692254066467,0.00011541700951056555
191.8341706923893,0.9866547584533691,0.00011501525295898318
191.85460454395798,0.9819338321685791,0.00011474933126010001
191.87503849530185,0.9811577796936035,0.00011471633479231969
191.9159063972911,0.9811135530471802,0.00011470317258499563
191.9363403476964,0.9835001230239868,0.00011486345465527847
191.95677419810818,0.9910892248153687,0.00011521813576109707
191.97720824804856,0.9955558180809021,0.00011545947927515954
191.99764219776262,0.9961560964584351,0.00011548335169209167
192.01807614724385,0.996325671672821,0.00011548861220944673
192.03851009649225,0.9965364336967468,0.00011550312046892941
192.0589440452677,0.9975067377090454,0.00011554660886758938
192.07937799405045,0.9977810382843018,0.00011556813115021214
192.09981184236676,0.9982221126556396,0.00011557081597857177
192.1202458904445,0.9989463090896606,0.00011559919221326709
192.1406798382959,0.9992789030075073,0.00011561812425497919
192.16111368591373,1.0001881122589111,0.00011566115426830947
192.18154773306014,1.0002343654632568,0.00011566769535420462
192.20198168021307,1.0007998943328857,0.00011569087655516341
192.22241552689957,1.0018072128295898,0.0001157201113528572
192.24284947334672,1.0020571947097778,0.00011573259689612314
192.2632835195691,1.0027873516082764,0.00011577313853194937
192.2837173655571,1.0030133724212646,0.00011578692647162825
192.30415131130576,1.0034738779067993,0.00011581262515392154
192.32458525659604,1.0043038129806519,0.00011584640014916658
192.34501930164697,1.00453519821167,0.00011584708408918232
192.36545314647083,1.0049737691879272,0.00011587443441385403
192.3858870910626,1.0054221153259277,0.00011589879431994632
192.40632103542157,1.0058495998382568,0.00011591700604185462
192.42675497954042,1.0058763027191162,0.0001159282328444533
192.44718892320088,1.0060691833496094,0.00011592104419833049
192.46762286662852,1.0061017274856567,0.00011592554801609367
192.48805681004887,1.0062059164047241,0.00011592390364967287
192.50849065277725,1.0060652494430542,0.00011592839291552082
192.52892469550716,1.005672812461853,0.00011591814836720005
192.5493586379962,1.0055252313613892,0.00011588833149289712
192.56979258002684,1.005085825920105,0.00011588782945182174
192.59022642205673,1.0044959783554077,0.00011585668107727543
192.6106604636152,1.0042893886566162,0.0001158440500148572
192.63109440494736,1.0036903619766235,0.00011582592560444027
192.6515282458131,1.003202199935913,0.00011578335397643968
192.67196218667232,1.0026735067367554,0.0001157812585006468
192.6923962270739,1.0024317502975464,0.00011577093391679227
192.712830067474,1.0019992589950562,0.00011574431118788198
192.73326400740189,1.0013872385025024,0.00011570678179850802
192.75369804687216,1.0010700225830078,0.00011569038179004565
192.7741318863409,1.000696063041687,0.00011567158799152821
192.79456582557032,0.9999831318855286,0.00011564976011868566
192.81499976434134,0.999704897403717,0.00011564056330826133
192.83543370287953,0.999601423740387,0.00011563974840100855
192.8558676411776,0.9989433288574219,0.00011559752601897344
192.87630157925014,0.9985206723213196,0.00011557711695786566
192.8967356170906,0.9980325102806091,0.00011556492245290428
192.91716945468943,0.9971870183944702,0.00011552144860615954
192.93760339183063,0.9973127245903015,0.00011552139767445624
192.95803722873825,0.9969761967658997,0.00011551051284186542
192.97847126540728,0.99678635597229,0.00011550639464985579
192.99890520185,0.9967107176780701,0.00011550975614227355
193.01933903805912,0.9970592260360718,0.00011553132208064198
193.03977307379682,0.997012734413147,0.00011550900671863928
193.06020700930821,0.9973124861717224,0.00011553854710655287
193.08064094458678,0.9974941611289978,0.00011553186777746305
193.10107477962447,0.9976781606674194,0.00011554422962944955
193.12150881443813,0.997894287109375,0.00011556273966562003
193.1419427490182,0.9984517097473145,0.0001155906284111552
193.16237658312457,0.9988447427749634,0.00011559174890862778
193.18281061723974,0.9988987445831299,0.00011561091378098354
193.20324455088848,0.9996681213378906,0.00011562620056793094
193.22367838429636,0.9999569058418274,0.00011564994201762602
193.24411231724662,1.0003724098205566,0.00011568464105948806
193.26454635019763,1.0008447170257568,0.00011569043999770656
193.2849801826742,1.0018024444580078,0.00011573737720027566
193.30541411515878,1.0017739534378052,0.00011573352094274014
193.32584814717848,1.0020642280578613,0.00011573879601201043
193.34628207872447,1.002502679824829,0.00011576578253880143
193.36671591027698,1.002761721611023,0.0001157885417342186
193.38714984159742,1.0031225681304932,0.00011579983402043581
193.40758387244568,1.0035429000854492,0.00011581643047975376
193.42801770306687,1.0034688711166382,0.00011580171849345788
193.448451633456,1.0038918256759644,0.00011581964645301923
193.46888566360576,1.003930926322937,0.00011583102605072781
193.48931949352846,1.004259467124939,0.00011584509047679603
193.50975342298625,1.004229187965393,0.00011584648018470034
193.53018725221045,1.0043045282363892,0.00011584111052798107
193.5506212814289,1.0043025016784668,0.00011584519234020263
193.57105520995538,1.0038819313049316,0.00011582509614527225
193.59148913847457,1.0035141706466675,0.00011579789133975282
193.61192296676745,1.003199577331543,0.00011578125122468919
193.6323569945962,1.0027132034301758,0.00011578631529118866
193.65279092218407,1.0019266605377197,0.00011574570089578629
193.67322474954562,1.001373291015625,0.00011572478979360312
193.69365877667587,1.00066077709198,0.00011568285844987258
193.71409270356526,1.0001211166381836,0.00011564980377443135
193.73452653022832,0.9992931485176086,0.0001156207945314236
193.7549604564265,0.9986661672592163,0.00011558065307326615
193.7753944823853,0.9985907673835754,0.00011558466212591156
193.79582830811705,0.9974150061607361,0.00011547687608981505
193.81626223361673,0.9967484474182129,0.00011546344467205927
193.83669625864422,0.9961894750595093,0.0001154264245997183
193.85713018367824,0.9955949783325195,0.00011540856212377548
193.87756400824583,0.9955549836158752,0.00011539142724359408
193.89799793258135,0.99503093957901,0.00011537017417140305
193.91843195667752,0.9946178197860718,0.0001153534758486785
193.93886578054662,0.9945448637008667,0.0001153400880866684
193.95929970394354,0.9926609396934509,0.0001152555487351492
193.9797337273485,0.9846251010894775,0.00011489279131637886
194.00016755028628,0.9803090691566467,0.00011464652925496921
194.04103539545758,0.9797685742378235,0.0001146154390880838
194.0614693174648,0.9800552725791931,0.00011462362454039976
194.08190323946474,0.9825873374938965,0.00011475420615170151
194.1023371610063,0.990710973739624,0.00011515275400597602
194.122771082315,0.9950094819068909,0.00011535918747540563
194.1432050033909,0.9952934980392456,0.00011538666149135679
194.1636389242267,0.9959597587585449,0.00011541150888660923
194.18407274460333,0.9962136745452881,0.0001154306301032193
194.20450676474138,0.9967380166053772,0.00011543039727257565
194.22494068488595,0.9973580241203308,0.00011545645975274965
194.2453745045641,0.9976314306259155,0.00011548129259608686
194.26580852377083,0.9985051155090332,0.00011551822535693645
194.28624244298408,0.9990066885948181,0.00011554711818462238
194.30667636173166,0.9998891949653625,0.00011561905557755381
194.3271101804712,1.0003381967544556,0.00011565761815290898
194.3475441987539,1.0005970001220703,0.000115655166155193
194.367978116803,1.0011693239212036,0.00011569788330234587
194.38841193438566,1.0014562606811523,0.00011569807247724384
194.40884595196258,1.0017818212509155,0.00011572198854992166
194.42927986908035,1.0023452043533325,0.00011574599193409085
194.44971368595725,1.002819538116455,0.00011577355326153338
194.47014760260936,1.0031883716583252,0.00011577506666071713
194.4905816190294,1.00359046459198,0.0001158034210675396
194.51101543521509,1.003858208656311,0.00011582059960346669
194.5314493509286,1.0041669607162476,0.00011581786384340376
194.55188336641731,1.0044807195663452,0.00011583940795389935
194.5723171816644,1.0044087171554565,0.00011584002641029656
194.5927510966867,1.0046024322509766,0.00011583184823393822
194.61318501147616,1.004923701286316,0.00011586312029976398
194.63361892579996,1.0045527219772339,0.00011584942694753408
194.6540528401165,1.004664421081543,0.00011584749881876633
194.67448675397463,1.0042881965637207,0.00011582642036955804
194.69492076759343,1.004096508026123,0.00011583288141991943
194.71535458075232,1.0038734674453735,0.00011580840509850532
194.73578849391197,1.0036336183547974,0.00011578903649933636
194.7562223066052,1.0033775568008423,0.00011579065176192671
194.77665631905984,1.0030694007873535,0.00011575836833799258
194.79709023128817,1.0025633573532104,0.00011576020915526897
194.8175241432764,1.0024185180664062,0.00011574097879929468
194.83795805503905,1.002037763595581,0.00011572960647754371
194.85839196633606,1.0011342763900757,0.00011568579793674871
194.87882587740023,1.000932216644287,0.00011566902685444802
194.89925968822354,1.0006524324417114,0.0001156575744971633
194.9196936988228,1.0001195669174194,0.00011559459380805492
194.94012760918122,0.9994131326675415,0.00011555429227882996
194.96056141908048,0.9990694522857666,0.00011555373203009367
194.98099542898126,0.9987697601318359,0.0001155266581918113
195.00142933841562,0.998896598815918,0.00011554315278772265
195.0218631476091,0.9979658126831055,0.00011551078932825476
195.04229705634498,0.9973095059394836,0.0001154669516836293
195.06273106507433,0.9969348907470703,0.00011546024325070903
195.08316487334378,0.996507465839386,0.00011542649008333683
195.10359878161398,0.996411144733429,0.00011542162246769294
195.12403278918646,0.9961952567100525,0.00011542135325726122
195.1444666967509,0.9958580732345581,0.00011540694686118513
195.16490050408902,0.9961636066436768,0.00011541491403477266
195.18533441096224,0.9964058995246887,0.00011542761058080941
195.20576841759612,0.9965006113052368,0.00011543157597770914
195.22620222400292,0.9965406060218811,0.00011543845175765455
195.24663613017765,0.9966691136360168,0.00011544264270924032
195.26707013611303,0.9972047209739685,0.00011546265886863694
195.2875039415885,0.9976404309272766,0.00011548920156201348
195.30793784706475,0.9979808926582336,0.00011550921044545248
195.32837175206805,0.9983372092247009,0.00011551582429092377
195.34880565661297,0.9987156391143799,0.00011553434160305187
195.36923956115788,0.9993898272514343,0.00011557721882127225
195.3896734654627,0.999626100063324,0.0001155752906925045
195.41010746930988,1.0000526905059814,0.00011560627172002569
195.4305412729227,1.0003629922866821,0.00011562072904780507
195.4509751762962,1.000954031944275,0.0001156427533715032
195.47140897944337,1.001347541809082,0.00011570836795726791
195.4918429821264,1.0018707513809204,0.00011571165669010952
195.51227688456856,1.002034306526184,0.000115734372229781
195.53271068701724,1.00289785861969,0.00011576721590245143
195.55314468900178,1.0034805536270142,0.00011578149860724807
195.57357859051262,1.0033644437789917,0.00011579358397284523
195.59401249203074,1.0036745071411133,0.00011581227590795606
195.61444629308244,1.0039381980895996,0.00011581128637772053
195.63488029389555,1.00388765335083,0.00011581165745155886
195.65531419448234,1.0038079023361206,0.00011581630678847432
195.67574799483555,1.004092812538147,0.00011581795115489513
195.69618199495017,1.0035592317581177,0.00011578744306461886
195.71661589460564,1.003296136856079,0.00011578530393308029
195.73704969402752,1.0028672218322754,0.00011574877862585708
195.75748359321005,1.0023428201675415,0.0001157448350568302
195.7779175921678,1.0019266605377197,0.00011570393689908087
195.79835139089118,1.0011711120605469,0.00011563088628463447
195.8187852891424,1.0007123947143555,0.00011561652354430407
195.83921928716882,0.9999195337295532,0.00011558448750292882
195.85965308496088,0.9988558888435364,0.000115523325803224
195.8800869825136,0.998439610004425,0.0001154942438006401
195.90052087984077,0.997542679309845,0.0001154560741269961
195.92095487670304,0.9968017339706421,0.00011543159052962437
195.94138867332367,0.9962833523750305,0.0001153940538642928
195.96182256971952,0.9957141280174255,0.00011538113903952762
195.98225646588253,0.9951611757278442,0.00011536270176293328
196.00269036180543,0.9948180913925171,0.00011532806092873216
196.02312425726996,0.9941779375076294,0.00011531427298905328
196.04355805273372,0.9938656091690063,0.00011531414929777384
196.06399204772606,0.9933405518531799,0.00011527091555763036
196.08442584249133,0.9933153986930847,0.00011527818423928693
196.10485983679246,0.9910205006599426,0.00011517749953782186
196.12529373108555,0.9831582903862,0.00011480176181066781
196.14572762492026,0.9792749285697937,0.00011460824316600338
196.16616141852137,0.9786413908004761,0.00011457560322014615
196.18659531188314,0.9790567755699158,0.00011459030793048441
196.20702930502011,0.979726254940033,0.00011463168630143628
196.22746319769067,0.98261958360672,0.00011476413783384487
196.24789699012035,0.9908519983291626,0.00011516240192577243
196.268330982326,0.995276927947998,0.00011537090904312208
196.2887647742973,0.9955609440803528,0.00011536712554516271
196.30919866602926,0.9961336851119995,0.00011539879778865725
196.32963255730283,0.9969438910484314,0.00011543613800313324
196.3500664485764,0.997262179851532,0.00011543788423296064
196.37050033937703,0.9978544116020203,0.00011547200119821355
196.3909342299521,0.9985988736152649,0.00011551555508049205
196.41136812006152,0.9990969896316528,0.00011556619574548677
196.43180201016366,0.9997004866600037,0.00011559343693079427
196.45223589980742,1.000273585319519,0.00011561428982531652
196.47266968921758,1.0011159181594849,0.00011565597378648818
196.49310367838916,1.0015240907669067,0.0001156670696218498
196.51353756733442,1.002107858657837,0.00011568650370463729
196.53397145581403,1.002587914466858,0.00011570939386729151
196.55440534428635,1.0026925802230835,0.00011571616778383031
196.5748392323003,1.0033695697784424,0.00011579401325434446
196.5952730198478,1.0038655996322632,0.0001158369195763953
196.6157069073961,1.0042599439620972,0.00011585902393562719
196.63614089470502,1.004372000694275,0.00011587120388867334
196.6565747815548,1.0049046277999878,0.00011588085908442736
196.67700856816373,1.0052549839019775,0.00011591203656280413
196.69744255454862,1.0054312944412231,0.00011592318332986906
196.7178764406999,1.0053704977035522,0.00011591648944886401
196.73831022638478,1.0054287910461426,0.00011590916255954653
196.7587441118303,1.005468726158142,0.00011594019451877102
196.77917809705104,1.0050933361053467,0.00011588829511310905
196.79961188203015,1.0049442052841187,0.00011588430061237887
196.82004576678446,1.0045875310897827,0.00011588609049795195
196.84047975107387,1.0044611692428589,0.00011586783512029797
196.86091353512893,1.0041520595550537,0.00011586458276724443
196.88134741917747,1.003957986831665,0.00011584632011363283
196.9017813025348,1.0037137269973755,0.00011578249541344121
196.9222152858856,1.0034254789352417,0.00011576055840123445
196.94264906877652,1.0030425786972046,0.00011573291703825817
196.96308295166818,1.002495288848877,0.00011570541391847655
196.98351693408767,1.002381682395935,0.00011570601782295853
197.0243845980076,1.0010122060775757,0.00011564052692847326
197.04481837973435,1.000598669052124,0.00011563003499759361
197.0652523609897,0.9999305605888367,0.00011559972335817292
197.0856862420187,0.9997063279151917,0.00011559158156160265
197.10612002281414,0.999521791934967,0.00011557963443920016
197.12655400313815,0.998631477355957,0.0001155324061983265
197.14698788346868,0.9982259273529053,0.00011551945499377325
197.16742176332627,0.9979140758514404,0.00011551906209206209
197.18785554295755,0.9971959590911865,0.00011547291069291532
197.2082895221247,0.9967061281204224,0.00011544988228706643
197.22872340129106,0.9961059093475342,0.00011542264110175893
197.24915717998374,0.9961405992507935,0.00011541827552719042
197.26959115868522,0.9961832761764526,0.00011543582513695583
197.290025036913,0.9960177540779114,0.00011542589345481247
197.31045881468162,0.9958086609840393,0.00011541297135408968
197.33089269245102,0.9961478114128113,0.0001154322235379368
197.3513266697555,0.9964800477027893,0.00011545049346750602
197.37176044681837,0.9967999458312988,0.00011546449240995571
197.39219432365644,0.9969746470451355,0.00011546709720278159
197.41262830025516,0.9967946410179138,0.00011546190944500268
197.43306217639474,0.9974046945571899,0.00011548263137228787
197.45349595253356,0.9978020787239075,0.00011552223440958187
197.47392982820747,0.9980993270874023,0.00011551121133379638
197.49436380364205,0.9986265301704407,0.0001155403588199988
197.5147975786167,0.9990494251251221,0.00011557422840269282
197.53523145358486,0.9995870590209961,0.00011558872211026028
197.55566542809538,0.9996321797370911,0.00011560859275050461
197.57609920237155,0.9998162984848022,0.00011560237180674449
197.59653307641565,1.000246286392212,0.00011560879647731781
197.61696695021965,1.000882863998413,0.00011566508328542113
197.63740082356526,1.0012609958648682,0.00011566422472242266
197.65783469667076,1.0014218091964722,0.00011568362970137969
197.6782685695507,1.0020015239715576,0.00011571284994715825
197.69870244219783,1.0023771524429321,0.00011572269431781024
197.71913631461211,1.002792239189148,0.00011574970267247409
197.73957018655346,1.0032142400741577,0.00011578194244066253
197.7600039582685,1.0029891729354858,0.00011573969823075458
197.78043792974495,1.0029118061065674,0.00011575598909985274
197.80087180099508,1.0027886629104614,0.00011574743257369846
197.8213055717788,1.0028767585754395,0.0001157408332801424
197.84173954256403,1.0023539066314697,0.00011572155926842242
197.86217341287556,1.0020173788070679,0.00011570211790967733
197.88260728296154,1.0015932321548462,0.00011569093476282433
197.9030410525811,1.0011916160583496,0.00011567158799152821
197.9234750221949,1.0006325244903564,0.0001156543439719826
197.94390889134957,0.999980092048645,0.0001156213620561175
197.96434266027063,0.9994027614593506,0.00011560856364667416
197.98477652895235,0.9986871480941772,0.00011556069512153044
198.00521049740928,0.9980660676956177,0.00011554301454452798
198.02564426539902,0.9975829124450684,0.00011551169154699892
198.06651210067503,0.9965766668319702,0.00011546336463652551
198.08694586796628,0.9961147308349609,0.00011543176515260711
198.10737973501818,0.9952333569526672,0.00011539859406184405
198.1278136016117,0.9951479434967041,0.00011540265404619277
198.1482474679724,0.9945095777511597,0.00011536076635820791
198.16868133409298,0.993918776512146,0.000115346752863843
198.189115199988,0.9937489032745361,0.0001153431148850359
198.20954906541738,0.9936337471008301,0.00011530962365213782
198.22998293083947,0.9933681488037109,0.00011532141070347279
198.25041679580318,0.9912781715393066,0.00011521195847308263
198.2708505605333,0.983586847782135,0.00011485502182040364
198.291284524792,0.9803920984268188,0.0001146687354776077
198.3117183890572,0.9799502491950989,0.00011463442206149921
198.332152152856,0.9801955223083496,0.00011464142153272405
198.3525861164162,0.9809415936470032,0.00011469082528492436
198.3730199797501,0.9838503003120422,0.00011486565927043557
198.39345384285116,0.9924901723861694,0.00011527747847139835
198.41388760547852,0.9961135387420654,0.00011546249152161181
198.43432156788185,0.9969058036804199,0.00011548808106454089
198.4547554300516,0.9974765777587891,0.00011552121577551588
198.47518919198046,0.9977818727493286,0.00011553093645488843
198.49562315345247,0.9987003207206726,0.00011556389654288068
198.51605701492372,0.999066948890686,0.00011559999984456226
198.53649077592127,0.9998582005500793,0.00011563093721633777
198.55692463669402,1.000482439994812,0.00011565253953449428
198.57735859700188,1.0012634992599487,0.00011569418711587787
198.59779235730093,1.0015100240707397,0.00011570783681236207
198.61822621714236,1.0021909475326538,0.0001157168298959732
198.63866017675173,1.0026532411575317,0.00011575564712984487
198.65909393611946,1.003645658493042,0.00011579500278457999
198.67952779502957,1.0039467811584473,0.0001158139857579954
198.69996165393968,1.0043069124221802,0.00011583415471250191
198.72039561237762,1.0043916702270508,0.00011582402657950297
198.74082937058847,1.0048248767852783,0.00011584817548282444
198.76126322833443,1.0052944421768188,0.00011586997425183654
198.78169718607387,1.0054088830947876,0.00011586842447286472
198.8021309433534,1.0057048797607422,0.00011588312918320298
198.82256480040087,1.0060970783233643,0.000115902628749609
198.84299855721474,1.0059322118759155,0.00011590113717829809
198.86343251379003,1.0055068731307983,0.00011588912457227707
198.88386636990617,1.0056941509246826,0.00011588537017814815
198.9043002257822,1.0049070119857788,0.00011584105232032016
198.9247340814327,1.0047283172607422,0.00011585655738599598
198.94516793685034,1.0048280954360962,0.00011584726598812267
198.96560179202788,1.0042463541030884,0.00011581047874642536
198.98603554674628,1.0036834478378296,0.00011580715363379568
199.00646950123337,1.0032987594604492,0.00011577851546462625
199.0269033554796,1.0031211376190186,0.00011576203542063013
199.0473371094995,1.0020852088928223,0.00011573209485504776
199.06777106305526,1.0019142627716064,0.00011571050708880648
199.08820491637016,1.0010470151901245,0.00011568955960683525
199.10863866969157,1.0009135007858276,0.00011567772889975458
199.12907252231525,0.9999520778656006,0.00011562524014152586
199.14950647493242,0.999504566192627,0.00011560998245840892
199.16994032709044,0.9990614056587219,0.00011559763515833765
199.19037407901487,0.9983258247375488,0.00011556009121704847
199.21080803070072,0.9975496530532837,0.00011553047806955874
199.23124188216025,0.9971833825111389,0.00011549474584171548
199.25167563315335,0.9968851804733276,0.00011549194459803402
199.27210948413995,0.9961627721786499,0.00011547307076398283
199.29254343466891,0.9959301948547363,0.00011544934386620298
199.31297718496353,0.9952026605606079,0.00011542347783688456
199.33341103478597,0.9944621920585632,0.00011538796388776973
199.35384498461644,0.994128406047821,0.00011536289821378887
199.37427873397974,0.9937493801116943,0.00011535881640156731
199.39471258310368,0.9935914874076843,0.0001153415723820217
199.41514643176924,0.9936815500259399,0.00011533954966580495
199.4355802804348,0.9936286807060242,0.00011534939403645694
199.45601412862743,0.9940078258514404,0.00011536556849023327
199.4764479765945,0.9944071173667908,0.00011537494719959795
199.51731567182287,0.9949924349784851,0.00011540090781636536
199.53774951885862,0.9950818419456482,0.00011540274135768414
199.55818326566077,0.9955078959465027,0.00011543660366442055
199.57861721222434,0.9958999156951904,0.00011544777225935832
199.5990510585616,0.9964615702629089,0.00011547077156137675
199.61948480443243,0.9970184564590454,0.00011549386545084417
199.6399187502975,0.9977340698242188,0.00011553096555871889
199.66035259570344,0.9984796047210693,0.0001155678037321195
199.68078644087655,0.9991518259048462,0.00011558970436453819
199.70122018558322,0.9999439716339111,0.00011562347208382562
199.72165413028415,1.0003007650375366,0.00011565424938453361
199.74208787452517,1.001172423362732,0.00011568698391783983
199.76252171852684,1.0017250776290894,0.00011570772767299786
199.7829556620709,1.0021284818649292,0.00011573343363124877
199.80338950561418,1.0024694204330444,0.00011574415839277208
199.82382324869104,1.0030075311660767,0.00011576538963709027
199.84425709152856,1.0030568838119507,0.00011576851829886436
199.86469093414053,1.0033656358718872,0.0001157798760687001
199.88512477651238,1.0030287504196167,0.00011576445103855804
199.90555861842586,1.0035213232040405,0.00011580130376387388
199.9259924601065,1.003366231918335,0.00011577583791222423
199.9464263015543,1.0028876066207886,0.00011576559336390346
199.96686014276202,1.0025535821914673,0.0001157520164269954
200.00772782425338,1.0018984079360962,0.00011571349750738591
200.02816166453704,1.0015759468078613,0.00011569914931897074
200.04859540435427,1.0010253190994263,0.00011566492321435362
200.06902934417303,1.0002737045288086,0.00011565139720914885
200.0894631835181,0.9993802309036255,0.000115605304017663
200.1098970226376,0.9995279908180237,0.00011560903658391908
200.1303307615235,0.9985745549201965,0.00011557258403627202
200.15076470017084,0.997917890548706,0.00011553860531421378
200.17119843835826,0.9975738525390625,0.00011552449723239988
200.19163227654644,0.9967437386512756,0.00011548600741662085
200.21206621426245,0.9962958097457886,0.00011545835150172934
200.2325000515193,0.9956680536270142,0.00011544220615178347
200.2529337887754,0.9950180053710938,0.0001154154961113818
200.27336762555933,0.9945805668830872,0.00011538376566022635
200.29380156211846,0.9942888021469116,0.00011538021499291062
200.33466913452867,0.9954552054405212,0.00011542003630893305
200.35510307015647,0.9950243234634399,0.00011542495485628024
200.37553680554993,0.9949116110801697,0.0001154428391600959
200.39597064070404,0.9925994873046875,0.00011531152267707512
200.4164044756326,0.9849777817726135,0.00011492083285702392
200.4368383103283,0.9818831086158752,0.00011476458166725934
200.4572721445511,0.9817629456520081,0.00011475667997729033
200.47770597854833,0.9819523096084595,0.00011477057705633342
200.49813991230621,0.9832962155342102,0.00011484075366752222
200.5185736456042,0.9863396883010864,0.00011498565436340868
200.53900747890293,0.9944940209388733,0.00011539540719240904
200.55944121173525,0.9983130097389221,0.00011555801756912842
200.57987514432898,0.998784065246582,0.00011559003178263083
200.60030897646357,0.9992143511772156,0.0001156032012659125
200.6207427085974,0.9997701644897461,0.00011562107101781294
200.6411766402598,1.000615119934082,0.00011568585614440963
200.6616104716959,1.0007820129394531,0.0001156769649242051
200.6820442028984,1.001449465751648,0.00011572269431781024
200.70247803362872,1.002167820930481,0.0001157663282356225
200.72291196436709,1.0028738975524902,0.00011579220154089853
200.74334579463175,1.0034250020980835,0.0001158060331363231
200.7637795246701,1.0037351846694946,0.00011583280866034329
200.7842134542443,1.0042868852615356,0.00011584793537622318
200.80464728381776,1.0052728652954102,0.00011588721099542454
200.8250810129175,1.0055594444274902,0.00011590903886826709
200.84551484179246,1.0061876773834229,0.0001159395687864162
200.86594877019525,1.0064293146133423,0.00011593643284868449
200.88638249860378,1.006734013557434,0.0001159661915153265
200.9068163265474,1.007049322128296,0.00011596881813602522
200.92725025425898,1.00734543800354,0.00011597515549510717
200.94768398172891,1.0076590776443481,0.00011600911966525018
200.96811780874123,1.0077558755874634,0.00011598979472182691
200.98855163575354,1.0078238248825073,0.00011600960715441033
201.00898556229367,1.0075607299804688,0.00011599082790780813
201.02941928860673,1.0076813697814941,0.00011598318087635562
201.0498531144549,1.007214069366455,0.00011598800483625382
201.07028704029653,1.006888747215271,0.00011595437536016107
201.09072076567827,1.006289005279541,0.00011592788359848782
201.11115459082794,1.0060746669769287,0.00011592611554078758
201.1315883155039,1.0054597854614258,0.00011589311907300726
201.15202224018867,1.0050320625305176,0.00011588528286665678
201.17245606440702,1.0042905807495117,0.00011584590538404882
201.19288988838525,1.0037461519241333,0.00011581354920053855
201.21332371213794,1.0031296014785767,0.00011579588317545131
201.23375753542496,1.0024789571762085,0.00011573815572774038
201.2541913587047,1.0018253326416016,0.00011572685616556555
201.2746250815253,1.001112937927246,0.00011567319597816095
201.2950590041146,1.000780463218689,0.00011566940520424396
201.31549282623018,0.999906599521637,0.00011561720020836219
201.33592654811946,0.9992837905883789,0.00011560172424651682
201.3563603700095,0.9989052414894104,0.00011558051483007148
201.37679429119453,0.9983943104743958,0.00011554994125617668
201.3972280123853,0.9981179237365723,0.00011554478260222822
201.41766183334403,0.9977307319641113,0.00011553098011063412
201.43809575383057,0.9976553916931152,0.00011552230716915801
201.4585295740908,0.9970881938934326,0.00011550831550266594
201.4789632938846,0.9967618584632874,0.0001154860874521546
201.49939711367188,0.996748685836792,0.00011548214388312772
201.51983103300154,0.9964488744735718,0.00011547964822966605
201.54026475209685,0.9965267181396484,0.00011547190661076456
201.5606985709528,0.9966583847999573,0.00011547901522135362
201.58113248958398,0.996738851070404,0.00011548581824172288
201.60156620774796,0.997010350227356,0.00011549457121873274
201.6220000256726,0.9975025653839111,0.00011551784700714052
201.6424338433717,0.9978275895118713,0.00011554233788046986
201.66286766060512,0.9986161589622498,0.00011556162644410506
201.68330147783126,0.9988095760345459,0.00011557999823708087
201.70373529459903,0.9990663528442383,0.00011559110862435773
201.72416911113396,0.9995749592781067,0.00011561287101358175
201.7446029274288,0.9998779892921448,0.00011563237057998776
201.76503674326523,1.0002727508544922,0.00011564999294932932
201.78547045886808,1.0009820461273193,0.00011567161709535867
201.80590437423234,1.0011595487594604,0.00011568795162020251
201.8263381893703,1.001731276512146,0.00011571004142751917
201.84677190404182,1.0022313594818115,0.00011572979565244168
201.8672058187076,1.002871036529541,0.00011576297401916236
201.88763963291422,1.0033214092254639,0.00011579641432035714
201.90807334665442,1.0034568309783936,0.00011581030412344262
201.92850726038887,1.0040313005447388,0.00011583181185415015
201.94894107366417,1.0043209791183472,0.00011584199819481
201.96937488670665,1.0046236515045166,0.00011585884203668684
201.98980859950825,1.0046679973602295,0.00011586506298044696
202.01024251208582,1.0044950246810913,0.00011585911852307618
202.03067632419697,1.0046659708023071,0.00011584818275878206
202.05111003607453,1.004271149635315,0.00011585060565266758
202.0715439477135,1.0039680004119873,0.00011582643492147326
202.09197775912617,1.0033539533615112,0.00011580772115848958
202.11241147006513,1.0033482313156128,0.00011580075806705281
202.1328452807793,1.0029141902923584,0.00011577673285501078
202.1532791912614,1.0023267269134521,0.0001157314982265234
202.17371290150186,1.001741647720337,0.0001156965663540177
202.1941467112847,1.0014201402664185,0.00011567997717065737
202.2145806210683,1.0009890794754028,0.00011568126501515508
202.23501433037745,1.000020146369934,0.00011563297448446974
202.25544813922897,0.9997488856315613,0.00011561686551431194
202.2758819480805,0.9991664290428162,0.00011558831465663388
202.29631585645984,0.9982927441596985,0.00011553198419278488
202.3167495646121,0.9977760910987854,0.00011552342039067298
202.3371833725323,0.9974207878112793,0.00011550742055987939
202.35761727998033,0.997052013874054,0.00011548221664270386
202.3780509874341,0.9966833591461182,0.00011545845336513594
202.39848479442298,0.9962195158004761,0.00011544488370418549
202.41891850117827,0.9959110021591187,0.00011542256106622517
202.43935240746214,0.9956210851669312,0.00011541327694430947
202.45978621375252,0.9952040910720825,0.00011539996921783313
202.48022001956997,0.9950843453407288,0.00011539021215867251
202.50065382516186,0.9950588941574097,0.00011538663966348395
202.5210876302881,0.9951176047325134,0.00011538807302713394
202.54152143540705,0.9925075769424438,0.00011525678564794362
202.56195514006686,0.9847902059555054,0.00011488046584418043
202.58238904449536,0.9817296266555786,0.00011473402992123738
202.60282284845016,0.9815536141395569,0.00011472187907202169
202.62325655241148,0.9817682504653931,0.00011474498023744673
202.64369045590865,0.9832101464271545,0.00011480863759061322
202.66412425916496,0.9864251613616943,0.00011494644422782585
202.68455796219496,0.9946122169494629,0.00011536694364622235
202.70499176476005,0.9980195760726929,0.0001155081918113865
202.7254256670858,0.9984792470932007,0.00011554151569725946
202.74585946918523,0.9989303946495056,0.00011555845412658527
202.76629317105107,0.9993472695350647,0.00011559684935491532
202.7867270724455,0.9996516108512878,0.00011559594713617116
202.80716087384644,1.0006012916564941,0.00011564744636416435
202.82759457478096,1.0007516145706177,0.00011564262240426615
202.8480283752433,1.0016738176345825,0.00011572887160582468
202.86846227571368,1.0022318363189697,0.00011574306699912995
202.88889597571688,1.0029215812683105,0.00011575828830245882
202.909329775488,1.0033186674118042,0.0001157977239927277
202.92976367501979,1.0037740468978882,0.000115815426397603
202.9501973743245,1.004317045211792,0.0001158298400696367
202.991064971764,1.0056915283203125,0.00011587797052925453
203.01149877013813,1.0058048963546753,0.00011589604400796816
203.0319325680466,1.0061639547348022,0.00011590745998546481
203.05236636594782,1.0062133073806763,0.00011591437214519829
203.0728002633914,1.0069423913955688,0.00011592485680012032
203.09323396059335,1.0068881511688232,0.00011597745469771326
203.11366775733768,1.0072484016418457,0.00011596689728321508
203.13410145408125,1.0072165727615356,0.00011598513810895383
203.15453535036067,1.006967544555664,0.00011597269622143358
203.17496914639923,1.0070443153381348,0.00011596403055591509
203.19540284197865,1.0069154500961304,0.00011596594413276762
203.2158367375523,1.00688898563385,0.00011595732212299481
203.23627053266682,1.0066367387771606,0.00011594667739700526
203.2567043275485,1.006083369255066,0.00011592725059017539
203.27713802196376,1.0057870149612427,0.00011591534712351859
203.29757191637327,1.0050020217895508,0.00011586731852730736
203.31800571032363,1.0042799711227417,0.00011582992738112807
203.3384394040404,1.0038789510726929,0.0001158247105195187
203.35887329751858,1.0034757852554321,0.00011577472469070926
203.37930709053762,1.0026781558990479,0.00011573256051633507
203.39974078332307,1.0019508600234985,0.00011571401410037652
203.42017457586917,1.0012905597686768,0.00011566466855583712
203.44060846819048,1.0005621910095215,0.00011564220039872453
203.4610421600446,0.9997304081916809,0.00011558163532754406
203.4814759518922,0.9993604421615601,0.00011553750664461404
203.50190974328143,0.9986492991447449,0.00011551735224202275
203.522343534205,0.9983362555503845,0.00011549984628800303
203.54277732512128,0.9978415966033936,0.00011547481699381024
203.56321111557918,0.9974769353866577,0.00011547235772013664
203.58364490580425,0.9973181486129761,0.00011545362212928012
203.6040786957892,0.9971330761909485,0.00011544060544110835
203.6245124853158,0.9962929487228394,0.00011542435822775587
203.64494627460954,0.9959015846252441,0.00011538775288499892
203.66538006366318,0.9960862398147583,0.00011540347622940317
203.68581385249126,0.9961190819740295,0.00011541535786818713
203.70624754108576,0.9963058829307556,0.0001154013370978646
203.72668142920884,0.9963423013687134,0.00011543013533810154
203.74711511710484,0.9968194365501404,0.0001154405836132355
203.76754890476877,0.9977467656135559,0.00011547860049176961
203.78798279196053,0.9978623390197754,0.00011548445763764903
203.80841657892597,0.9982732534408569,0.00011550592171261087
203.82885026565782,0.9986256957054138,0.00011550910858204588
203.84928405215032,0.9991486072540283,0.00011554433149285614
203.86971793841803,0.9994153380393982,0.00011555115634109825
203.89015162421856,1.0001004934310913,0.00011557793186511844
203.91058540977974,1.0005451440811157,0.00011563989392016083
203.93101929511613,1.000898003578186,0.00011563659063540399
203.95145297998533,1.0019311904907227,0.00011567868205020204
203.97188676484802,1.0018999576568604,0.00011568843183340505
203.99232054925233,1.0026719570159912,0.00011576114047784358
204.01275433319097,1.0029059648513794,0.00011576132237678394
204.03318811712234,1.0035514831542969,0.00011579739657463506
204.05362190059532,1.0041627883911133,0.00011582084698602557
204.07405578382895,1.0040637254714966,0.00011581175931496546
204.0944894668355,1.0043565034866333,0.000115836868644692
204.11492324961,1.0043940544128418,0.00011582361912587658
204.13535693191807,1.0043843984603882,0.00011583357991185039
204.15579081398755,1.0038572549819946,0.0001158098311861977
204.17622459583072,1.0041879415512085,0.00011580919817788526
204.19665827720746,1.0037546157836914,0.00011579014244489372
204.21709215857845,1.0037329196929932,0.00011580430145841092
204.2375259394903,1.0032730102539062,0.00011575367534533143
204.25795961993572,1.0029538869857788,0.0001157399601652287
204.27839340037463,1.0023969411849976,0.00011570422793738544
204.2988272803559,1.001829743385315,0.00011566690955078229
204.3192610601036,1.0014804601669312,0.0001156723519670777
204.33969473961042,1.0008618831634521,0.00011563550651771948
204.3601286188932,1.0006357431411743,0.00011562016879906878
204.38056239770958,1.0000728368759155,0.00011560241546249017
204.40099607628508,0.9994177222251892,0.00011557673860806972
204.4214298546358,0.9992465376853943,0.00011556954268598929
204.4418637325216,0.998429536819458,0.00011553025979083031
204.4622974103986,0.9979331493377686,0.00011550477938726544
204.482731187818,0.9975429177284241,0.00011547386384336278
204.50316506477247,0.996951162815094,0.00011546220775926486
204.52359874171816,0.9967883229255676,0.00011544887092895806
204.54403251820622,0.9963298439979553,0.00011541300773387775
204.56446629446145,0.9963153600692749,0.00011541284766281024
204.58490017047734,0.9962566494941711,0.00011540094419615343
204.60533384626615,0.9958944916725159,0.00011538480612216517
204.62576762159006,0.9960423111915588,0.00011539150000317022
204.64620149667462,0.9959942698478699,0.00011538167018443346
204.6666351715321,0.9958441853523254,0.00011539929255377501
204.6870689459247,0.9929114580154419,0.00011521000851644203
204.7075026200764,0.985075056552887,0.00011483467096695676
204.7279364940041,0.9824547171592712,0.00011473907943582162
204.7483702676982,0.9822168350219727,0.00011472548794699833
204.76880404115218,0.9824962019920349,0.00011471033212728798
204.78923781414778,0.9840711951255798,0.00011480988905532286
204.80967158691055,0.9872907400131226,0.00011494899808894843
204.83010535943322,0.9959819316864014,0.00011537350655999035
204.85053903149674,0.9981667995452881,0.00011551172792678699
204.87097290356178,0.998748242855072,0.0001155483114416711
204.89140667515312,0.9994845390319824,0.0001155612917500548
204.91184034628532,1.000005841255188,0.00011558750702533871
204.93227421741904,1.0002844333648682,0.00011560894927242771
204.95270798807906,1.0008013248443604,0.00011562516010599211
204.97314165851276,1.0011613368988037,0.00011563389125512913
204.99357552871516,1.0018256902694702,0.00011567329784156755
205.01400929844385,1.0024768114089966,0.00011571734648896381
205.034443067947,1.0030735731124878,0.0001157388323917985
205.05487673721655,1.0036842823028564,0.00011577869008760899
205.0753106062475,1.003920316696167,0.00011577855912037194
205.09574437505216,1.0045678615570068,0.00011582105071283877
205.1161780433904,1.0051846504211426,0.00011584034655243158
205.13661191149004,1.005448579788208,0.00011584332241909578
205.15704567913053,1.0059120655059814,0.00011588376219151542
205.17747934677027,1.0063740015029907,0.00011588632332859561
205.19791311393783,1.0067777633666992,0.00011592444207053632
205.2183469808806,1.0070586204528809,0.00011593611270654947
205.238780647589,1.0076676607131958,0.00011595366231631488
205.25921441383252,1.0073333978652954,0.00011594661191338673
205.2796482798367,1.007551670074463,0.00011596017429837957
205.30008194561378,1.0076556205749512,0.00011595802789088339
205.32051571115153,1.007443904876709,0.00011595517571549863
205.3409494762309,1.0072609186172485,0.00011594952957239002
205.36138324107742,1.006959319114685,0.00011593105591600761
205.38181700568384,1.0063639879226685,0.00011590833310037851
205.4022507700647,1.0060802698135376,0.00011587819608394057
205.42268463398068,1.0056579113006592,0.00011587863991735503
205.44311829765502,1.0050400495529175,0.00011584983440116048
205.46355206110456,1.0045478343963623,0.0001158342492999509
205.48398572432052,1.0038145780563354,0.00011579764395719394
205.50441958706506,1.003016471862793,0.00011573417577892542
205.52485334958328,1.0019581317901611,0.00011569711205083877
205.54528711186867,1.0010098218917847,0.00011564826127141714
205.56572087391396,1.0003856420516968,0.00011562721920199692
205.58615463550086,0.9999780654907227,0.00011559989798115566
205.60658839685493,0.9992023706436157,0.0001155487188952975
205.6270220579754,0.998410165309906,0.00011553215881576762
205.6474559188573,0.9978793263435364,0.00011548863403731957
205.66788967928005,0.996971070766449,0.0001154568453785032
205.68832333946193,0.9963654279708862,0.00011543920118128881
205.70875719941978,0.9963712692260742,0.00011541772255441174
205.7291909589112,0.9957728385925293,0.00011540556442923844
205.74962461840187,0.995721697807312,0.00011541837739059702
205.77005837742036,0.9952076077461243,0.00011533011274877936
205.79049223598122,0.9947741031646729,0.00011532758799148723
205.81092589453328,0.9947922825813293,0.0001153215707745403
205.83135965262773,0.9951605200767517,0.00011531696509337053
205.8517935104901,0.9952067136764526,0.00011537733371369541
205.8722272681116,0.9954111576080322,0.00011537780665094033
205.89266092527396,0.9959843158721924,0.00011538925900822505
205.91309468243708,0.9965935349464417,0.00011545071174623445
205.93352853912802,0.9969249367713928,0.00011546503083081916
205.97439595159085,0.9981372952461243,0.00011548621841939166
205.99482980735047,0.998339831829071,0.00011552704381756485
206.015263462883,0.9994029998779297,0.00011558100959518924
206.03569721795066,1.0001364946365356,0.00011559866106836125
206.05613097301102,1.000412940979004,0.00011559918493730947
206.076564727613,1.000848650932312,0.0001156200742116198
206.09699848198215,1.0016486644744873,0.00011566741886781529
206.11743223611847,1.0023785829544067,0.00011570286005735397
206.13786608978262,1.002319574356079,0.00011571970389923081
206.1582997432197,1.0028609037399292,0.0001157489386969246
206.1787334964174,1.0031737089157104,0.00011574862583074719
206.19916714915598,1.0036336183547974,0.00011579774582060054
206.21960100189608,1.0036076307296753,0.00011579522106330842
206.24003475416976,1.0035043954849243,0.00011576029646676034
206.26046840620256,1.003495216369629,0.00011577564146136865
206.2809022577785,1.0030690431594849,0.00011576367251109332
206.30133600934641,1.0032671689987183,0.00011577163240872324
206.32176976045594,1.00316321849823,0.0001157760270871222
206.34220341109904,1.0031276941299438,0.00011576301767490804
206.36263726174366,1.0028835535049438,0.00011574674863368273
206.38307101191458,1.0027908086776733,0.00011575351527426392
206.4035046618592,1.0024672746658325,0.00011570493370527402
206.4239385115652,1.0021450519561768,0.00011570251081138849
206.4443722608121,1.001722812652588,0.00011570063361432403
206.4648059100582,1.0013282299041748,0.00011568147601792589
206.48523965883942,1.0009453296661377,0.00011561764404177666
206.50567350714846,1.000321388244629,0.00011561901192180812
206.52610715546325,0.9998432397842407,0.00011558281403267756
206.54654090331314,0.999609112739563,0.00011557707330211997
206.5669747509237,0.9989176988601685,0.00011553731019375846
206.58740839807433,0.9986013770103455,0.00011552068463061005
206.60784214522573,0.9979506134986877,0.00011549561168067157
206.6282758919042,0.9976148009300232,0.00011549046030268073
206.64870973835787,0.9972668886184692,0.00011545493907760829
206.66914338434435,0.9969351291656494,0.00011541323328856379
206.68957713032432,0.9965686798095703,0.00011538427497725934
206.71001097584667,0.9963656663894653,0.00011537530372152105
206.73044462113467,0.9958285093307495,0.00011535543308127671
206.75087836595048,0.9960850477218628,0.00011538316175574437
206.77131201054,0.9963316321372986,0.0001153823541244492
206.79174585489818,0.9952220320701599,0.00011537894897628576
206.8121795990155,0.994988203048706,0.00011537311365827918
206.83261334290728,0.9930450916290283,0.00011523041757754982
206.8530470863334,0.9849250316619873,0.00011487944721011445
206.8734808295194,0.9828089475631714,0.00011479121894808486
206.89391457247984,0.9826110005378723,0.00011477041698526591
206.91434821497387,0.9835767149925232,0.00011481454566819593
206.9347820572293,0.9847009778022766,0.0001148572628153488
206.95521579925844,0.9882573485374451,0.00011503672430990264
206.97564944105397,0.9967739582061768,0.00011545952293090522
206.9960832823781,0.9996678829193115,0.00011559318954823539
207.0165170234759,1.0008022785186768,0.0001156768121290952
207.0369506643401,1.0002415180206299,0.00011562477448023856
207.05738440496498,1.000989556312561,0.00011563779844436795
207.07781814513146,1.0010182857513428,0.00011565454042283818
207.0982518850651,1.001495122909546,0.0001156888174591586
207.11868562475865,1.0024217367172241,0.00011571110371733084
207.1391194642274,1.0025523900985718,0.00011572986113606021
207.15955310322897,1.0032694339752197,0.00011575553799048066
207.1799868419912,1.0036832094192505,0.0001157683800556697
207.20042058052786,1.0041632652282715,0.00011579479178180918
207.22085431859887,1.0047489404678345,0.00011583129526115954
207.2412880566626,1.005355715751648,0.00011587562039494514
207.26172179426794,1.0052716732025146,0.000115858310891781
207.28215553140762,1.0057032108306885,0.00011588064808165655
207.30258926854003,1.0062601566314697,0.00011590369831537828
207.32302300521405,1.0063849687576294,0.00011591162910917774
207.34345664165448,1.0069935321807861,0.00011593969247769564
207.3638904776235,1.0069955587387085,0.00011594497482292354
207.38432421359903,1.0069442987442017,0.00011594738316489384
207.40475784910814,1.0074931383132935,0.0001159732200903818
207.42519168437866,1.007311224937439,0.00011595845717238262
207.44562541919004,1.0070520639419556,0.0001159622916020453
207.46605905400065,1.006831169128418,0.00011592909140745178
207.4864927883391,1.0062992572784424,0.00011591249494813383
207.50692662245274,1.005959153175354,0.00011590513167902827
207.5273602560992,1.0057107210159302,0.00011588176130317152
207.54779398973915,1.0049388408660889,0.00011583138257265091
207.5886614556366,1.0038104057312012,0.0001157820297521539
207.60909518834524,1.003050446510315,0.00011576090037124231
207.62952892059548,1.002150535583496,0.00011570519563974813
207.64996275261365,1.0015645027160645,0.00011566442117327824
207.67039638415736,1.0003056526184082,0.00011562251893337816
207.6908301157091,1.000105381011963,0.00011562368308659643
207.71126394679595,0.9996321797370911,0.00011559292761376128
207.73169757764117,0.9989576935768127,0.00011557343532331288
207.7521313082616,0.9984675049781799,0.00011555514356587082
207.7725649384156,0.9975703358650208,0.00011550416093086824
207.79299876833102,0.9972189664840698,0.0001154887504526414
207.81343249802012,0.9972341656684875,0.00011546824680408463
207.8338661272428,0.9967674612998962,0.00011540627019712701
207.85429995645973,0.9961369037628174,0.00011540512059582397
207.8747336852175,0.9963375329971313,0.00011539745901245624
207.89516741350963,0.9960530996322632,0.00011539221304701641
207.9156010417937,0.9956531524658203,0.00011537858517840505
207.93603486962093,0.9958010911941528,0.00011537763202795759
207.95646859721455,0.9957492351531982,0.000115377435577102
207.9769022245746,0.9959176182746887,0.0001154005149146542
207.9973360514632,0.9963644742965698,0.00011540197010617703
208.0177697781255,0.9964649677276611,0.00011541436106199399
208.03820340454695,0.9973598122596741,0.00011550571070984006
208.0586371307436,0.9983052015304565,0.00011552976502571255
208.07907095647533,0.9985097646713257,0.00011555608216440305
208.09950458197272,0.9987683296203613,0.00011555591481737792
208.11993830723077,0.9993671774864197,0.0001155918653239496
208.1403721320312,0.9997427463531494,0.00011561025166884065
208.16080585682357,1.0001633167266846,0.00011562914733076468
208.1812394811568,1.0008103847503662,0.00011563810403458774
208.20167320502514,1.0007623434066772,0.0001156554717454128
208.22210702888697,1.001266598701477,0.00011566801549633965
208.24254065228888,1.0013447999954224,0.00011567425826797262
208.26297437545873,1.0018746852874756,0.00011571383220143616
208.28340819838922,1.002166986465454,0.00011571002687560394
208.30384182085982,1.0021462440490723,0.00011571027425816283
208.32427554309834,1.0027605295181274,0.00011574572999961674
208.34470926510403,1.0024784803390503,0.00011573195661185309
208.3651429868696,1.0022876262664795,0.00011572528455872089
208.3855767081768,1.0023268461227417,0.00011572700896067545
208.4060104292439,1.0025453567504883,0.00011572660150704905
208.42644415008544,1.0021157264709473,0.00011570371134439483
208.44687787046132,1.001655101776123,0.00011568783520488068
208.46731159060437,1.0020333528518677,0.000115703594929073
208.48774521050655,1.0017974376678467,0.00011570010974537581
208.5081790301847,1.0015451908111572,0.00011569663183763623
208.52861274938914,1.0012966394424438,0.0001156739381258376
208.5490463686001,1.0015422105789185,0.0001156883590738289
208.56948018734693,1.0010039806365967,0.00011566710600163788
208.58991390562005,1.0009137392044067,0.00011565755994524807
208.61034762390045,1.0005292892456055,0.00011564224405447021
208.63078124171443,0.9997653961181641,0.0001156115613412112
208.651215059057,0.9996513724327087,0.00011559038102859631
208.67164877640607,0.9988700151443481,0.00011557258403627202
208.69208239328873,0.9988186359405518,0.00011556239769561216
208.7125162099328,0.998464047908783,0.00011554546654224396
208.73294992635056,0.9975540637969971,0.00011546020687092096
208.7533835423019,0.9974362254142761,0.00011545478628249839
208.7738172582467,0.9968547821044922,0.00011543067375896499
208.79425107350107,0.9965169429779053,0.00011541820276761428
208.8146846887539,0.996273934841156,0.00011540310515556484
208.83511840354186,0.9959273338317871,0.00011538224498508498
208.85555221832328,0.9954874515533447,0.00011537249520188197
208.87598583241197,0.9956888556480408,0.00011538225953700021
208.89641954649414,0.9957886338233948,0.0001153962584794499
208.91685326011793,0.9956663250923157,0.00011539144179550931
208.95772068666702,0.9961336851119995,0.00011540891864569858
208.9781543993522,0.9925892949104309,0.00011525024456204847
208.99858821204543,0.9851341247558594,0.0001149053787230514
209.0190218242642,0.9832279086112976,0.00011482361878734082
209.03945553602534,0.9828066229820251,0.00011481234105303884
209.05988914778573,0.9837060570716858,0.00011484304559417069
209.08032295908197,0.984818696975708,0.00011489616008475423
209.10075667013734,0.9888641834259033,0.00011506905866554007
209.12119038073433,0.9968999028205872,0.00011543116124812514
209.14162409132405,0.9996358156204224,0.00011560266284504905
209.16205780145538,1.0000513792037964,0.000115627670311369
209.18249151112104,1.0006483793258667,0.00011565590830286965
209.20292512078595,1.001546025276184,0.00011568039917619899
209.22335892997944,1.0021717548370361,0.0001157233928097412
209.24379263894662,1.0026237964630127,0.00011573792289709672
209.2642262476802,1.0032542943954468,0.00011577452823985368
209.28466005594237,1.003633737564087,0.00011579349666135386
209.30509376397822,1.0043137073516846,0.00011580307909753174
209.32552737178048,1.004528284072876,0.00011583550804061815
209.3459610793434,1.005079746246338,0.00011584900494199246
209.3663948864487,1.0056498050689697,0.00011587466724449769
209.38682849331963,1.005886435508728,0.0001159228922915645
209.40726219995122,1.0062471628189087,0.00011592335067689419
209.4276960061252,1.0066357851028442,0.00011595106479944661
209.44812971206557,1.0064234733581543,0.00011594477109611034
209.46856331776507,1.0069819688796997,0.00011596320837270468
209.4889970232398,1.0069031715393066,0.00011595116666285321
209.50943082824233,1.006819486618042,0.00011595259275054559
209.5298644330178,1.0070974826812744,0.00011596155673032627
209.55029813756119,1.0067614316940308,0.00011593911767704412
209.5707319418725,1.0065217018127441,0.00011595237447181717
209.59116554570937,1.0062023401260376,0.00011590270150918514
209.61159924932144,1.0058962106704712,0.00011590154463192448
209.63203295270068,1.0053086280822754,0.0001158659506472759
209.652466655607,1.0049360990524292,0.00011583859304664657
209.67290035852056,1.0041208267211914,0.00011581544094951823
209.69333406096848,1.0032182931900024,0.00011576594260986894
209.71376786294422,1.0026323795318604,0.00011573474330361933
209.73420146492572,1.0019032955169678,0.00011570776405278593
209.7546351664423,1.0015209913253784,0.00011568956688279286
209.77506876771804,1.0007059574127197,0.00011564955639187247
209.7955025685369,1.0001846551895142,0.00011564291344257072
209.81593626912218,0.9996689558029175,0.00011558699770830572
209.8363698696994,0.99909508228302,0.00011553130752872676
209.85680366958695,0.9985253214836121,0.00011551102943485603
209.87723736947373,0.9981114268302917,0.00011549795453902334
209.89767106888758,0.9975194334983826,0.00011547612666618079
209.9181046680751,0.9972203969955444,0.0001154597703134641
209.9385384667985,0.9969692826271057,0.00011543875734787434
209.95897216551384,0.997330367565155,0.00011545814777491614
209.97940576377005,0.9969613552093506,0.00011545170855242759
209.99983956179494,0.997057318687439,0.00011544495646376163
210.02027325934614,0.9969122409820557,0.00011543537402758375
210.04070685690385,0.9966114163398743,0.00011542928405106068
210.06114065399743,0.9963868260383606,0.00011541302956175059
210.0815743506173,0.99655681848526,0.00011541666754055768
210.1020079472437,0.9965351223945618,0.00011542396532604471
210.12244164340518,0.9968909621238708,0.00011543153959792107
210.14287543932733,0.9968634843826294,0.00011544195876922458
210.16330903478956,0.9971985816955566,0.00011545085726538673
210.18374273025256,0.9981509447097778,0.00011548344627954066
210.20417652524338,0.9984060525894165,0.0001155099889729172
210.22461021977506,0.9986854791641235,0.00011551896022865549
210.24504381430597,0.9993219971656799,0.00011553824151633307
210.2654775083647,0.9996559023857117,0.00011555696983123198
210.28591130219866,0.999788761138916,0.00011559799168026075
210.30634489579825,1.000032901763916,0.00011557117977645248
210.32677858892566,1.0008139610290527,0.00011566764442250133
210.34721238182829,1.0006380081176758,0.00011564396118046716
210.36764597449655,1.0010871887207031,0.00011566821194719523
210.38807966692548,1.0012900829315186,0.00011568792979232967
210.40851335889602,1.0012569427490234,0.00011568308400455862
210.42894705063372,1.001300573348999,0.00011568022455321625
210.44938074213132,1.0013619661331177,0.00011568910849746317
210.46981443317054,1.0018444061279297,0.00011570573406061158
210.49024812420976,1.0014435052871704,0.00011568849731702358
210.5106818145432,1.0012855529785156,0.0001156820435426198
210.53111550488393,1.001140832901001,0.00011567566980374977
210.55154909475823,1.0013577938079834,0.00011569604248506948
210.57198288462678,1.0010985136032104,0.0001156655780505389
210.59241657380335,1.0010005235671997,0.00011565667227841914
210.61285016297916,1.000765323638916,0.0001156627549789846
210.63328395168355,1.0003482103347778,0.00011562246072571725
210.65371754016087,1.0005369186401367,0.0001156009457190521
210.67415122840612,1.000020146369934,0.00011558321421034634
210.69458491617843,1.0000364780426025,0.0001155869395006448
210.71501870372595,0.9994434714317322,0.00011555257515283301
210.7354522910391,0.9991571307182312,0.00011554198135854676
210.75588597811293,0.9991027116775513,0.00011554174852790311
210.77631976472912,0.9987282156944275,0.00011551396892173216
210.79675345111173,0.9980909824371338,0.00011549471673788503
210.81718703725346,0.9979538321495056,0.00011549027112778276
210.83762072293757,0.9975755214691162,0.00011546190944500268
210.85805440862168,0.99668949842453,0.00011543252185219899
210.87848809383286,0.9963470697402954,0.00011540393461473286
210.89892177858565,0.9958910346031189,0.00011539483966771513
210.91935546333843,0.9959104061126709,0.00011539312254171818
210.93978914761828,0.9956519603729248,0.00011537831596797332
210.96022283143975,0.9952356815338135,0.00011536751117091626
210.98065651526122,0.995090126991272,0.00011535083467606455
211.00109019860975,0.995241105556488,0.00011536730016814545
211.02152388173272,0.9951789975166321,0.00011536008969414979
211.0419574646221,0.9950773119926453,0.00011535415978869423
211.06239124704007,0.9952937364578247,0.00011536036618053913
211.08282492923172,0.9954995512962341,0.00011538196122273803
211.10325851118978,0.994416356086731,0.00011539363185875118
211.1236921929085,0.9918575286865234,0.00011520179396029562
211.14412597416958,0.984454870223999,0.00011488200834719464
211.16455955519632,0.9825078248977661,0.00011479476233944297
211.184993235991,0.9828469157218933,0.00011480443208711222
211.20542701631348,0.9834322333335876,0.00011483742855489254
211.22586069664248,0.9846920967102051,0.00011489225289551541
211.24629427626496,0.9889705181121826,0.00011508614988997579
211.26672805589624,0.9974192380905151,0.00011546555469976738
211.2871617350611,0.9994942545890808,0.00011554749653441831
211.30759531399235,0.9999303221702576,0.00011557662219274789
211.32802899268427,1.0006554126739502,0.00011560410348465666
211.3484627711514,1.0013936758041382,0.00011569049092940986
211.36889634914405,1.001882553100586,0.00011570151400519535
211.38933002691192,1.002414345741272,0.0001157320657512173
211.40976380444772,1.003131628036499,0.00011576557153603062
211.43019738151634,1.0038186311721802,0.00011578859994187951
211.4506310583456,1.0040500164031982,0.00011580800492083654
211.47106473494932,1.0048578977584839,0.00011583675950532779
211.4914984110801,1.0051243305206299,0.00011585537868086249
211.51193208698533,1.0054244995117188,0.00011586619075387716
211.53236576289055,1.0060166120529175,0.000115887654828839
211.55279953809077,1.0062400102615356,0.00011590302165132016
211.57323311329674,1.0063072443008423,0.00011591132351895794
211.5936667880378,1.0066022872924805,0.00011591093789320439
211.6141003625453,1.00678551197052,0.00011591825023060665
211.63453413658135,1.0068387985229492,0.00011593048111535609
211.65496781062393,1.007120132446289,0.00011593708040891215
211.6754013842001,1.0067304372787476,0.00011592156806727871
211.69583515730483,1.006568193435669,0.00011591579095693305
211.71626883041608,1.0064778327941895,0.00011590717622311786
211.7367025030544,1.0059237480163574,0.00011588040069909766
211.7571360754664,1.005801796913147,0.0001158766754087992
211.7775698476471,1.0053863525390625,0.00011584831372601911
211.7980035193541,1.004273772239685,0.00011580943100852892
211.81843709083478,1.0038176774978638,0.00011579231795622036
211.83887086208415,1.0034486055374146,0.00011576448014238849
211.85930453285982,1.0024248361587524,0.00011573679512366652
211.87973810340918,1.001826286315918,0.00011570382775971666
211.90017177372647,1.001478672027588,0.00011564292799448594
211.94103911342245,1.0006327629089355,0.0001155956051661633
211.9614727828084,0.9996989369392395,0.0001155577483586967
211.98190655195503,0.9993994832038879,0.0001155518475570716
212.0023397208788,0.998903214931488,0.00011551647912710905
212.02277328932541,0.998404860496521,0.0001154927522293292
212.04320685754647,0.9984474778175354,0.00011549127520993352
212.0636406255362,0.9982714653015137,0.00011548155453056097
212.08407429305225,0.9984176754951477,0.00011549477494554594
212.10450786034198,0.9979637861251831,0.0001154747442342341
212.1249416274004,0.9980109930038452,0.00011547072062967345
212.14537529421796,0.9978755116462708,0.0001154657729784958
212.16580886057636,0.9980873465538025,0.0001154775163740851
212.1862425267027,0.9978199601173401,0.00011546372843440622
212.2066762925897,0.9977649450302124,0.00011546544556040317
212.22710985801677,0.9976321458816528,0.00011545942834345624
212.2475435232118,0.9976436495780945,0.00011544470908120275
212.26797728816746,0.9976532459259033,0.0001154619749286212
212.2884109528968,0.9975674748420715,0.00011546741734491661
212.30884451715974,0.9982030391693115,0.00011548461043275893
212.3292781811906,0.9987621307373047,0.00011551116040209308
212.34971194498212,0.9990618824958801,0.0001155259451479651
212.37014550831373,0.9997931718826294,0.00011553757940419018
212.390579171406,1.0000015497207642,0.00011556273966562003
212.41101293427346,1.0002803802490234,0.00011557323159649968
212.43144649690657,1.0004409551620483,0.00011557577090570703
212.4518801590748,1.0005509853363037,0.00011558896949281916
212.47231392100366,1.0012521743774414,0.0001155969439423643
212.49274748270545,1.000819444656372,0.0001156019716290757
212.51318114393507,1.0011000633239746,0.00011562058352865279
212.53361480493913,1.0011924505233765,0.00011560504208318889
212.55404846571037,1.0012829303741455,0.00011562422878341749
212.57448212624877,1.0009400844573975,0.00011560647544683889
212.59491568631347,1.0012530088424683,0.00011562493455130607
212.61534944615414,1.0007966756820679,0.00011560532584553584
212.63578310575394,1.0007063150405884,0.0001155892459792085
212.65621666512743,1.00101900100708,0.00011560459097381681
212.67665032403602,1.0011285543441772,0.00011560797429410741
212.69708408271254,1.0007697343826294,0.00011560396524146199
212.7175176409146,1.0008904933929443,0.0001156078142230399
212.7379512991247,1.0011500120162964,0.00011562290455913171
212.7583850568626,1.0005824565887451,0.00011559666018001735
212.77881861437345,1.000639796257019,0.00011557192192412913
212.7992522714194,1.0006473064422607,0.0001156061262008734
212.8196859282325,1.000573754310608,0.00011559413542272523
212.84011968480627,1.000474214553833,0.0001155900681624189
212.86055324115296,1.0002925395965576,0.0001155834979726933
212.88098689702747,1.0000468492507935,0.00011556823301361874
212.9014206526772,1.000032663345337,0.00011556461686268449
212.92185420809255,0.9993828535079956,0.000115537281089928
212.94228786327585,0.9989091753959656,0.00011551144416444004
212.96272141798545,0.9983940720558167,0.00011549272312549874
212.98315517247102,0.9981220960617065,0.00011547756002983078
213.00358882648288,0.9977809190750122,0.00011546345194801688
213.02402248050203,0.9973655343055725,0.00011544752487679943
213.0444561340555,0.9969479441642761,0.00011542782158358023
213.06488978737616,0.9968978762626648,0.00011541567801032215
213.08532344022387,0.9966406226158142,0.00011542030551936477
213.1057569930781,0.9967913031578064,0.00011541804269654676
213.12619074546092,0.9963656663894653,0.00011539940169313923
213.14662439738458,0.9960948824882507,0.00011539673869265243
213.1670579493075,0.9963886737823486,0.00011540031846379861
213.18749170076626,0.9962612390518188,0.00011539876140886918
213.20792535175133,0.9963425397872925,0.00011539182742126286
213.2283589027429,0.9965512752532959,0.00011541708227014169
213.2487925532696,0.9950850009918213,0.00011539346451172605
213.26922630355693,0.9920782446861267,0.00011521115084178746
213.28965995361796,0.9846506714820862,0.00011486288713058457
213.31009350321256,0.9829857349395752,0.00011477858060970902
213.33052725256857,0.9829908013343811,0.0001147965231211856
213.35096090169827,0.9835082292556763,0.00011481905676191673
213.37139445059438,0.9849976897239685,0.00011487558367662132
213.3918280990183,0.9896411299705505,0.00011507521412568167
213.41226184721745,0.9978013634681702,0.00011547257599886507
213.43269539518224,0.9997615218162537,0.00011555189121281728
213.45312904267485,1.0004403591156006,0.00011557817197171971
213.47356278994266,1.0015171766281128,0.00011563985026441514
213.49399633697612,1.001895785331726,0.00011564558371901512
213.5144299835374,1.0023736953735352,0.00011567000183276832
213.53486373010674,1.003031849861145,0.00011574162635952234
213.55529727620888,1.0035512447357178,0.00011576333054108545
213.57573092183884,1.0041157007217407,0.00011579164129216224
213.59616456747608,1.004923701286316,0.00011582830484258011
213.61659821264766,1.0052677392959595,0.00011584228923311457
213.63703185757913,1.0058127641677856,0.00011587404878810048
213.65746550205222,1.0063254833221436,0.00011588056804612279
213.67789924629324,1.0070202350616455,0.00011591400107135996
213.69833279029262,1.0072591304779053,0.00011593391536734998
213.71876643406722,1.0076186656951904,0.0001159401290351525
213.7391999773754,1.0077786445617676,0.0001159522362286225
213.7596337206778,1.0079548358917236,0.00011596697004279122
213.78006736328825,1.0079755783081055,0.00011596154217841104
213.8005010058987,1.0076406002044678,0.00011594629177125171
213.8209346480362,1.007685899734497,0.00011594704119488597
213.84136828994815,1.0073224306106567,0.00011592447117436677
213.86180193162727,1.0072091817855835,0.0001159262319561094
213.8822354728327,1.0069962739944458,0.00011590059875743464
213.90266921381408,1.0064892768859863,0.0001158805243903771
213.92310285456188,1.0059781074523926,0.00011586736218305305
213.9435363950688,1.0054807662963867,0.00011585203901631758
213.96397013511887,1.004417061805725,0.00011579157580854371
213.98440377493534,1.0041961669921875,0.00011578888370422646
214.00483731427812,1.0035432577133179,0.00011570541391847655
214.02527095362893,1.0028712749481201,0.00011567903129616752
214.04570459251408,1.001974105834961,0.00011565084423637018
214.06613823115913,1.0015531778335571,0.00011561813153093681
214.0865718693458,1.0010823011398315,0.00011560518032638356
214.10700550729962,1.0001493692398071,0.00011555788660189137
214.12743914501334,0.9999547004699707,0.00011554755474207923
214.1478727825015,0.9991568922996521,0.00011550646740943193
214.16830631952325,0.9986498951911926,0.00011550323688425124
214.18874005653925,0.9983609318733215,0.00011548359907465056
214.20917369286326,0.9980443716049194,0.00011545983579708263
214.2296072291865,0.9974926114082336,0.00011544678272912279
214.25004096503835,0.9973750114440918,0.00011543792061274871
214.27047460066387,0.9972355961799622,0.00011543726577656344
214.2909081360558,0.9968697428703308,0.00011541132698766887
214.31134177098284,0.9967991709709167,0.0001154111887444742
214.33177550567052,0.9968595504760742,0.00011540139530552551
214.3522091401319,0.9964953660964966,0.0001153826160589233
214.37264267411956,0.997201144695282,0.00011550956696737558
214.39307640811603,0.996461808681488,0.00011540087143657729
214.41351004141325,0.9964185953140259,0.00011540122068254277
214.43394357470243,0.9970995783805847,0.00011541917046997696
214.45437730753474,0.9971345067024231,0.00011542377615114674
214.47481094013347,0.9977315664291382,0.00011546131281647831
214.49524447249132,0.9982767105102539,0.00011548148177098483
214.51567810462439,0.9987289309501648,0.00011550958879524842
214.53611183629255,0.9988352060317993,0.00011550064664334059
214.55654536771908,1.0100561380386353,0.00011666167119983584
214.576978998688,0.9995782971382141,0.00011551828356459737
214.59741272965766,0.9997352957725525,0.00011554227967280895
214.61784626015287,1.0000447034835815,0.0001155523641500622
214.6382798904233,1.0000388622283936,0.00011556170647963881
214.65871352022805,1.0003172159194946,0.00011556874960660934
214.67914724979346,0.9999080300331116,0.00011553014337550849
214.6995807791318,0.9999909996986389,0.00011555547098396346
214.72001440823806,1.0003490447998047,0.00011556137906154618
214.74044813687215,1.0001864433288574,0.0001155427671619691
214.76088166527916,1.0001922845840454,0.00011554838420124725
214.7813152934541,1.0003331899642944,0.00011556111712707207
214.8017489211561,1.000084638595581,0.0001155469217337668
214.82218254863255,1.0001652240753174,0.00011554419324966148
214.84261617587617,0.9999051690101624,0.00011554370576050133
214.8630498028797,1.0001131296157837,0.0001155588761321269
214.8834834294248,1.0001370906829834,0.00011555081437109038
214.9243506818093,0.9999052882194519,0.00011555547098396346
214.94478420742234,0.999756395816803,0.00011553610966075212
214.96521793280408,0.9995246529579163,0.00011552877549547702
214.98565155794495,0.9993278980255127,0.00011551896022865549
215.0060850828595,0.9994688630104065,0.00011553267540875822
215.0265188073099,0.9993506669998169,0.00011551685747690499
215.04695243151946,0.9987597465515137,0.00011548119800863788
215.0673859555027,0.9986875057220459,0.0001154781857621856
215.08781957902102,0.9982057213783264,0.00011546039604581892
215.1082533023,0.997577428817749,0.0001154227284132503
215.12868692535267,0.9974040985107422,0.00011542454740265384
215.1491204479389,0.9973335862159729,0.00011541986168595031
215.1695541705194,0.9967115521430969,0.00011539411207195371
215.18998779264075,0.9970346689224243,0.00011539363913470879
215.21042131429567,0.9964665174484253,0.00011536743841134012
215.23085493594408,0.9964010119438171,0.00011537904356373474
215.25128865713486,0.996147096157074,0.00011536838428582996
215.27172217785846,0.9962792992591858,0.00011536996316863224
215.29215579858283,0.9960607290267944,0.0001153642006102018
215.312589518835,0.9960532188415527,0.00011535394878592342
215.33302303886012,0.996268630027771,0.0001153699922724627
215.35345665864588,0.9962117671966553,0.00011537534737726673
215.37389027797326,0.9967303276062012,0.00011538210674189031
215.3943238970678,0.995945155620575,0.00011538956459844485
215.41475751592952,0.9920012950897217,0.0001151840333477594
215.4351911343183,0.9851714968681335,0.00011486541188787669
215.45562475271436,0.9835875630378723,0.00011479760723887011
215.47605837063747,0.9835388660430908,0.00011478109081508592
215.4964919881022,0.9842180013656616,0.0001148284281953238
215.5169256053341,0.985599935054779,0.00011489008466014639
215.53735922233318,0.9905712008476257,0.0001151033429778181
215.55779283909214,0.9987756609916687,0.00011549334885785356
215.5782263556248,1.000797986984253,0.00011559690028661862
215.59866007168603,1.0014756917953491,0.00011562290455913171
215.61909358752018,1.0020945072174072,0.00011565910244826227
215.63952720288944,1.0026392936706543,0.00011568541958695278
215.65996091825946,1.0030869245529175,0.00011568993795663118
215.68039453315578,1.0039246082305908,0.00011574284872040153
215.70082804759295,1.0042757987976074,0.00011574363452382386
215.72126166203088,1.0047780275344849,0.0001157817168859765
215.74169537599664,1.0050768852233887,0.00011578816338442266
215.76212888973532,1.0052695274353027,0.00011578692647162825
215.80299621604354,1.0061756372451782,0.00011585278843995184
215.8234297288509,1.0061451196670532,0.00011583357991185039
215.8438633414262,1.0067740678787231,0.00011590774374781176
215.86429695352854,1.0068261623382568,0.00011592121154535562
215.88473056540533,1.0066031217575073,0.00011591661314014345
215.9051641770493,1.0069082975387573,0.00011591630754992366
215.92559778845316,1.0071158409118652,0.00011593259841902182
215.94603139939863,1.0070914030075073,0.00011591774091357365
215.96646501011128,1.007068157196045,0.00011592650844249874
215.98689862058382,1.0065808296203613,0.00011590625217650086
216.0073321305972,1.0065051317214966,0.0001158930899691768
216.0277658403793,1.0065032243728638,0.00011587650078581646
216.0481994499205,1.0055040121078491,0.00011580800492083654
216.06863295900257,1.005079746246338,0.00011577566328924149
216.08906666784605,1.0048657655715942,0.00011577542318264022
216.10950027646322,1.0041569471359253,0.00011576111137401313
216.1299337848468,1.0034798383712769,0.00011570493370527402
216.15036739276547,1.0031766891479492,0.00011570095375645906
216.1708011004448,1.0025516748428345,0.00011567199544515461
216.19123470789782,1.0021071434020996,0.00011565098975552246
216.2116682148844,1.0016958713531494,0.00011563532461877912
216.23210192163242,1.0008682012557983,0.00011560905841179192
216.2525355281541,1.000883936882019,0.00011560556595213711
216.2729690344422,1.000222086906433,0.00011557419202290475
216.2934027402589,0.9998456239700317,0.00011555322998901829
216.31383634584927,0.9993998408317566,0.00011552761861821637
216.33426985120605,0.9989072680473328,0.00011550878843991086
216.35470345609065,0.9985995888710022,0.00011549828923307359
216.37513716075046,0.9982223510742188,0.00011546773021109402
216.3955706651759,0.9981440305709839,0.00011547719623195007
216.41600426936202,0.9978384971618652,0.00011545893357833847
216.4364379730905,0.997900664806366,0.00011544326116563752
216.45687147658464,0.9975768327713013,0.0001154424826381728
216.4773050796066,0.9979284405708313,0.00011547312169568613
216.49773868263583,0.9975449442863464,0.00011543316941242665
216.51817238520016,0.9976227879524231,0.00011543090658960864
216.53860588752286,0.9977378845214844,0.00011544710287125781
216.55903948938794,0.9978901147842407,0.00011543409345904365
216.57947319101368,0.998021125793457,0.00011544440349098295
216.59990669241233,0.9982776641845703,0.00011547378380782902
216.62034029357892,0.9989277720451355,0.00011549004557309672
216.64077389427985,0.9990074038505554,0.0001155133213615045
216.66120749474067,0.9994471669197083,0.0001155255813500844
216.68164109497593,0.9996246695518494,0.00011553998047020286
216.70207469474553,0.9996462464332581,0.00011553837975952774
216.72250829427503,0.9997737407684326,0.00011553589138202369
216.74294189357897,0.9999578595161438,0.00011554965749382973
216.76337549265008,0.9998647570610046,0.00011555694072740152
216.7838089912475,1.0000367164611816,0.00011554788216017187
216.80424268962088,0.9998012185096741,0.00011554199591046199
216.82467628776067,0.9997917413711548,0.0001155420541181229
216.84510978542676,0.9997730255126953,0.00011553956574061885
216.86554348286882,0.9997879266738892,0.00011555300443433225
216.88597708007728,0.999673068523407,0.00011554703814908862
216.90641057704488,0.999700129032135,0.00011554654338397086
216.92684417355485,0.9996340274810791,0.00011553559306776151
216.947277769832,0.999671459197998,0.0001155406134785153
216.96771146563697,0.9996416568756104,0.00011553409422049299
216.9881449614477,0.9995931386947632,0.00011553211516002193
217.00857865679427,0.9994800090789795,0.00011552407522685826
217.02901215189922,0.9995202422142029,0.00011552825890248641
217.04944574654655,0.9991804361343384,0.00011550852650543675
217.06987934096105,0.9990487098693848,0.00011550291674211621
217.09031293513544,0.9989637136459351,0.00011551331408554688
217.11074652908428,0.9984706044197083,0.00011548485781531781
217.1311800225667,0.9984140992164612,0.0001154830606537871
217.15161371581053,0.9984302520751953,0.0001154784404207021
217.17204730882804,0.9981004595756531,0.0001154528436018154
217.19248080137913,0.9977874755859375,0.00011544464359758422
217.21291449369164,0.9973278641700745,0.00011542992433533072
217.23334808577783,0.997143030166626,0.00011543276195880026
217.2537816776312,0.9967396855354309,0.00011539953266037628
217.27421516901813,0.9965071082115173,0.00011539314436959103
217.2946488601665,0.9961523413658142,0.00011537833051988855
217.3150824508557,0.9960742592811584,0.00011537141836015508
217.33551594153687,0.9959354400634766,0.00011537013051565737
217.35594963176118,0.9959566593170166,0.00011536608508322388
217.3763832217519,0.9959742426872253,0.00011536321107996628
217.3968167112762,0.995567798614502,0.00011534205259522423
217.41725030056114,0.9956496953964233,0.00011535764497239143
217.4376839896213,0.9958098530769348,0.00011536335659911856
217.45811747843982,0.9957864880561829,0.00011535560770425946
217.47855106680072,0.9956457614898682,0.00011536298552528024
217.49898475492955,0.9952929615974426,0.00011538104445207864
217.51941834281752,0.9962839484214783,0.00011537640239112079
217.53985183024633,0.9961929321289062,0.00011538492981344461
217.5602854176759,0.9916110634803772,0.00011516973609104753
217.5807191044005,0.9847567677497864,0.00011483752314234152
217.6011525911308,0.9837100505828857,0.00011479001841507852
217.62158617739624,0.9838482141494751,0.00011477587395347655
217.64201986342232,0.9846398830413818,0.0001148403825936839
217.66245334922132,0.9860035181045532,0.00011489375901874155
217.68288693455543,0.9916356801986694,0.00011517483653733507
217.70332051964942,0.9995352029800415,0.00011553716467460617
217.72375410451787,1.0013455152511597,0.00011560689745238051
217.74418768915348,1.0015079975128174,0.00011563528823899105
217.76462127331615,1.0024542808532715,0.00011565184104256332
217.80548844072473,1.0033752918243408,0.00011569501657504588
217.8259220241889,1.0037751197814941,0.00011571495997486636
217.84635550719395,1.004306435585022,0.00011574118980206549
217.86678918996768,1.004320740699768,0.00011574956442927942
217.90765625434142,1.0054315328598022,0.00011578950943658128
217.92808993618382,1.0055005550384521,0.00011580069258343428
217.94852351778536,1.006202220916748,0.00011582177830860019
217.9689570989285,1.0061991214752197,0.00011582251318031922
217.98939057983807,1.0062824487686157,0.00011582626757444814
218.00982426050905,1.006152868270874,0.00011582992738112807
218.03025784072088,1.0066291093826294,0.00011584649473661557
218.05069132069912,1.0067662000656128,0.00011585914035094902
218.07112500043877,1.006739616394043,0.00011584408639464527
218.09155857971928,1.0066713094711304,0.00011585221363930032
218.11199205899902,1.006534457206726,0.00011584509775275365
218.13242573780735,1.006304144859314,0.00011583381274249405
218.15285931615654,1.005833387374878,0.00011580620048334822
218.1937263723812,1.0052247047424316,0.00011577868281165138
218.21416004979983,1.0050996541976929,0.0001157751539722085
218.23459352721693,1.0045207738876343,0.00011575697863008827
218.25502710416913,1.0037987232208252,0.00011571684444788843
218.27546078088199,1.0037153959274292,0.00011571803042897955
218.29589425713493,1.0028482675552368,0.00011567038018256426
218.31632783338137,1.0027282238006592,0.00011566744797164574
218.3367614091694,1.0021942853927612,0.00011563189764274284
218.3571949844918,1.001580834388733,0.00011560542770894244
218.37762855981418,1.0010994672775269,0.00011559952690731734
218.39806213466363,1.0004546642303467,0.00011556932440726086
218.41849570928753,1.000009298324585,0.00011555111996131018
218.43892928343848,0.9997610449790955,0.00011553047806955874
218.45936275736312,0.9992284774780273,0.0001155160935013555
218.47979643105646,0.9990735054016113,0.00011551038915058598
218.5002300045162,0.9987164735794067,0.00011548410839168355
218.52066347750224,0.9982286691665649,0.00011546791211003438
218.5410970502635,0.9982177019119263,0.00011546667519723997
218.5615307227854,0.9979918003082275,0.00011545544839464128
218.58196429508098,0.9978765845298767,0.00011545747111085802
218.60239776691014,0.9979243874549866,0.00011544760491233319
218.62283133850724,0.9979106187820435,0.00011544790322659537
218.64326500963216,0.9975521564483643,0.00011543742584763095
218.66369848076283,0.9977226853370667,0.00011544729204615578
218.6841320514286,0.9977430701255798,0.00011544250446604565
218.7045657216222,0.9982224702835083,0.00011546375026227906
218.72499919182155,0.9981805682182312,0.00011546021414687857
218.745432761556,0.9980875849723816,0.00011545650340849534
218.76586633105035,0.9988594651222229,0.00011549530609045178
218.7862999000863,0.9992402195930481,0.00011549823830137029
218.80673346888943,0.9994727969169617,0.0001155246063717641
218.82716703745245,0.9995133876800537,0.00011552777141332626
218.84760070579068,0.9993205666542053,0.00011551854549907148
218.86803417366173,0.999282956123352,0.00011551830539247021
218.88846774129343,0.9994485974311829,0.00011551928764674813
218.90890140870033,0.9994337558746338,0.00011552020441740751
218.92933487587288,0.9993707537651062,0.00011551338684512302
218.94976844257326,0.9991821050643921,0.00011550871568033472
218.97020190904732,0.9994507431983948,0.00011552157229743898
218.99063557505724,0.9991634488105774,0.00011550775525392964
219.0110691408263,0.9992626309394836,0.0001155137360910885
219.0315027063698,0.9995130300521851,0.00011551498755579814
219.05193627168046,0.9995266795158386,0.00011552986688911915
219.07236983675102,0.9996983408927917,0.00011552416981430724
219.0928034013632,0.9995312690734863,0.00011552623618626967
219.11323686550895,0.9994927048683167,0.00011552078649401665
219.13367052964895,0.9994953274726868,0.0001155230711447075
219.1541040933298,0.9994028806686401,0.00011551583156688139
219.17453755677707,0.9993526935577393,0.0001155212230514735
219.19497121998575,0.9993805885314941,0.00011551802163012326
219.21540478273528,0.9992436766624451,0.00011551383067853749
219.23583824525122,0.9992149472236633,0.00011551386705832556
219.2562718075278,0.9988240599632263,0.00011548433394636959
219.27670546934678,0.9988728761672974,0.00011549607734195888
219.2971389309314,0.9986050128936768,0.00011548537440830842
219.31757249227667,0.9986563920974731,0.00011546773748705164
219.33800615339715,0.9984240531921387,0.000115461771201808
219.3584397140512,0.9979565739631653,0.00011545528104761615
219.3788731744644,0.9976266622543335,0.00011543585424078628
219.39930673465278,0.9975826740264893,0.00011541922140168026
219.419740394369,0.9973567128181458,0.00011541130515979603
219.44017385385814,0.9969916343688965,0.00011538368562469259
219.4606074131152,0.9970630407333374,0.00011539042316144332
219.48104107214021,0.9963802695274353,0.00011536376405274495
219.50147453069076,0.9964315295219421,0.00011536933743627742
219.5219080890165,0.9963557124137878,0.00011536764941411093
219.5423416468766,0.9961110353469849,0.00011535079829627648
219.5627752047294,0.9962306618690491,0.00011535936937434599
219.58320876212383,0.9961056709289551,0.0001153571211034432
219.6036423190526,0.9961162805557251,0.00011536061356309801
219.62407587597409,0.996444582939148,0.00011537023237906396
219.6445094324372,0.9962610006332397,0.00011536075180629268
219.66494298866746,0.9959301948547363,0.00011535533849382773
219.68537664442556,0.9943689107894897,0.00011536542297108099
219.7058101001894,0.9916910529136658,0.000115153357910458
219.72624365548836,0.9846090078353882,0.0001148355586337857
219.7466771103136,0.9834368228912354,0.00011478453234303743
219.76711076514766,0.9830829501152039,0.00011476387589937076
219.78754421951453,0.9840787649154663,0.00011480793182272464
219.8079778736428,0.985654890537262,0.00011488032032502815
219.82841142731195,0.9914846420288086,0.00011514348443597555
219.84884498074825,0.9989599585533142,0.00011548075417522341
219.8692784339437,1.0004335641860962,0.00011554160300875083
219.88971198691434,1.0009467601776123,0.00011556810204638168
219.91014563942008,1.0012319087982178,0.0001155791906057857
219.9305790916842,1.0019224882125854,0.00011561009159777313
219.95101264372352,1.0024570226669312,0.00011563199223019183
219.97144629529794,1.0031133890151978,0.00011566461034817621
219.99187974663073,1.0033668279647827,0.00011567544424906373
220.01231329773873,1.003749132156372,0.00011568697664188221
220.03274674861314,1.0043699741363525,0.00011572004586923867
220.05318039901613,1.0049188137054443,0.00011575728422030807
220.0736139491928,1.004883050918579,0.00011574212112464011
220.09404749913665,1.0053848028182983,0.00011576588440220803
220.11448104860756,1.0057048797607422,0.00011579673446249217
220.1349145978529,1.0060652494430542,0.00011581669969018549
220.15534814686544,1.0059771537780762,0.00011581277794903144
220.17578159540426,1.006327748298645,0.00011582349543459713
220.19621524371905,1.0058789253234863,0.0001157838269136846
220.21664879180025,1.0057764053344727,0.00011579229612834752
220.23708223964786,1.005990743637085,0.00011578875273698941
220.25751588702406,1.0054237842559814,0.00011576798715395853
220.27794943417393,1.005354881286621,0.00011575483222259209
220.29838288108294,1.005165457725525,0.00011574559175642207
220.31881642753433,1.005003571510315,0.00011574650852708146
220.33925007375365,1.0046223402023315,0.0001157317019533366
220.3596836197321,1.004520297050476,0.0001157258011517115
220.38011706548423,1.0039331912994385,0.00011569840717129409
220.40055071077222,1.003455400466919,0.00011567497858777642
220.42098425581935,1.002982497215271,0.00011565842578420416
220.44141770040733,1.002632737159729,0.00011563939915504307
220.46185134499683,1.002369999885559,0.00011562280997168273
220.48228488911263,1.0019174814224243,0.00011560756684048101
220.50271833300212,1.001379132270813,0.0001155752906925045
220.5231518764267,1.0011006593704224,0.00011556789104361087
220.54358551961195,1.0006552934646606,0.00011555728269740939
220.56401896257012,1.0002307891845703,0.00011553253716556355
220.5844525052962,0.999890923500061,0.00011551135685294867
220.60488614755013,0.9995677471160889,0.00011550595081644133
220.62531958957697,0.9995135068893433,0.00011549534974619746
220.64575313137175,0.9993934035301208,0.0001154940837295726
220.66618667269358,0.9993725419044495,0.00011549487680895254
220.68662031379063,0.998991847038269,0.00011547406757017598
220.70705375465332,0.9988702535629272,0.00011547213944140822
220.7274872950511,0.998953640460968,0.00011546727910172194
220.74792093544238,0.9987174272537231,0.0001154630008386448
220.76835437514092,0.9987296462059021,0.00011546211317181587
220.78878791483294,0.9980618953704834,0.00011543271102709696
220.8092213540658,0.9981794953346252,0.0001154358105850406
220.82965499306738,0.9983482360839844,0.00011545119195943698
220.85008853182808,0.998179018497467,0.00011544294829946011
220.8909556084327,0.9987960457801819,0.00011546724272193387
220.91138914626208,0.9987570643424988,0.00011546986934263259
220.93182268363307,0.9991475343704224,0.00011547694157343358
220.95225612077047,0.9992836713790894,0.00011548694601515308
220.9726897576693,0.9992574453353882,0.00011549073678907007
220.99312329434179,0.9992354512214661,0.00011548975453479216
221.01355673054786,0.9993728995323181,0.00011549292685231194
221.03399036651535,0.9991859793663025,0.00011548354086698964
221.05442390225653,0.9992882609367371,0.00011549366172403097
221.07485733776412,0.9989591240882874,0.00011547638132469729
221.0952908728068,0.9991884827613831,0.00011548080510692671
221.11572450761014,0.9990983009338379,0.00011548562906682491
221.13615794195357,0.99949711561203,0.00011549847113201395
221.1565914762905,0.999500572681427,0.00011550878843991086
221.17702511016978,0.9997348189353943,0.00011551068746484816
221.19745864358265,0.9998512268066406,0.00011552251817192882
221.21789207699476,0.9997953176498413,0.0001155211721197702
221.23832570993545,1.0002472400665283,0.00011554023512871936
221.25875924264983,1.0000910758972168,0.00011553008516784757
221.2791926748905,1.0001919269561768,0.00011552928481251001
221.2996262069064,0.9999604821205139,0.00011552541400305927
221.32005973868945,1.0002213716506958,0.00011553714284673333
221.34049327023968,1.0001622438430786,0.00011553511285455897
221.36092680131696,0.9998379349708557,0.00011551412171684206
221.3813603321687,0.9997866749763489,0.00011550744966370985
221.40179386278032,0.999671995639801,0.00011551036732271314
221.4222273931664,0.9995577335357666,0.00011549994815140963
221.44266082308604,0.9994780421257019,0.00011551110947038978
221.46309445277438,0.9993007183074951,0.00011551138595677912
221.48352798198903,0.9990007877349854,0.00011547907342901453
221.50396141097735,0.9989343285560608,0.00011548123438842595
221.5243950397271,0.9984225034713745,0.00011545178858796135
221.54482856825052,0.9985714554786682,0.00011546981113497168
221.56526199654036,0.9983422160148621,0.00011545847519300878
221.5856955243653,0.9978140592575073,0.00011543938308022916
221.60612915171805,0.997807502746582,0.00011542619904503226
221.62656257907656,0.9972248673439026,0.00011539187835296616
221.64699610597017,0.9970608949661255,0.00011538957915036008
221.66742973262444,0.9968500733375549,0.00011537566751940176
221.6878632590524,0.9964219331741333,0.0001153585544670932
221.70829668501392,0.9964923858642578,0.00011536518286447972
221.7287302107361,0.9964721202850342,0.00011536089732544497
221.7491638362335,0.9965041279792786,0.00011536904639797285
221.7695972612637,0.9959157109260559,0.0001153543998952955
221.79003078605456,0.9965530633926392,0.0001153632256318815
221.81046441062063,0.996391773223877,0.000115350449050311
221.83089783495234,0.9961339235305786,0.000115356502647046
221.85133135881188,0.9907698631286621,0.00011509947216836736
221.8717647824451,0.9841191172599792,0.00011480270040920004
221.892198405847,0.9829013347625732,0.00011474654456833377
221.91263192877523,0.982985258102417,0.00011475072824396193
221.9330654514779,0.9836927652359009,0.0001147825169027783
221.95349897394772,0.9851295948028564,0.00011484104470582679
221.9739324959446,0.9912223219871521,0.00011511563934618607
221.99436601771595,0.9984561204910278,0.00011545926099643111
222.0147994392537,0.9995845556259155,0.00011551958596101031
222.03523306055286,1.0004736185073853,0.00011555296805454418
222.05566658139287,1.0002106428146362,0.00011554575030459091
222.0761000019993,1.000916838645935,0.0001155686259153299
222.09653362236713,1.0013039112091064,0.00011558496771613136
222.11696714227583,1.001582384109497,0.00011560269194887951
222.13740056195093,1.0018227100372314,0.00011561216524569318
222.15783418138744,1.0027167797088623,0.00011564834858290851
222.17826770059764,1.0026087760925293,0.00011564164014998823
222.19870121934218,1.0031352043151855,0.00011566772445803508
222.21913463784585,1.0033994913101196,0.00011568221088964492
222.2395682561255,1.0034669637680054,0.00011568836634978652
222.2600017739387,1.003857970237732,0.00011570375500014052
222.28043519151106,1.0039087533950806,0.00011569640628295019
222.30086880885938,1.0039255619049072,0.00011570451169973239
222.32130232574127,1.004196047782898,0.00011571474897209555
222.3417357423823,1.004269003868103,0.00011572187941055745
222.36216925879853,1.0041792392730713,0.00011571622599149123
222.3826028749827,1.004356861114502,0.00011572207586141303
222.4030362906924,1.0041841268539429,0.00011570344940992072
222.4234698061773,1.004367709159851,0.00011572321091080084
222.44390342143015,1.0039809942245483,0.00011570614879019558
222.46433683620853,1.0037811994552612,0.00011569605703698471
222.48477035076212,1.003528118133545,0.00011568520130822435
222.50520386508288,1.0030622482299805,0.00011566171451704577
222.5256374791643,1.0027180910110474,0.00011564132728381082
222.5460708927858,1.0023094415664673,0.00011562656436581165
222.56650440617523,1.0020558834075928,0.00011561599239939824
222.58693801909249,1.0014158487319946,0.00011558047845028341
222.6073714320155,1.0009832382202148,0.00011557326070033014
222.6278049444736,1.000544548034668,0.00011554499360499904
222.64823845669162,1.000049114227295,0.00011552801879588515
222.66867196845124,0.9996755719184875,0.00011550615454325452
222.68910547997802,0.9997454881668091,0.00011552290379768237
222.7095389912647,0.9991891980171204,0.0001154774145106785
222.72997250232584,0.9992608428001404,0.00011548652400961146
222.7504060129213,0.9988205432891846,0.00011547299072844908
222.77083952327666,0.9983143210411072,0.00011544466542545706
222.79127293317288,0.9983766078948975,0.00011545379675226286
222.8117065430706,0.9984923005104065,0.0001154516648966819
222.8321399524939,0.9982786178588867,0.0001154400160885416
222.85257346169237,0.9983234405517578,0.00011543890286702663
222.87300707042596,0.9985569715499878,0.00011544438893906772
222.8934404789179,0.9985364675521851,0.0001154495112132281
222.91387398718507,0.9986196160316467,0.00011545472807483748
222.93430759522016,0.9978715777397156,0.00011542175343493
222.9547410027808,0.9978936910629272,0.00011542055290192366
222.97517451011663,0.9979692697525024,0.00011543262371560559
222.99560801721964,0.9981274008750916,0.00011544003064045683
223.0160415238497,0.9983181357383728,0.00011545134475454688
223.03647503048705,0.9985941052436829,0.00011545718734851107
223.0569085364259,0.9990427494049072,0.0001154730562120676
223.07734214235825,0.9992059469223022,0.0001154882920673117
223.09777554783068,0.9990336298942566,0.00011548735346877947
223.11820905307104,0.9992442727088928,0.00011549389455467463
223.13864245807054,0.9992651343345642,0.00011547739995876327
223.15907606261317,0.9994076490402222,0.0001154898782260716
223.1795095669222,0.99946129322052,0.00011549674673005939
223.19994297099765,0.9997000098228455,0.00011550910858204588
223.2203765746017,0.9996737837791443,0.00011550872295629233
223.24081007821223,0.9998935461044312,0.0001155120407929644
223.26124358134985,0.9999266862869263,0.00011551574425539002
223.2816769840283,1.0001882314682007,0.00011552884825505316
223.30211058647546,1.000162959098816,0.00011552046635188162
223.32254408868175,1.0000439882278442,0.00011551295756362379
223.34297749066172,1.0001074075698853,0.00011552371142897755
223.3634110924104,1.000183343887329,0.00011551586794666946
223.38384459368535,1.0003468990325928,0.00011552646901691332
223.40427799450117,1.0007073879241943,0.0001155505669885315
223.42471149531775,1.0006787776947021,0.00011554992670426145
223.44514509566216,1.0006471872329712,0.00011553194053703919
223.46557849577948,1.0007768869400024,0.00011554837692528963
223.87424843452754,0.9980257153511047,0.00011542666470631957
223.8946819283592,0.9982787370681763,0.00011544152221176773
223.91511532172444,0.9977531433105469,0.00011540747800609097
223.9355489150912,0.9974121451377869,0.00011538629769347608
223.95598240775143,0.997368335723877,0.000115405440737959
223.97641580041818,0.9966910481452942,0.00011537561658769846
223.9968493926135,0.9909146428108215,0.00011511141201481223
224.01728288458253,0.9846978187561035,0.00011482518311822787
224.0377163763187,0.9835658073425293,0.00011476945655886084
224.05814976758847,0.9835147857666016,0.00011475237261038274
224.07858335885248,0.9838046431541443,0.00011477910447865725
224.09901684942452,0.9849473237991333,0.00011482663103379309
224.1194502399885,0.9913827180862427,0.00011511604679981247
224.13988383009564,0.9983295202255249,0.00011543836444616318
224.16031721996842,0.9992178082466125,0.00011546385940164328
224.18075070960913,0.9993584156036377,0.00011547077883733436
224.2011841987769,1.000098466873169,0.00011550995259312913
224.22161768771912,0.9999511241912842,0.00011550652561709285
224.24205117642123,1.0005037784576416,0.00011551593343028799
224.26248466466495,1.0007206201553345,0.00011552833166206256
224.28291815267585,1.0014413595199585,0.00011555166565813124
224.3033516404539,1.0015796422958374,0.0001155816062237136
224.32378512799187,1.0019155740737915,0.00011559738049982116
224.34421861507144,1.0021249055862427,0.00011559393897186965
224.3646521019109,1.0023345947265625,0.00011561060091480613
224.38508558852482,1.0026179552078247,0.00011562014697119594
224.4055189746723,1.0026333332061768,0.00011560751590877771
224.42595256058848,1.0027897357940674,0.00011562095460249111
224.4463860462638,1.0029325485229492,0.00011563169391592965
224.4668194317128,1.0033643245697021,0.00011564683518372476
224.4872529166969,1.003170371055603,0.00011562639701878652
224.50768650144164,1.003383755683899,0.00011564273154363036
224.5281198859593,1.0033657550811768,0.00011565165914362296
224.5485533700121,1.0034695863723755,0.00011565652675926685
224.56898695382552,1.0030945539474487,0.00011562526924535632
224.58942043741263,1.0030709505081177,0.00011565380555111915
224.60985382053332,1.0027899742126465,0.00011563961743377149
224.63028730341466,1.0027414560317993,0.00011562663712538779
224.6507208860712,1.0022891759872437,0.00011560373968677595
224.6711542684934,1.0023187398910522,0.00011562121653696522
224.69158775044343,1.001858115196228,0.00011557612742763013
224.71202133216866,1.0016517639160156,0.00011556381650734693
224.73245471365954,1.0013688802719116,0.00011554704542504624
224.75288819467823,1.0010926723480225,0.00011554495722521096
224.77332177547214,1.0005649328231812,0.0001155188147095032
224.7937551560317,1.0004019737243652,0.00011551255010999739
224.8141886363519,1.0000418424606323,0.0001154950077761896
224.83462211621372,0.9997917413711548,0.00011547865142347291
224.8550556958362,0.9995628595352173,0.00011547316535143182
224.8754890752316,0.999104380607605,0.00011545111919986084
224.8959225541621,0.9988402128219604,0.00011543065920704976
224.91635613286053,0.998888373374939,0.0001154274505097419
224.93678951131733,0.9984628558158875,0.00011541825369931757
224.9572229893165,0.9986040592193604,0.00011542459105839953
224.97765636731492,0.9984436631202698,0.00011541602725628763
224.9980899446091,0.9985640048980713,0.00011542594438651577
225.01852342190978,0.9984104037284851,0.00011541769345058128
225.0389568987448,0.9985601902008057,0.00011541856656549498
225.05939037533972,0.9983076453208923,0.00011540539708221331
225.07982385170908,0.9977930188179016,0.0001153814882854931
225.10025732761278,0.9981392621994019,0.00011540161358425394
225.12069070350844,0.9981352686882019,0.00011540674313437194
225.14112427871441,0.9979149103164673,0.0001153818957391195
225.16155775391962,0.9979795813560486,0.00011537045065779239
225.18199112865113,0.9981276392936707,0.00011541917046997696
225.2024247031586,0.9983234405517578,0.0001154322235379368
225.2228581774325,0.9986406564712524,0.00011544989683898166
225.2432915512327,0.9988494515419006,0.00011544502922333777
225.26372502480808,0.9988582730293274,0.0001154523779405281
225.2841585981514,0.9986779093742371,0.00011544660083018243
225.3045919712531,0.9985893964767456,0.000115431503218133
225.32502544389718,0.9988728761672974,0.00011545144661795348
225.34545901630918,0.9993069171905518,0.00011547590111149475
225.36589248824748,0.999188244342804,0.00011546741734491661
225.3863258601923,0.9991335272789001,0.0001154373021563515
225.40675933167222,0.9994626045227051,0.00011548050679266453
225.42719290267996,0.9993871450424194,0.00011547634494490921
225.44762627369346,0.9995368719100952,0.00011548602924449369
225.46805974424205,1.000002384185791,0.00011548422480700538
225.4884933145513,1.0002386569976807,0.00011549668852239847
225.50892668463348,1.0005079507827759,0.00011553100193850696
225.52936015425075,1.000882625579834,0.00011554048978723586
225.54979362362792,1.00090491771698,0.00011555149831110612
225.5702270925467,1.001186728477478,0.00011556876415852457
225.59066056146548,1.0013786554336548,0.00011557167454157025
225.61109402991133,1.0014055967330933,0.00011557278776308522
225.63152749813162,1.0017163753509521,0.00011558577534742653
225.65196096588625,1.0017664432525635,0.00011558247933862731
225.6723944336336,1.0018501281738281,0.00011557573452591896
225.69282790068974,1.0019992589950562,0.00011557523248484358
225.71326136774587,1.002456545829773,0.00011559503764146939
225.7336947343283,1.002274513244629,0.00011559700215002522
225.75412820091879,1.002547025680542,0.00011560405982891098
225.77456176681153,1.0022045373916626,0.00011560879647731781
225.79499513269548,1.0018755197525024,0.00011558296682778746
225.8154285981218,1.0020513534545898,0.00011560749408090487
225.83586216331605,1.0016276836395264,0.00011557184188859537
225.85629552826867,1.0013505220413208,0.00011556677054613829
225.87672899276367,1.000981092453003,0.00011555304081412032
225.89716245702584,1.0008156299591064,0.0001155285062850453
225.91759602104867,1.0003995895385742,0.00011551719217095524
225.93802938461158,1.000226378440857,0.00011551546776900068
225.95846284794243,1.0000584125518799,0.00011549913324415684
225.97889641103393,0.99959796667099,0.00011548043403308839
225.99932977389835,0.9995824098587036,0.00011547318717930466
226.01976323629788,0.9990827441215515,0.00011545301094884053
226.0401965984638,0.9989367127418518,0.00011544783046701923
226.06063016015833,0.9989123344421387,0.00011546204041223973
226.08106362185936,0.9983254671096802,0.00011542771972017363
226.10149708308745,0.998598039150238,0.00011544193694135174
226.12193054409,0.997552752494812,0.00011539120168890804
226.14236400462687,0.9912349581718445,0.00011507094313856214
226.16279746492364,0.984955370426178,0.00011473474296508357
226.1832308249941,0.9839964509010315,0.00011470416211523116
226.20366438483325,0.9837677478790283,0.00011469368473626673
226.2240978441987,0.9838650226593018,0.00011469185119494796
226.24453120333783,0.9852319359779358,0.00011476511281216517
226.26496476224565,0.9910693168640137,0.0001150766183855012
226.2853982209126,0.9978426694869995,0.00011539328988874331
226.30583157912042,0.9982987642288208,0.00011541412823135033
226.32626503709616,0.9986438155174255,0.00011543066648300737
226.34669859459973,0.9988335967063904,0.00011545004963409156
226.3671320521098,0.9989033341407776,0.00011546175664989278
226.38756540915347,0.9992238283157349,0.00011546734458534047
226.4079989657257,0.9997257590293884,0.00011548709881026298
226.42843242230447,0.9999668002128601,0.00011549334158189595
226.4488657784168,1.0003697872161865,0.00011551131319720298
226.4692992342898,1.0004901885986328,0.00011550966155482456
226.48973278970516,1.0011072158813477,0.00011552861542440951
226.510166145119,1.001149296760559,0.00011553134390851483
226.53059960006794,1.0015454292297363,0.00011555568198673427
226.5510331545447,1.001961350440979,0.00011557430843822658
226.57146650902723,1.0021110773086548,0.00011557475954759866
226.59189996303758,1.0019323825836182,0.00011556297249626368
226.61233341682237,1.0023492574691772,0.00011558164987945929
226.6327668701415,1.002648949623108,0.000115589915367309
226.65320032346062,1.0025748014450073,0.00011559799895621836
226.67363377607398,1.0029447078704834,0.00011561118299141526
226.69406732869538,1.0029265880584717,0.00011561915744096041
226.71450068084232,1.0025417804718018,0.00011559189442778006
226.7349341329973,1.002591609954834,0.00011559903214219958
226.75536768445454,1.0025312900543213,0.0001155918143922463
226.7962344868938,1.002208948135376,0.00011558675760170445
226.81666783765104,1.001987338066101,0.00011557480320334435
226.85753483822918,1.002164602279663,0.00011558284313650802
226.87796828805585,1.0015819072723389,0.00011555245146155357
226.8984017376497,1.00090754032135,0.00011552437354112044
226.9188351867706,1.0009825229644775,0.00011553489457583055
226.93926863566594,1.0007911920547485,0.00011552181240404025
226.9597019843277,1.0006760358810425,0.00011552164505701512
226.98013553275086,1.000608205795288,0.00011551172065082937
227.0005689807149,1.0002126693725586,0.00011548812472028658
227.02100232844532,1.0000447034835815,0.00011547905160114169
227.04143587593717,0.9996364116668701,0.00011547790199983865
227.0618692229691,0.9997951984405518,0.00011547955364221707
227.08230266976898,0.9993840456008911,0.0001154661804321222
227.10273611632874,0.9991424679756165,0.00011545203597052023
227.1231696626637,0.9991349577903748,0.00011544548033270985
227.1436030085315,0.999179482460022,0.0001154534038505517
227.16403645415994,0.99880450963974,0.00011544245353434235
227.18446989956283,0.9987138509750366,0.0001154305282398127
227.20490334449278,0.9987629652023315,0.00011542881111381575
227.22533678919717,0.9982131123542786,0.0001154086712631397
227.24577013366797,0.9979891777038574,0.00011539091792656109
227.26620367790747,0.9977956414222717,0.00011537561658769846
227.28663712167327,0.9977883100509644,0.00011539412662386894
227.30707046521275,0.9975572824478149,0.00011537233513081446
227.3275040082808,0.99774569272995,0.00011539284605532885
227.3479374513554,0.997952401638031,0.00011538918624864891
227.36837079396355,0.9981812834739685,0.00011539876140886918
227.38880423633964,0.9984200596809387,0.00011541446292540058
227.40923777824355,0.9985882043838501,0.0001154207275249064
227.42967121992115,0.9986780285835266,0.00011542754509719089
227.45010456136515,0.9990090727806091,0.00011544449807843193
227.47053810257057,0.9987406730651855,0.00011543929576873779
227.49097154331685,0.9990211725234985,0.00011544214066816494
227.51140488382953,0.9992517232894897,0.0001154401179519482
227.53183842410363,0.9992082715034485,0.00011544011067599058
227.5522718641514,0.9993887543678284,0.0001154558194684796
227.57270520373277,0.9993650317192078,0.00011544967856025323
227.59313864307478,0.999699056148529,0.00011546750465640798
227.61357218195917,1.0000429153442383,0.00011549466580618173
227.63400552084204,1.0002542734146118,0.00011549073678907007
227.65443895925273,1.0005124807357788,0.00011550282943062484
227.6748724972058,1.000803828239441,0.00011551415809663013
227.69530583515734,1.0010051727294922,0.00011552913929335773
227.7157392726367,1.0011721849441528,0.00011554442608030513
227.73617270989052,1.0014232397079468,0.00011555796663742512
227.75660624691227,1.0016330480575562,0.00011554917728062719
227.77703958345955,1.002042531967163,0.00011556562822079286
227.79747301978205,1.0018993616104126,0.00011556043318705633
227.8179065558652,1.0022258758544922,0.00011556381650734693
227.83833989148843,1.00246000289917,0.0001155994032160379
227.8587733268796,1.0025161504745483,0.00011559529229998589
227.87920666203718,1.0021166801452637,0.00011557318066479638
227.89964019695617,1.0020904541015625,0.00011558925325516611
227.92007363141602,1.0019609928131104,0.00011556597746675834
227.94050706564303,1.0017616748809814,0.00011555491801118478
227.96094049962994,1.0017502307891846,0.00011555408127605915
227.98137393315847,1.0013949871063232,0.00011554854427231476
228.00180736645416,1.0011563301086426,0.00011552200157893822
228.02224069950898,1.0011121034622192,0.00011553072545211762
228.04267423233978,1.000464677810669,0.00011549405462574214
228.06310766470415,1.0002992153167725,0.00011548677866812795
228.08354099682765,1.0003670454025269,0.00011549409100553021
228.1039745284943,0.9995812773704529,0.00011546063615242019
228.12440796016017,0.9990401864051819,0.00011543396976776421
228.14484129135235,0.999080240726471,0.00011543199070729315
228.16527472231974,0.9988805651664734,0.0001154396086349152
228.18570825282222,0.9982648491859436,0.00011541079584276304
228.20614168331667,0.998393714427948,0.00011539983097463846
228.22657501335198,0.9981786608695984,0.00011539705155882984
228.24700854292314,0.9979235529899597,0.00011538213584572077
228.26744197248627,0.9958927035331726,0.00011535350495250896
228.28787530159025,0.9907635450363159,0.00011501565313665196
228.30830873046216,0.9842441082000732,0.00011473040649434552
228.3287422588619,0.983263373374939,0.0001146895156125538
228.34917558703455,0.9828440546989441,0.00011466489377198741
228.36960901497514,0.9833386540412903,0.00011467815784271806
228.39004254267638,0.9847339987754822,0.00011473939957795665
228.41047586991772,0.9910197854042053,0.00011502305278554559
228.43090929692698,0.997604250907898,0.00011536330566741526
228.45134272369614,0.9980653524398804,0.00011538674880284816
228.47177615023975,0.998180091381073,0.00011539387924131006
228.4922095763177,0.998280942440033,0.00011540931882336736
228.51264300215553,0.9988982677459717,0.00011543933214852586
228.53307652776857,0.9988207817077637,0.00011541301500983536
228.55350985291443,0.9990289807319641,0.00011542118591023609
228.57394317782018,0.999567985534668,0.00011545341840246692
228.5943767025019,0.9996155500411987,0.0001154588462668471
228.6148101267172,0.9999596476554871,0.00011546267342055216
228.63524355092522,1.0000687837600708,0.00011546062887646258
228.65567687444127,1.0005037784576416,0.00011548493057489395
228.67611039795884,1.0007894039154053,0.0001154871133621782
228.69654372100194,1.000960350036621,0.00011549701594049111
228.7169771440531,1.0010229349136353,0.00011550021736184135
228.7374106664065,1.001112937927246,0.00011551674106158316
228.75784398875112,1.0013676881790161,0.00011553186777746305
228.7782774106381,1.001354455947876,0.00011551559146028012
228.79871083229227,1.0015579462051392,0.00011553559306776151
228.8191443537071,1.0015640258789062,0.00011553562217159197
228.839577674662,1.001631736755371,0.00011553274816833436
228.86001109538483,1.0015445947647095,0.00011553401418495923
228.88044461586833,1.0016242265701294,0.00011554222146514803
228.9008779358919,1.001646876335144,0.0001155352802015841
228.92131135591626,1.001271367073059,0.00011553359945537522
228.94174477546767,1.0013476610183716,0.00011553745571291074
228.9621781945607,1.0012569427490234,0.0001155095815192908
228.9826116134209,1.0009554624557495,0.00011550802446436137
229.0030450322738,1.0008738040924072,0.0001154978308477439
229.0234784504355,1.0005009174346924,0.00011548489419510588
229.0439118685972,1.0003589391708374,0.00011546970199560747
229.06434528628597,1.0002018213272095,0.00011548211477929726
229.08477860374842,0.9999738931655884,0.00011545934830792248
229.10521212097956,1.0001219511032104,0.00011546246241778135
229.125645537737,0.9999049305915833,0.0001154490455519408
229.14607885426813,0.999925971031189,0.00011545466986717656
229.16651237056794,1.0000097751617432,0.00011547053145477548
229.18694578639406,0.9995949864387512,0.0001154344790847972
229.2073791022267,0.9993646740913391,0.00011543771688593552
229.2278125173616,0.9992026090621948,0.00011542467109393328
229.24824603249,0.9991748332977295,0.00011542779247974977
229.26867944715923,0.999345600605011,0.00011543025175342336
229.2891127618277,0.9990671873092651,0.00011542713036760688
229.30954627579194,0.9987894296646118,0.00011541579442564398
229.3299796897627,0.9988577961921692,0.00011540430568857118
229.35041300326702,0.9984703660011292,0.00011538423132151365
229.37084641653928,0.9981785416603088,0.00011538260878296569
229.3912799295722,0.9977304935455322,0.00011536879173945636
229.4117132421452,0.9974527359008789,0.00011535223165992647
229.43214665447886,0.9973016977310181,0.00011533089855220169
229.45258016658772,0.9975100159645081,0.00011534604709595442
229.4730134782294,0.9976280927658081,0.00011534112127264962
229.49344688987185,0.9981114268302917,0.00011537472164491192
229.51388030104135,0.9981337189674377,0.0001153792763943784
229.53431381175324,0.998245358467102,0.00011539105616975576
229.55474712245632,0.9982798099517822,0.00011538163380464539
229.57518053270178,0.9980670213699341,0.00011537186219356954
229.59561404271517,0.998225212097168,0.00011537103273440152
229.61604735226138,0.9985242486000061,0.00011539827391970903
229.63648076156824,0.9984169602394104,0.00011537867248989642
229.6569142706503,0.9986422657966614,0.00011539859406184405
229.67734757949074,0.998850405216217,0.00011542736319825053
229.69778098787356,0.9991488456726074,0.00011543108121259138
229.71821439602354,0.999152421951294,0.00011543671280378476
229.7386478039407,0.9996339082717896,0.00011543995788088068
229.75908121161774,0.9999709129333496,0.0001154522251454182
229.7795146188364,0.999703586101532,0.00011543880827957764
229.79994802581496,1.0001827478408813,0.00011547558096935973
229.8408148388553,1.0007447004318237,0.00011549443297553807
229.86124814490904,1.001001238822937,0.000115505165013019
229.8816816507242,1.0014243125915527,0.00011553290823940188
229.90211505631305,1.0013153553009033,0.00011552769865375012
229.92254836143547,1.00184166431427,0.00011554317461559549
229.94298186631931,1.002122163772583,0.00011556742538232356
229.963415270744,1.0021555423736572,0.00011557071411516517
229.98384857516794,1.002245306968689,0.00011555837409105152
230.0042819791197,1.0020332336425781,0.00011555387754924595
230.0247153828459,1.0019155740737915,0.0001155308709712699
230.04514888609992,1.0017229318618774,0.00011553264630492777
230.0655821893597,1.0018211603164673,0.00011553431249922141
230.08601559215458,1.0013768672943115,0.0001155306090367958
230.10644899471663,1.001298427581787,0.0001155168647528626
230.12688239680574,1.0008108615875244,0.00011550807539606467
230.14731569866854,1.0010379552841187,0.00011550828639883548
230.16774920030002,1.0005662441253662,0.00011549120245035738
230.18818260169064,1.0004935264587402,0.00011547731992322952
230.2086159026221,1.0003247261047363,0.00011548519978532568
230.22904940332228,1.0000331401824951,0.00011546076711965725
230.24948280378158,0.9997119903564453,0.00011545503366505727
230.2699162037825,0.9994372129440308,0.00011544726294232532
230.2903495035498,0.9994524121284485,0.00011543368600541726
231.39375255014602,1.0002225637435913,0.00011468074808362871
231.41418593360868,0.9999389052391052,0.00011472138430690393
231.43461931684578,0.9995704293251038,0.00011467377044027671
231.45505269961723,0.9998568892478943,0.00011468888988019899
231.47548608214856,0.9996075630187988,0.00011473696940811351
231.49591946422152,0.9992775917053223,0.00011468209413578734
231.51635284629447,0.9988849759101868,0.00011470384924905375
231.53678622789448,0.99882572889328,0.00011470254685264081
231.55721950926818,0.9985660910606384,0.00011470471508800983
231.57765299017774,0.9985514879226685,0.00011475889914436266
231.59808627085295,0.998362123966217,0.00011476611689431593
231.6185196512888,0.9984448552131653,0.00011479971726657823
231.63895313149987,0.9984404444694519,0.00011479774548206478
231.65938651123724,0.9987071752548218,0.00011483937851153314
231.67981979098113,0.9984320402145386,0.00011485860886750743
231.70025317002728,0.9984627366065979,0.00011489223106764257
231.72068664906692,0.9983412623405457,0.00011487359734019265
231.74111992764665,0.9981861710548401,0.00011486076982691884
231.7615533059943,0.9986000657081604,0.00011492339399410412
231.78198678410263,0.9989784359931946,0.00011493374040583149
231.80242006198387,0.9987719655036926,0.00011495384387671947
231.8228534394002,0.9994514584541321,0.0001149955642176792
231.84328681657644,0.9996462464332581,0.00011501760309329256
231.86372019329428,0.9998285174369812,0.00011501683911774307
231.88415357001213,1.0004630088806152,0.0001151220640167594
231.90458694625704,1.0003697872161865,0.00011508233728818595
231.92502042227716,1.0010689496994019,0.000115130067570135
231.9454536978301,1.0014734268188477,0.00011519143299665302
231.96588707314368,1.0015263557434082,0.00011516307858983055
231.98632034823095,1.0020654201507568,0.00011518532846821472
232.0067538230869,1.0023952722549438,0.0001152146069216542
232.02718719746917,1.0025092363357544,0.0001152408731286414
232.04762047185795,1.0029172897338867,0.00011525693844305351
232.06805394554976,1.0032893419265747,0.00011529619223438203
232.08848731923354,1.0035897493362427,0.0001152850963990204
232.10892069245892,1.0035779476165771,0.0001152920231106691
232.12935406545148,1.0038938522338867,0.00011529833864187822
232.14978743820393,1.0036250352859497,0.00011530860501807183
232.17022081073083,1.0037099123001099,0.00011529857147252187
232.1906540827913,1.0035152435302734,0.00011533431097632274
232.2110875546132,1.0035384893417358,0.00011532568896654993
232.23152092597593,1.003095030784607,0.00011532595090102404
232.2519541973379,1.00295889377594,0.00011535063822520897
232.27238766822848,1.0026997327804565,0.0001153234115918167
232.29282103889273,1.0024030208587646,0.00011532015196280554
232.31325430909055,1.0025897026062012,0.00011535672820173204
232.33368767928914,1.001979947090149,0.00011528984032338485
232.35412114901555,1.001924753189087,0.00011531978088896722
232.37455441828206,1.0011935234069824,0.00011526809976203367
232.39498778754205,1.001386046409607,0.00011527827882673591
232.41542125634442,1.001146912574768,0.00011530142364790663
232.4358546249132,1.0008043050765991,0.0001152647819253616
232.45628789324837,1.0006221532821655,0.0001152559052570723
232.47672126111138,1.0002264976501465,0.00011525217269081622
232.4971547287496,0.9999440908432007,0.00011523967987159267
232.51758799614618,0.9998075366020203,0.00011523102148203179
232.53802136308514,0.9995490908622742,0.00011521786655066535
232.55845483002486,0.9974247217178345,0.00011517942766658962
232.5788880964974,0.9912172555923462,0.00011486512084957212
232.59932146249776,0.9856693148612976,0.00011459257075330243
232.6197548285054,0.9846694469451904,0.00011455498315626755
232.6401881940401,0.9843257069587708,0.00011455138155724853
232.66062155934924,0.9849807024002075,0.00011457675282144919
232.68105492419272,0.9859883189201355,0.00011462943803053349
232.7014882890362,0.9929758310317993,0.00011495448416098952
232.72192165340675,0.9987457394599915,0.00011526788875926286
232.74235501755174,0.9990391135215759,0.0001152808908955194
232.7627882812303,0.999049186706543,0.00011528418690431863
232.80365510788397,0.9992360472679138,0.00011529615585459396
232.82408837086405,0.9994409680366516,0.00011530900519574061
232.8445218333727,0.9999858736991882,0.00011532662756508216
232.8649551958879,0.9998868107795715,0.00011531707423273474
232.8853885576973,1.000192642211914,0.00011538226681295782
232.90582191951398,1.0002542734146118,0.00011536864622030407
232.92625518086425,1.0005135536193848,0.00011535303929122165
232.94668854198244,1.0006251335144043,0.00011535315570654348
232.96712190286053,1.000797986984253,0.00011538129183463752
232.98755536351382,1.0008498430252075,0.00011539789556991309
233.00798862369993,1.0012524127960205,0.00011542381980689242
233.0284219836467,1.0012542009353638,0.0001154289857367985
233.04885544336867,1.0014309883117676,0.00011545048619154841
233.06928870262345,1.001344919204712,0.0001154461715486832
233.0897220616389,1.0014725923538208,0.00011545315646799281
233.11015542042878,1.0014777183532715,0.00011545337474672124
233.13058877898584,1.0017439126968384,0.00011546081805136055
233.15102213706996,1.0014604330062866,0.00011546034511411563
233.17145549492852,1.0014965534210205,0.00011545164306880906
233.19188885255426,1.0017218589782715,0.00011546204768819734
233.21232220970705,1.0015232563018799,0.0001154638230218552
233.23275556686713,1.0015528202056885,0.0001154598721768707
233.25318882332795,1.0017589330673218,0.00011544975131982937
233.273622279783,1.001631259918213,0.00011545811139512807
233.29405563601176,1.0018119812011719,0.00011547905160114169
233.3144888917741,1.0017390251159668,0.00011544596054591238
233.33492234729783,1.001603126525879,0.00011545347661012784
233.35535570236243,1.001691460609436,0.00011547042231541127
233.37578895742627,1.0013468265533447,0.00011544911831151694
233.39622231201793,1.0011299848556519,0.00011545604502316564
233.41665576615196,1.0010302066802979,0.00011546431778697297
233.43708902028447,1.001038908958435,0.00011544873268576339
233.4575223739448,1.000737190246582,0.00011543156870175153
233.47795582738036,1.0005005598068237,0.00011541937419679016
233.4983891805823,1.0003347396850586,0.00011542076390469447
233.51882243331056,1.0001966953277588,0.00011539180559339002
233.53925578581402,0.9998541474342346,0.00011538718536030501
233.5596892380854,0.9994101524353027,0.00011537747195689008
233.58012249011517,0.999600350856781,0.00011536495730979368
233.6005558416873,0.9994025230407715,0.00011536949750734493
233.6209892930201,0.9987910985946655,0.00011533966608112678
233.64142254412582,0.9985235333442688,0.00011533437645994127
233.66185589499946,0.998055636882782,0.00011530891788424924
233.6822893454082,0.9981523156166077,0.00011530595656950027
233.70272259557532,0.9982016086578369,0.00011532051576068625
233.72315594551765,0.997567355632782,0.00011528180039022118
233.7435892949943,0.9975667595863342,0.00011528572940733284
233.76402274423162,0.9974050521850586,0.00011527355673024431
233.78445599324186,0.9977194666862488,0.00011529810581123456
233.80488934202003,0.9978879690170288,0.000115305207145866
233.82532279032603,0.9979010224342346,0.00011530159827088937
233.84575603863777,0.9977248311042786,0.00011529563198564574
233.8661893862518,0.9979594945907593,0.00011530239862622693
233.88662263385777,0.9980040192604065,0.00011529793118825182
233.90705608100689,0.9979370832443237,0.0001153125922428444
233.9274894279224,0.998259961605072,0.00011531881318660453
233.94792277459783,0.9988253712654114,0.00011534900841070339
233.9683561210477,0.9988139867782593,0.0001153458870248869
233.9887894670319,0.9992544651031494,0.00011536417878232896
234.009222812776,0.9997324347496033,0.00011538813851075247
234.02965605806094,1.0000975131988525,0.00011542718129931018
234.0500895033474,1.0006860494613647,0.00011543667642399669
234.07052284816018,1.0009357929229736,0.00011545056622708216
234.09095609274664,1.0012478828430176,0.00011546730092959478
234.1113895371018,1.0017427206039429,0.0001154968558694236
234.13182288098324,1.002116322517395,0.0001154980855062604
234.15225612463837,1.0027562379837036,0.00011554381489986554
234.17268946806144,1.0026911497116089,0.00011553369404282421
234.19312291101232,1.0028743743896484,0.00011552684736670926
234.21355625396973,1.0030181407928467,0.00011555186938494444
234.2339894964607,1.0033237934112549,0.00011556515528354794
234.25442293848027,1.0034688711166382,0.00011556791287148371
234.27485628050636,1.0032479763031006,0.00011555869423318654
234.295289522066,1.0036767721176147,0.00011558627738850191
234.31572286338633,1.0037885904312134,0.00011558090045582503
234.33615620448109,1.0038150548934937,0.00011558987171156332
234.35658954511018,1.0038927793502808,0.00011558607366168872
234.37702288549917,1.0036919116973877,0.00011556749086594209
234.3974562256626,1.0036994218826294,0.00011558302503544837
234.4178895655932,1.0033169984817505,0.00011556891695363447
234.4383228050574,1.003469705581665,0.00011557035031728446
234.458756244283,1.003153920173645,0.000115553593786899
234.47918958328228,1.0029007196426392,0.00011555186938494444
234.49962292180862,1.00278902053833,0.00011554078082554042
234.52005616034148,1.002289891242981,0.00011553720105439425
234.5404895984102,1.0021272897720337,0.0001155186619143933
234.56092293600523,1.0018339157104492,0.00011550302588148043
234.58135617360676,1.001675009727478,0.00011549273767741397
234.6017895107434,1.0016093254089355,0.00011549743794603273
234.6222229476407,1.001076579093933,0.00011545563029358163
234.6426561843109,1.0010164976119995,0.00011546586028998718
234.66308952051622,1.0005559921264648,0.00011543376604095101
234.6835229564822,1.0006619691848755,0.00011543709842953831
234.70395619222109,0.9991063475608826,0.00011537115642568097
234.7243895277279,0.9920129179954529,0.00011502284178277478
234.74482296276256,0.9863362908363342,0.0001147506627603434
234.76525619757012,0.9850897192955017,0.0001147038783528842
234.78568953214562,0.9849942922592163,0.00011470116442069411
234.80612286625546,0.9853060841560364,0.0001147176735685207
234.8265563003588,0.9865926504135132,0.0001147693328675814
234.8469895340022,0.9933481812477112,0.00011506857117637992
234.86742286717345,0.9986069202423096,0.00011532929056556895
234.88785630035272,0.9989684820175171,0.0001153596822405234
234.90828953306482,0.9988895654678345,0.00011536500824149698
234.92872286554484,0.9989732503890991,0.0001153573248302564
234.94915619778476,0.9989124536514282,0.00011537361569935456
234.9695895295663,0.9990764856338501,0.00011539142724359408
234.99002286110772,0.9996072053909302,0.00011539981642272323
235.0104561924236,0.9995809197425842,0.00011539371189428493
235.03088952350663,0.9994555711746216,0.00011539746628841385
235.051322854124,1.0000145435333252,0.0001154253986896947
235.07175618450128,1.0001132488250732,0.00011542147694854066
235.09218941465224,1.000349760055542,0.00011545365850906819
235.1126228445646,1.0006394386291504,0.00011545738379936665
235.13305617401784,1.000842571258545,0.00011546178575372323
235.15348940323747,1.0007073879241943,0.00011546285531949252
235.17392283221852,1.0003509521484375,0.00011544640437932685
235.19435616074043,1.0012880563735962,0.0001154775673057884
235.21478938926157,1.0010147094726562,0.00011547892063390464
235.23522271731053,1.0011996030807495,0.00011549038754310459
235.25565614490188,1.0017015933990479,0.00011549108603503555
235.27608947249246,1.0017744302749634,0.0001154940837295726
235.29652269961662,1.0015867948532104,0.00011549681221367791
235.3169561265022,1.0015915632247925,0.0001154882920673117
235.33738945316145,1.001733422279358,0.00011551131319720298
235.357822679347,1.0022766590118408,0.00011552828073035926
235.37825600530778,1.001953363418579,0.0001155179415945895
235.39868943103647,1.0018900632858276,0.00011552411160664633
235.41912265653082,1.0022858381271362,0.00011555005039554089
235.43955598155299,1.0018376111984253,0.0001155180434579961
235.45998940635036,1.0020657777786255,0.00011552884825505316
235.4804226309061,1.0019599199295044,0.00011552480282261968
235.50085595523706,1.0018744468688965,0.00011551662464626133
235.52128927910235,1.0017726421356201,0.00011550921044545248
235.5417226027348,1.001172423362732,0.00011547766189323738
235.56215592612716,1.0013107061386108,0.00011549400369403884
235.58258924906113,1.000812292098999,0.00011546498717507347
235.60302267198858,1.0005662441253662,0.0001154698766185902
235.62345589445613,1.0006316900253296,0.00011546716996235773
235.64388921645877,1.0003212690353394,0.0001154560741269961
235.66432243846066,1.000032663345337,0.00011544467270141467
235.68475585999113,0.9999882578849792,0.00011544298467924818
235.70518918129528,0.9996370077133179,0.00011542752326931804
235.72562250235933,0.9994716048240662,0.00011542035645106807
235.746055822965,0.9989573359489441,0.00011540335253812373
235.78692246347782,0.998320460319519,0.00011538068065419793
235.80735568337695,0.9977491497993469,0.0001153487537521869
235.82778910281922,0.997514545917511,0.00011529010953381658
235.84822232202714,0.9972430467605591,0.0001153111006715335
235.8686556409957,0.9972017407417297,0.00011527180322445929
235.8890890597395,0.9971006512641907,0.00011524919682415202
235.90952227801608,0.9972878098487854,0.00011527841706993058
235.92995559605333,0.9977041482925415,0.00011534390796441585
235.9503890138658,0.998094916343689,0.00011531200289027765
235.9708222314439,0.9981542229652405,0.0001153143894043751
235.99125554854982,0.9979958534240723,0.0001153119737864472
236.0116888654302,0.9980379343032837,0.00011529774201335385
236.03212218207773,0.9985849857330322,0.00011532624921528623
236.05255549825233,0.998680830001831,0.00011534360965015367
236.0729888144342,0.9989073872566223,0.0001153689663624391
236.09342213015043,0.9992713332176208,0.00011541791900526732
236.1138554453937,0.9997872710227966,0.00011544383596628904
236.13428876064427,1.0001128911972046,0.00011545568850124255
236.1547219754284,1.0006729364395142,0.00011548470502020791
236.17515538997395,1.0009636878967285,0.00011550421186257154
236.1955887042932,1.0014796257019043,0.00011551422358024865
236.216021918146,1.0022169351577759,0.0001155443605966866
236.23645533199306,1.0025370121002197,0.00011556054232642055
236.25688864514814,1.0027134418487549,0.00011556076788110659
236.27732185830246,1.0028276443481445,0.0001155750869656913
236.29775517121743,1.0031770467758179,0.00011559698032215238
236.31818858367478,1.0034154653549194,0.00011560701386770234
236.33862189589854,1.0034887790679932,0.00011560213170014322
236.3590551076486,1.0041382312774658,0.00011562906001927331
236.37948851940746,1.0041815042495728,0.00011563421139726415
236.3999218306999,1.0042833089828491,0.00011563966108951718
236.42035504175146,1.0042492151260376,0.00011564984015421942
236.4407883523454,1.0045504570007324,0.00011566105240490288
236.4612217629401,1.0045397281646729,0.00011565847671590745
236.48165497306036,1.0046545267105103,0.00011566934699658304
236.5020882829558,1.00452721118927,0.00011565667955437675
236.52252169238636,1.0044785737991333,0.00011564976011868566
236.54295490180812,1.005587100982666,0.00011579830606933683
236.56338821077225,1.0040422677993774,0.00011563024600036442
236.5838215192707,1.0037728548049927,0.00011560824350453913
236.60425492776267,1.0034476518630981,0.0001156107900897041
236.6246881357947,1.0032936334609985,0.00011561174324015155
236.6451214435947,1.0030548572540283,0.00011558058031369
236.66555485115532,1.002676010131836,0.00011556371464394033
236.68598805848887,1.0025440454483032,0.00011556924437172711
236.70642136535753,1.002197504043579,0.00011553674994502217
236.7268545719853,1.001804232597351,0.00011553344666026533
236.74728797838907,1.0016684532165527,0.00011552803334780037
236.7677212843264,1.00128972530365,0.0001155054778791964
236.78815459025645,1.001343011856079,0.00011550915223779157
236.80858789572812,1.0010712146759033,0.00011550656927283853
236.82902120073413,1.0008784532546997,0.00011548263137228787
236.84945450573287,0.9993495345115662,0.00011537654791027308
236.86988771027245,0.9916169047355652,0.00011502701818244532
236.89032111458073,0.9864279627799988,0.00011479896784294397
236.91075441864814,0.9852829575538635,0.00011475837527541444
236.9311876222564,0.9851279854774475,0.0001147409639088437
236.95162102563336,0.9850332140922546,0.00011473503400338814
236.97205432876945,0.9865621328353882,0.00011480691318865865
236.99248753167922,0.9934803247451782,0.00011512122000567615
237.01292083435692,0.9984471201896667,0.00011533720680745319
237.03335423656245,0.998633623123169,0.0001153445482486859
237.0537874385409,0.9984841346740723,0.00011533590441104025
237.07422074005444,0.9986165165901184,0.00011534248187672347
237.09465414156148,0.9982963800430298,0.00011532847565831617
237.11508744260937,0.9981028437614441,0.00011532899225130677
237.13552064342366,0.9983195066452026,0.00011534492659848183
237.15595404399937,0.9983793497085571,0.00011533549695741385
237.17638734411594,0.998290479183197,0.00011534005170688033
237.1968205439989,0.9983616471290588,0.00011534231452969834
237.21725384364254,0.9987463355064392,0.00011534278746694326
237.23768724306137,0.9989827275276184,0.00011536647070897743
237.25812044201302,0.998704731464386,0.00011535317753441632
237.27855374072533,0.999435544013977,0.0001153756893472746
237.29898703921208,0.9992659687995911,0.00011538729449966922
237.319420337466,0.9994528293609619,0.0001153888733824715
237.33985363524698,0.9996303915977478,0.00011538895341800526
237.36028683280165,1.0000447034835815,0.00011541722051333636
237.380720230125,1.0000625848770142,0.00011541898857103661
237.4011535272075,1.0002341270446777,0.00011541417188709602
237.42158672383084,1.0005533695220947,0.00011543658911250532
237.44202012022288,1.000816822052002,0.00011544302105903625
237.46245341637405,1.0009779930114746,0.0001154537676484324
237.4828866122989,1.0009127855300903,0.00011545529559953138
237.50331990775885,1.0010403394699097,0.00011548363545443863
237.52375330297946,1.0013670921325684,0.00011546927271410823
237.544186497973,1.0012139081954956,0.00011546589666977525
237.56461979273445,1.001102328300476,0.00011546554742380977
237.58505318702373,1.0012004375457764,0.00011546028690645471
237.60548638108594,1.001510500907898,0.0001154744386440143
237.62591967491608,1.001299262046814,0.00011546373571036384
237.64635296851338,1.0007191896438599,0.00011543332948349416
237.66678636163851,1.0009201765060425,0.00011543904838617891
237.68721955453657,1.0007261037826538,0.00011543677828740329
237.70765284719528,1.0001472234725952,0.00011541120329638943
237.7280862396292,0.9999445676803589,0.00011540352716110647
237.74851943159592,0.9995856285095215,0.00011539988918229938
237.76895272333059,0.9993021488189697,0.00011536236706888303
237.78938601482514,0.999241054058075,0.00011535982048371807
237.80981930609414,0.9988593459129333,0.00011536205420270562
237.8302525968902,0.9985193610191345,0.00011533610086189583
237.8506858874607,0.9982943534851074,0.0001153260818682611
237.8711191777984,0.9977380037307739,0.00011531061318237334
237.8915524676704,0.997838020324707,0.00011531203927006572
237.91198575753515,0.9975695013999939,0.00011529018229339272
237.93241894694074,0.996918261051178,0.00011526487651281059
237.95285233610775,0.9965223073959351,0.00011524502042448148
237.97328562481562,0.9963418245315552,0.000115231130621396
237.99371881352272,0.9960451722145081,0.000115234921395313
238.01415220176568,0.9962884187698364,0.00011523564899107441
238.03458548976778,0.9964272379875183,0.00011523657303769141
238.05501867731073,0.9965417981147766,0.00011526089656399563
238.07545196485444,0.9970630407333374,0.00011527589958859608
238.09588535192597,0.9974719285964966,0.00011529362382134423
238.11631853877043,0.9976136088371277,0.00011530598567333072
238.13675182515,0.997442901134491,0.00011529983748914674
238.15718521152303,0.9979920387268066,0.00011531042400747538
238.17761849743692,0.9982590079307556,0.00011533201177371666
238.19805168311723,0.9988601803779602,0.00011536476813489571
238.21848496832536,0.9991785287857056,0.00011536641977727413
238.2389183533087,0.9996873140335083,0.00011539037222974002
238.2593515382905,1.0002363920211792,0.00011542560969246551
238.27978482280014,1.000828742980957,0.0001154308338300325
238.30021820685215,1.0012060403823853,0.0001154656129074283
238.32065139089536,1.0014654397964478,0.00011548422480700538
238.34108467448095,1.0017040967941284,0.00011548692418728024
238.3615179578337,1.0023198127746582,0.00011553833610378206
238.3819512407208,1.0028126239776611,0.00011557778634596616
238.40238452360063,1.0030337572097778,0.00011557045218069106
238.42281780602207,1.0037950277328491,0.0001156020734924823
238.44325118820416,1.0036743879318237,0.00011564025044208393
238.46368436992634,1.0040477514266968,0.00011566099419724196
238.48411765164929,1.004638433456421,0.00011567199544515461
238.5045508329058,1.0043282508850098,0.00011567179899429902
238.52498421392374,1.0048692226409912,0.00011569924390641972
238.54541749448254,1.0049962997436523,0.00011569578782655299
238.56585067504056,1.0050091743469238,0.00011570756032597274
238.58628405512718,1.004823088645935,0.00011569751222850755
238.60671733498748,1.0052729845046997,0.00011570296192076057
238.62715061461495,1.0049272775650024,0.00011569084017537534
238.64758389376948,1.0049892663955688,0.00011570286005735397
238.66801717269846,1.0047962665557861,0.00011568868649192154
238.68845045138733,1.0046757459640503,0.0001156843572971411
238.70888362984988,1.0046268701553345,0.00011569383786991239
238.7293170078483,1.0046966075897217,0.00011567239562282339
238.77018346313707,1.0041797161102295,0.0001156659418484196
238.790616840437,1.0040473937988281,0.00011560420534806326
238.81105001750257,1.003891944885254,0.000115605813334696
238.83148329409596,1.0035791397094727,0.00011559377890080214
238.8519165704638,1.002950668334961,0.00011555575474631041
238.8723498465988,1.0027525424957275,0.00011555086530279368
238.89278312226088,1.0023462772369385,0.00011552819341886789
238.9132163976974,1.0019944906234741,0.00011551069474080577
238.93364967290108,1.0016621351242065,0.00011549080954864621
238.95408294786466,1.0012141466140747,0.00011548399925231934
238.9745162226027,1.0007002353668213,0.00011546011955942959
238.9949493968743,0.9991821050643921,0.0001153721968876198
239.0153827709073,0.9915507435798645,0.00011502052075229585
239.035816044714,0.9864943623542786,0.0001147671791841276
239.0562492180543,0.985673725605011,0.00011471428297227249
239.07668259138882,0.9848887920379639,0.00011469952005427331
239.0971158642642,0.9851377010345459,0.0001147086441051215
239.11754903667315,0.9867320656776428,0.00011479079694254324
239.1379823090756,0.9938119649887085,0.00011516215454321355
239.15841568102041,0.9984907507896423,0.00011535326484590769
239.17884895296447,0.9980806708335876,0.00011533179349498823
239.199282124202,0.9979413747787476,0.00011533647193573415
239.21971549544833,0.9978275895118713,0.00011533507495187223
239.24014876622823,0.998064398765564,0.00011532532516866922
239.26058193676727,0.998244047164917,0.00011533677752595395
239.2810152070815,0.997678279876709,0.00011531624477356672
239.30144857716368,0.9982315897941589,0.00011533738870639354
239.3218817467714,0.9982652068138123,0.00011534010991454124
239.34231501638715,0.9982460737228394,0.00011534087389009073
239.36274838530517,0.9985713362693787,0.00011535173689480871
239.3831815542144,0.9987856149673462,0.00011536431702552363
239.40361482289882,0.9985784292221069,0.00011536714737303555
239.42404809111758,0.9991521835327148,0.00011537152022356167
239.44448135909624,0.9990983009338379,0.00011537591490196064
239.46491462661652,0.9989510178565979,0.00011538005492184311
239.4853478941368,0.9996522068977356,0.00011541248386492953
239.5057812611849,0.9996495842933655,0.00011540059495018795
239.52621442800591,0.9998607039451599,0.00011542101128725335
239.54664769459487,1.000282883644104,0.0001154383789980784
239.56708086071012,1.0005391836166382,0.00011544722656253725
239.58751422683417,1.0006569623947144,0.00011545420420588925
239.6079474924918,1.0010275840759277,0.00011546933819772676
239.6283807576765,1.0014010667800903,0.00011547235044417903
239.64881402286846,1.0012764930725098,0.0001154662822955288
239.66924728759477,1.0014363527297974,0.00011547442409209907
239.68968055208097,1.0011094808578491,0.00011545073357410729
239.71011371634086,1.0013147592544556,0.00011547080066520721
239.73054708036943,1.001387596130371,0.00011547491885721684
239.7509803439243,1.0010534524917603,0.00011544152221176773
239.77141350725287,1.0007206201553345,0.00011544025619514287
239.79184687035013,1.0003314018249512,0.00011543466825969517
239.8122801332065,1.000450849533081,0.0001154244746430777
239.83271329560375,0.9994480013847351,0.00011539652041392401
239.85314655776892,0.9995488524436951,0.00011540514242369682
239.87357991969475,0.9993154406547546,0.00011536717647686601
239.8940130813935,0.9989496469497681,0.00011536547390278429
239.91444634262734,0.9987920522689819,0.00011536602687556297
239.93487970385468,0.9983725547790527,0.00011533259385032579
239.95531296439003,0.9978709816932678,0.00011531633208505809
239.97574612492463,0.9975748062133789,0.000115290837129578
239.99617938521988,0.9973533153533936,0.00011526630987646058
240.0166127450575,0.9966960549354553,0.00011524207366164774
240.03704590466077,0.9963194131851196,0.00011524288856890053
240.0574791640247,0.9960885047912598,0.00011522402201080695
240.077912522931,0.995736300945282,0.00011521605483721942
240.09834568183578,0.9953719973564148,0.00011518294923007488
240.11877894026838,0.9950526356697083,0.00011517329403432086
240.13921219847543,0.9950796961784363,0.00011517479288158938
240.15964545621682,0.9947802424430847,0.00011516708764247596
240.18007871395093,0.9948375821113586,0.00011516087397467345
240.20051197122666,0.9951397180557251,0.00011517037637531757
240.22094522826956,0.995599627494812,0.00011520129919517785
240.24137848483952,0.9957784414291382,0.00011521048872964457
240.261811641416,0.9960613250732422,0.00011521564010763541
240.28224489752756,0.9961277842521667,0.00011523505236255005
240.3026782533998,0.9965123534202576,0.00011524480942171067
240.32311150881287,0.9969819784164429,0.00011525325680850074
240.3435446642252,0.9974299669265747,0.00011527951573953032
240.38441117387993,0.997984766960144,0.0001152919139713049
240.40484442836168,0.9983604550361633,0.00011532892676768824
240.42527778237127,0.9985646605491638,0.00011533917859196663
240.4457109363866,0.9990909695625305,0.00011534873192431405
240.46614418993704,0.9994285106658936,0.00011538129183463752
240.48657744325465,0.9997469186782837,0.00011538529361132532
240.50701079610008,1.0002312660217285,0.00011540742707438767
240.52744394895126,1.0004692077636719,0.00011542369611561298
240.54787720133027,1.0008518695831299,0.0001154490455519408
240.56831055348448,1.0014499425888062,0.00011546379391802475
240.5887437051715,1.0016953945159912,0.00011548147449502721
240.6091769568593,1.002286434173584,0.0001155010613729246
240.6296101080734,1.0026823282241821,0.00011551810894161463
240.65004345906345,1.0030853748321533,0.00011552198702702299
240.67047670981265,1.003589391708374,0.0001155720601673238
240.69090996010345,1.0034924745559692,0.00011554479715414345
240.71134321016143,1.0039358139038086,0.00011556578829186037
240.73177645998658,1.00416100025177,0.00011558349069673568
240.75220970957162,1.0043851137161255,0.00011558915866771713
240.77264285893034,1.0046112537384033,0.00011558960977708921
240.79307620781765,1.0043939352035522,0.00011557823017938063
240.81350945647864,1.0043522119522095,0.0001155906284111552
240.83394260490604,1.0042765140533447,0.00011558199184946716
240.85437595310214,1.0042965412139893,0.00011559479753486812
240.87480920082453,1.0044323205947876,0.00011560295388335362
240.8952423483206,1.0042898654937744,0.00011557793186511844
240.91567559558462,1.0041658878326416,0.00011558087135199457
240.93610894260928,1.0038264989852905,0.0001155763166025281
240.95654208917404,1.0035115480422974,0.00011553269723663107
240.97697533573955,1.0031418800354004,0.00011553422518773004
240.9974086818329,1.0027053356170654,0.00011552103387657553
241.0178419274671,1.0023822784423828,0.00011548851034604013
241.03827507310052,1.0017305612564087,0.00011547319445526227
241.05870831826178,1.0014795064926147,0.00011545657616807148
241.07914166343107,1.001142144203186,0.00011543534492375329
241.09957480790035,1.0007436275482178,0.00011541638377821073
241.12000805236312,1.0000864267349243,0.00011539163097040728
241.14044139636826,0.9980005621910095,0.00011531573545653373
241.16087454037188,0.990131676197052,0.00011494396312627941
241.1813077836705,0.9852472543716431,0.00011472827463876456
241.20174102697638,0.9842694401741028,0.00011467451258795336
241.22217427004944,0.9840247631072998,0.00011467353033367544
241.24260751264956,0.9842166304588318,0.00011468147567939013
241.26304075502412,0.9858262538909912,0.00011474845086922869
241.28347409715934,0.9927894473075867,0.00011506136070238426
241.30390723883465,0.9966573715209961,0.00011524485307745636
241.32434048051073,0.9966815710067749,0.00011523934517754242
241.34477362172038,0.9964787364006042,0.00011522819841047749
241.36520696269145,0.9962406158447266,0.00011522405839059502
241.38564020320337,0.9960629940032959,0.00011521232227096334
241.40607334371452,0.9962351322174072,0.0001152133263531141
241.42650668375427,0.9958921074867249,0.00011521216947585344
241.4469399235677,0.99611896276474,0.00011522605927893892
241.4673731631483,0.9963958263397217,0.00011521843407535926
241.4878063022552,0.9965941905975342,0.00011524870933499187
241.50823964113806,0.9963539242744446,0.00011523911962285638
241.5286728800129,0.9968412518501282,0.0001152412369265221
241.54910601819574,0.9970042109489441,0.00011526271555339918
241.56953935638012,0.997124969959259,0.00011526102753123268
241.58997259409807,0.9974578022956848,0.00011526357411639765
241.61040573157516,0.9975913166999817,0.00011527471360750496
241.63083896882745,0.9981555342674255,0.00011530640767887235
241.6512723058404,0.9984557628631592,0.00011531335621839389
241.67170544262626,0.9990856051445007,0.00011534083751030266
241.69213867894723,0.9989307522773743,0.00011535068188095465
241.71257191503537,0.9997249245643616,0.00011536997772054747
241.75343838627305,1.000066876411438,0.00011539434490259737
241.77387152166193,1.0005426406860352,0.00011540365085238591
241.7943048565794,1.0003303289413452,0.00011539931438164786
241.81473809127056,1.000526785850525,0.00011540719424374402
241.8351712254953,1.000614881515503,0.00011540034029167145
241.85560455971427,1.001006007194519,0.00011542094580363482
241.8760377934741,1.0004794597625732,0.00011541273124748841
241.89647092700034,1.0004158020019531,0.00011540486593730748
241.91690416028723,1.000166416168213,0.0001153862031060271
241.9373374931165,0.9996992945671082,0.00011537865066202357
241.95777062571142,0.9996594190597534,0.00011538045509951189
241.97820385829982,0.9996737837791443,0.0001153589109890163
241.99863719019777,0.9989587664604187,0.00011533025826793164
242.01907042209496,0.9990065693855286,0.00011533543147379532
242.03950355375127,0.9985074996948242,0.00011531022755661979
242.05993678494997,0.9979413747787476,0.00011529910989338532
242.0803701159166,0.9979338645935059,0.00011528973118402064
242.10080324640876,0.9972836375236511,0.00011525148147484288
242.12123647690896,0.9969898462295532,0.00011524470755830407
242.14166980694426,0.9970255494117737,0.00011524211004143581
242.16210293673794,0.9965981245040894,0.00011521782289491966
242.18253616630682,0.9962758421897888,0.00011519942927407101
242.20296939564287,0.9963927268981934,0.00011522285058163106
242.22340262450598,0.9955669641494751,0.00011517745588207617
242.24383585314354,0.995111882686615,0.00011515873484313488
242.26426908154826,0.9947307705879211,0.00011513746721902862
242.28470230971288,0.9947617650032043,0.00011512578203110024
242.30513553765195,0.9949260950088501,0.00011513801291584969
242.32556876512535,0.9947490692138672,0.00011513295612530783
242.34600189236517,0.9948337078094482,0.00011512409400893375
242.3664352193664,0.9951895475387573,0.00011514830111991614
242.38686844590848,0.9954092502593994,0.00011515092774061486
242.40730157244252,0.995887815952301,0.0001151792166638188
242.4277348985197,0.9959080219268799,0.00011519132385728881
242.4481681243633,0.9959149956703186,0.00011517022358020768
242.46860134996678,0.9967368245124817,0.00011521913256729022
242.50946780002414,0.9973520040512085,0.00011524649744387716
242.5299010246963,0.9975886940956116,0.00011526725575095043
242.55033414914215,0.9979195594787598,0.00011526887828949839
242.57076747312385,0.9981158971786499,0.000115273091068957
242.59120069709752,0.9985713362693787,0.00011531434574862942
242.61163382061204,0.9990053772926331,0.00011530917254276574
242.6320670438945,0.999162495136261,0.0001153139237430878
242.6525003669376,0.9995521903038025,0.00011534650548128411
242.6729334895208,1.000181794166565,0.00011537042155396193
242.69336671210476,1.0004609823226929,0.00011537969839992002
242.71380003421655,1.0010268688201904,0.00011540779087226838
242.73423315610125,1.002084493637085,0.00011544679728103802
242.75466637752106,1.0023185014724731,0.00011545628512976691
242.7750995989336,1.0026975870132446,0.0001154861383838579
242.79553281988774,1.0033085346221924,0.00011551553325261921
242.81596604060906,1.003939151763916,0.00011552641080925241
242.83639926109754,1.0043848752975464,0.00011556251411093399
242.85683258134668,1.0047954320907593,0.00011555859236977994
242.8772657011359,1.0051703453063965,0.00011559259291971102
242.8976989206858,1.0052138566970825,0.00011560399434529245
242.9181322400109,1.005720615386963,0.0001156101279775612
242.93856535910163,1.0054221153259277,0.0001156061262008734
242.9589985777202,1.005635380744934,0.00011560365237528458
242.97943179634603,1.0056763887405396,0.00011560876737348735
242.9998650145062,1.005812168121338,0.00011560640996322036
243.02029823219345,1.005751132965088,0.000115614639071282
243.04073144988797,1.0059088468551636,0.00011562179133761674
243.06116466711683,1.005575180053711,0.00011559336417121813
243.0815978843384,1.0054032802581787,0.00011560314305825159
243.1020311011016,1.0051300525665283,0.0001155848367488943
243.12246421739837,1.004597544670105,0.00011555900709936395
243.1428975336894,1.0042040348052979,0.00011553960212040693
243.16333074952126,1.0036981105804443,0.00011551442003110424
243.18376386511954,1.003867268562317,0.00011550523777259514
243.20419718047924,1.0030806064605713,0.00011550477211130783
243.22463029561186,1.002502202987671,0.00011547057511052117
243.24506351027958,1.0021519660949707,0.00011543523578438908
243.26549672494002,1.0017547607421875,0.00011544229346327484
243.28592993914208,0.9995404481887817,0.00011533111683093011
243.3063631531113,0.991619348526001,0.00011495836224639788
243.32679636661487,0.9869883060455322,0.00011476334475446492
243.34722968011192,0.9856964945793152,0.00011472469486761838
243.36766279314907,0.9851558208465576,0.00011468555749161169
243.38809600594686,0.9851459860801697,0.00011467681906651706
243.40852911828551,0.986721396446228,0.00011475774954305962
243.4289624306257,0.9941357970237732,0.0001150947718997486
243.44939564249944,0.9982011318206787,0.00011525846639415249
243.46982875413232,0.9976380467414856,0.00011526305024744943
243.49026206554117,0.9976000785827637,0.00011524232104420662
243.51069527670916,0.9977823495864868,0.00011523990542627871
243.53112848741875,0.997169017791748,0.00011522802378749475
243.5515615981276,0.9973381161689758,0.00011522609565872699
243.5719949083723,0.9974561929702759,0.00011523293505888432
243.59242811837612,0.997646152973175,0.00011525429727043957
243.6128612279208,0.9975483417510986,0.00011524768342496827
243.63329453745973,0.9975174069404602,0.00011522720160428435
243.65372774653952,0.9973573088645935,0.00011523441207828
243.6741608553857,0.997551679611206,0.00011525840091053396
243.69459406399983,0.9978928565979004,0.00011525435547810048
243.71502737214178,0.9980705976486206,0.0001152786790044047
243.73546048005664,0.9982604384422302,0.00011529299081303179
243.75589368797228,0.9986594915390015,0.00011528021423146129
243.77632699541573,0.9989933967590332,0.00011529794574016705
243.79676010239928,0.9991924166679382,0.00011531180643942207
243.81719330938358,0.9998049139976501,0.00011534114310052246
243.83762651589495,1.0000641345977783,0.00011534756049513817
243.85805982218153,1.0007388591766357,0.00011540476407390088
243.87849292823375,1.0009236335754395,0.00011537518730619922
243.89892613404663,1.0010466575622559,0.00011539676052052528
243.9193594394019,1.0011826753616333,0.0001154127749032341
243.9397925445228,1.0013587474822998,0.00011540378909558058
243.96022574940434,1.0015116930007935,0.00011541599815245718
243.98065895406035,1.0014910697937012,0.00011542035645106807
244.00109215848352,1.0012680292129517,0.00011540080595295876
244.02152536243375,1.0010672807693481,0.00011539435217855498
244.04195856615843,1.0011526346206665,0.0001154080600827001
244.06239176965028,1.0011155605316162,0.00011538972466951236
244.08282497290202,1.0008467435836792,0.00011538972466951236
244.1032581759282,1.0006604194641113,0.00011538610851857811
244.12369127848797,1.0002092123031616,0.00011536399688338861
244.14412458080915,1.000044345855713,0.00011533976794453338
244.164557782904,0.9995421171188354,0.00011533255747053772
244.18499088476528,0.998895525932312,0.00011528962204465643
244.20542418615514,0.9989908933639526,0.0001153015618911013
244.2258573875515,0.9984963536262512,0.00011528302275110036
244.24629048848146,0.9979360103607178,0.00011525615263963118
244.26672368917207,0.9976605176925659,0.00011523437569849193
244.28715698940505,0.9967775344848633,0.00011520606494741514
244.30759018963727,0.9968373775482178,0.00011520104453666136
244.3280232893958,0.996451735496521,0.00011517626262502745
244.34845658893028,0.9962650537490845,0.00011518768587848172
244.36888978823117,0.9953446984291077,0.0001151356627815403
244.3893228872912,0.9950704574584961,0.00011510900367284194
244.4097560858936,0.9948646426200867,0.00011510161857586354
244.43018938449677,0.9945517182350159,0.00011508735042298213
244.45062248262548,0.9945805072784424,0.00011509355681482702
244.47105568029656,0.994476854801178,0.00011509426985867321
244.4914889779684,0.9947006702423096,0.00011509565956657752
244.51192207539862,0.9948735237121582,0.00011509519390529022
244.5323552723712,0.9952414631843567,0.00011512672062963247
244.55278846911096,0.9956539273262024,0.00011516005179146305
244.57322166561062,0.9956419467926025,0.00011515041842358187
244.59365486165188,0.9960187077522278,0.00011515020014485344
244.61408805769315,0.9962275624275208,0.00011519856343511492
244.63452125326148,0.9965887665748596,0.00011519745748955756
244.65495444860426,0.9970470070838928,0.00011521385022206232
244.67538754371344,0.9972652196884155,0.00011521609121700749
244.69582073835045,0.9977248311042786,0.000115231130621396
244.73668722717412,0.9987228512763977,0.00011527800961630419
244.75712032111187,0.9991798400878906,0.00011530663323355839
244.77755361459276,0.999839186668396,0.0001153280318249017
244.79798670807213,1.0003825426101685,0.00011535373778315261
244.81841990107932,1.001102089881897,0.0001153991324827075
244.83885309386096,1.001660704612732,0.00011539125262061134
244.85928638641053,1.0023876428604126,0.0001154432466137223
244.87971947871847,1.0028547048568726,0.00011544438893906772
244.90015267080162,1.003885269165039,0.00011549905320862308
244.92058596241986,1.0041791200637817,0.0001155146092060022
244.94101905379648,1.004751205444336,0.00011552903742995113
244.9614522449483,1.0052694082260132,0.0001155594945885241
244.98188533586654,1.0059927701950073,0.00011558930418686941
245.00231862631335,1.0059525966644287,0.00011557336983969435
245.0227518167667,1.006462812423706,0.00011559083213796839
245.04318500675436,1.0066888332366943,0.00011559644190128893
245.06361819650192,1.0068609714508057,0.00011561690917005762
245.08405138602393,1.007062315940857,0.00011564232409000397
245.10448457508028,1.0067614316940308,0.00011561284918570891
245.12491766389576,1.0068244934082031,0.00011564064334379509
245.14535095272004,1.006589651107788,0.00011562304280232638
245.1657841410779,1.0065864324569702,0.00011560830171220005
245.18621722896933,1.0063788890838623,0.00011560452549019828
245.206650516855,1.005812168121338,0.00011558616097318009
245.22708370428154,1.0054526329040527,0.00011554616503417492
245.2475167914672,1.0049601793289185,0.00011552473006304353
245.26794997842808,1.0049105882644653,0.00011554606317076832
245.28838326515688,1.0045603513717651,0.00011551548959687352
245.3088163514185,1.0039050579071045,0.00011548157635843381
245.3292495376736,1.0036020278930664,0.0001154717683675699
245.34968282347108,1.003338098526001,0.00011544870358193293
245.3701160090277,1.0025050640106201,0.0001154093406512402
245.390549094358,1.0021294355392456,0.00011539427941897884
245.4109822792234,1.0017095804214478,0.00011536689271451905
245.43141556408227,0.9990435838699341,0.00011527229798957705
245.45184864848125,0.9910256862640381,0.00011489678581710905
245.47228183264815,0.9867436289787292,0.00011470272147562355
245.49271511634288,0.9854188561439514,0.00011459294182714075
245.51314820004336,0.9851312041282654,0.00011462740076240152
245.53358138327894,0.9851846098899841,0.000114575115730986
245.5540145662817,0.9873443841934204,0.00011473827908048406
245.57444774904434,0.9945226907730103,0.00011505479051265866
245.59488093158143,0.9980736970901489,0.00011522286513354629
245.6153141138784,0.9980012774467468,0.00011519854160724208
245.635747295717,0.9977477192878723,0.00011520888801896945
245.65618047732278,0.9976333379745483,0.00011519648978719488
245.67661365869571,0.997536838054657,0.00011519162217155099
245.6970469398293,0.9974230527877808,0.00011519286636030301
245.71748002073582,0.9975610375404358,0.00011519883992150426
245.73791320117016,0.9973931312561035,0.00011518073733896017
245.75834628137818,0.9976016283035278,0.00011520413681864738
245.7787795613549,0.9978453516960144,0.00011520082625793293
245.79921274109802,0.9979494214057922,0.00011521574924699962
245.81964592060103,0.9981372952461243,0.00011524145520525053
245.84007909964566,0.998256266117096,0.00011523099965415895
245.8605122784502,0.9987345933914185,0.00011524309957167134
245.88094545702916,0.998985230922699,0.00011526398157002404
245.90137853537453,0.9995039105415344,0.00011529723269632086
245.9218118134886,0.999882161617279,0.00011530462506925687
245.96267806854303,1.000218152999878,0.00011532426287885755
245.9831113457185,1.0006663799285889,0.0001153390621766448
246.00354452266765,1.0007784366607666,0.00011535436351550743
246.02397759938322,1.0010219812393188,0.0001153751218225807
246.04441077563388,1.000956654548645,0.00011536334204720333
246.06484405187803,1.001436471939087,0.00011538901890162379
246.08527712766227,1.001254677772522,0.00011538771650521085
246.10571030320716,1.0012171268463135,0.00011535468365764245
246.12614347829367,1.0012136697769165,0.00011537655518623069
246.14657675338094,1.0011625289916992,0.00011538844410097227
246.16700982800103,1.0010175704956055,0.00011535903468029574
246.20787617653696,1.0014961957931519,0.00011544982407940552
246.22830935045204,1.0012534856796265,0.00011542163701960817
246.2487424241408,1.0010554790496826,0.00011542584979906678
246.26917569736543,1.0007107257843018,0.00011541651474544778
246.28960887035646,1.0004591941833496,0.00011539350816747174
246.31004194310663,0.9999001026153564,0.00011537077807588503
246.330475115632,0.9996796250343323,0.00011534437362570316
246.35090838791803,0.9991267919540405,0.0001153135162894614
246.37134145974414,0.9987004399299622,0.0001153046396211721
246.3917746313382,0.9979057908058167,0.00011529004405019805
246.41220790270017,0.9978940486907959,0.00011528337927302346
246.4326410738213,0.997518002986908,0.00011526484740898013
246.45307414471608,0.9967942833900452,0.0001152210243162699
246.47350731514598,0.997322678565979,0.00011529745097504929
246.49394058533653,0.9963620901107788,0.00011517679376993328
246.5143736553,0.9959439635276794,0.00011517424718476832
246.5348068250314,0.9954646825790405,0.00011515385267557576
246.55524009452347,0.9953921437263489,0.00011512605124153197
246.57567316378845,0.9953365325927734,0.00011515739606693387
246.59610633258853,0.9951483607292175,0.00011512634227983654
246.6165395011485,0.9952805042266846,0.00011513969366205856
246.63697266948293,0.9956427812576294,0.00011516194354044273
246.65740583758452,0.9961288571357727,0.00011518985411385074
246.67783900521317,0.9962180852890015,0.00011519047257024795
246.69827227284986,0.9966608881950378,0.00011523136345203966
246.71870534001937,0.9968447089195251,0.00011523860302986577
246.73913850694953,0.9970337152481079,0.00011522287240950391
246.75957157365337,0.997227132320404,0.00011525642912602052
246.78000483989308,0.9975880980491638,0.00011527511378517374
246.80043800612475,0.9980555176734924,0.00011528416507644579
246.82087107189727,0.9983379244804382,0.00011530173651408404
246.8413043374385,0.9986636638641357,0.00011531458585523069
246.86173750273883,0.9992652535438538,0.00011533324141055346
246.88217066781363,0.9999547004699707,0.0001153752236859873
246.902603732422,1.0004315376281738,0.0001153812772827223
246.9230369970246,1.0009499788284302,0.0001154140627477318
246.94347016116808,1.0014170408248901,0.00011543971777427942
246.96390322507796,1.0025585889816284,0.0001154849524027668
246.98433648851642,1.00285804271698,0.00011549081682460383
247.0047696519614,1.0037634372711182,0.00011553279182408005
247.02520271517278,1.0041579008102417,0.00011554944649105892
247.045635877912,1.0047881603240967,0.00011558007099665701
247.0660691404264,1.0054188966751099,0.00011560307029867545
247.08650220270647,1.0057706832885742,0.0001156296202680096
247.10693536451436,1.0060150623321533,0.00011563421867322177
247.12736862633028,1.006587266921997,0.00011566102330107242
247.14780178767978,1.0067198276519775,0.00011566421017050743
247.16823484878842,1.0071200132369995,0.0001156849684775807
247.18866800967226,1.0070064067840576,0.0001156693761004135
247.20910127032403,1.0072178840637207,0.00011569740308914334
247.22953433073417,1.007293462753296,0.00011569444177439436
247.24996749068669,1.0072628259658813,0.0001156778380391188
247.27040075040713,1.0072301626205444,0.00011569650087039918
247.29083380988595,1.007108449935913,0.0001156928192358464
247.31126696913998,1.006731629371643,0.00011566667672013864
247.33170012816117,1.006484031677246,0.00011565993190743029
247.35213328670943,1.0062689781188965,0.00011565194290596992
247.37256644503213,1.0059956312179565,0.00011562175495782867
247.39299960335484,1.005529761314392,0.00011560996063053608
247.41343276097177,1.0051029920578003,0.00011559810809558257
247.43386591859598,1.0045760869979858,0.0001155709323938936
247.45429907598736,1.0042046308517456,0.00011555983655853197
247.47473213290505,1.0035901069641113,0.00011553725926205516
247.4951653895987,1.0032248497009277,0.00011550889030331746
247.51559854605875,1.002631664276123,0.00011549163900781423
247.53603160228522,1.0022767782211304,0.00011546604218892753
247.5564648582731,1.0017263889312744,0.00011542706488398835
247.57689801380184,0.9986133575439453,0.00011530242773005739
247.59733106932254,0.9905173778533936,0.00011490023462101817
247.6177642243856,0.9862040281295776,0.00011465470015536994
247.63819737921585,0.9852239489555359,0.00011459850065875798
247.658630533806,0.9849361777305603,0.00011458279186626896
247.67906368793774,0.9853561520576477,0.00011459101369837299
247.7199299957283,0.9948166012763977,0.00011512033961480483
247.74036314916157,0.998223066329956,0.00011525260924827307
247.76079620236123,0.9981300234794617,0.00011525136505952105
247.7812294550895,0.9982408881187439,0.00011527475726325065
247.84252891212236,0.9983991384506226,0.00011527859896887094
247.8629620639258,0.9985356330871582,0.00011526457092259079
247.88339521549642,0.9984039068222046,0.00011526887828949839
247.90382826683344,0.9985949397087097,0.00011527531751198694
247.92426151769905,0.9987435340881348,0.00011528118193382397
247.94469466857117,0.9992668032646179,0.00011530039046192542
247.9651277189696,0.999243438243866,0.00011530774645507336
247.985560969144,0.9993348121643066,0.00011530809570103884
248.00599411885196,0.9996996521949768,0.00011531526979524642
248.02642716855917,1.0000146627426147,0.0001153367556980811
248.04686041779496,1.0004640817642212,0.0001153560951934196
248.06729356703727,1.0012832880020142,0.00011538111721165478
248.08772661580588,1.0014419555664062,0.00011539003025973216
248.1081597643497,1.0015761852264404,0.00011540283594513312
248.1285930124286,1.0023757219314575,0.00011542772699613124
248.149026060506,1.0023032426834106,0.00011543981963768601
248.16945920811122,1.0027111768722534,0.00011546284076757729
248.18989245549164,1.0026054382324219,0.0001154482743004337
248.2103256026312,1.0028588771820068,0.00011546434689080343
248.2511917962256,1.0029525756835938,0.00011545655434019864
248.2716250424346,1.002977967262268,0.00011546122550498694
248.29205808864936,1.0028185844421387,0.00011546919267857447
248.3124912343992,1.002492070198059,0.00011543786968104541
248.3329244799097,1.0023443698883057,0.00011542677384568378
248.35335752519313,1.001893401145935,0.00011542967695277184
248.37379067001166,1.0022118091583252,0.00011541821004357189
248.39422381483018,1.0013386011123657,0.00011539609840838239
248.41465695917577,1.0008819103240967,0.00011537783575477079
248.4350901032958,1.000270128250122,0.00011534312943695113
248.45552324717573,0.9998407363891602,0.00011532923963386565
248.4759563908301,0.9992876648902893,0.00011531095515238121
248.49638953401882,0.9990713596343994,0.00011528367031132802
248.51682267720753,0.9986172318458557,0.00011528098548296839
248.53725571992254,0.9974555969238281,0.00011522309068823233
248.55768896241352,0.9973919987678528,0.00011521101259859279
248.57812210466363,0.9970694780349731,0.0001152000913862139
248.59855514668743,0.9963986873626709,0.00011518508108565584
248.6189883882471,0.9962196350097656,0.0001151630567619577
248.639421529806,0.995995819568634,0.00011515317601151764
248.65985467089195,0.995672345161438,0.00011514322250150144
248.6802877117516,0.9949930906295776,0.00011511131015140563
248.70072095237265,0.9947939515113831,0.00011510258627822623
248.72115409253456,0.9945709705352783,0.00011508857278386131
248.7415871326957,0.994623601436615,0.00011509541218401864
248.76202037239273,0.9946678280830383,0.00011509341129567474
248.7824535120817,0.99493408203125,0.00011511753837112337
248.80288655131153,0.9955754280090332,0.00011513102799654007
248.82331969007646,0.9957926869392395,0.00011514700599946082
248.84375292883487,0.9960312843322754,0.00011515468213474378
248.8641859673662,0.9961475729942322,0.00011515471851453185
248.88461910543265,0.9967870116233826,0.00011518409155542031
248.90505234325974,0.9966585040092468,0.0001151813194155693
248.92548538085975,0.9971127510070801,0.00011519887630129233
248.9459185182277,0.9978353977203369,0.00011523548164404929
248.96635165535554,0.9983984231948853,0.00011526994785526767
248.98678489202575,0.998796284198761,0.00011527353490237147
249.00721792869444,0.9993939995765686,0.00011529743642313406
249.02765106489096,0.9997488260269165,0.00011532542703207582
249.04808420086192,1.0006508827209473,0.0001153633274952881
249.06851733660005,1.001185655593872,0.00011537865793798119
249.08895047186525,1.0017073154449463,0.00011540218110894784
249.10938350713695,1.0025080442428589,0.00011545467714313418
249.12981674194452,1.0030289888381958,0.00011546239693416283
249.15024987674406,1.0034533739089966,0.00011549389455467463
249.17068291108444,1.0041707754135132,0.00011553124932106584
249.1911161449607,1.0050311088562012,0.00011555706441868097
249.21154917882814,1.004773497581482,0.00011554678349057212
249.2319823124708,1.0056654214859009,0.00011558444384718314
249.25241544564778,1.006142258644104,0.00011559497215785086
249.27284867858543,1.006137728691101,0.00011560724669834599
249.293281711296,1.0064136981964111,0.00011561893916223198
249.3137148437745,1.0070925951004028,0.00011563995940377936
249.33414807601366,1.0072696208953857,0.00011566222383407876
249.3545811077929,1.0071216821670532,0.0001156403886852786
249.37501423957292,1.0071022510528564,0.00011564074520720169
249.39544737088,1.0072861909866333,0.00011565171735128388
249.4158805019615,1.0071216821670532,0.00011565400200197473
249.4363136328102,1.0069215297698975,0.00011563442240003496
249.45674676341878,1.0069447755813599,0.00011563529551494867
249.47717989356897,1.0068087577819824,0.00011562994041014463
249.49761302371917,1.0065028667449951,0.00011560515849851072
249.51804615339643,1.0062463283538818,0.00011560713755898178
249.53847918284737,1.005750298500061,0.00011559065023902804
249.558912412067,1.0055655241012573,0.00011557059769984335
249.57934554104577,1.0053937435150146,0.00011556706886040047
249.5997785695654,1.0045390129089355,0.00011552478099474683
249.62021179808653,1.0042868852615356,0.00011551030183909461
249.64064492613397,1.0035066604614258,0.00011548533075256273
249.6610779539551,1.0030733346939087,0.00011547002213774249
249.68151108154416,1.0025780200958252,0.00011543269647518173
249.70194430889387,1.0021896362304688,0.00011542168795131147
249.72237743601727,0.9989522099494934,0.0001152904296759516
249.74281046267424,0.9910197854042053,0.0001148623923654668
249.76324368909263,0.9871487617492676,0.0001146833092207089
249.78367681551754,0.9861016273498535,0.00011463853297755122
249.80410984147602,0.9859228730201721,0.00011461805843282491
249.82454296719516,0.9861035346984863,0.00011462654947536066
249.84497619245667,0.988642156124115,0.00011475267820060253
249.86540921771666,0.9964315295219421,0.00011515359801705927
249.88584234250447,0.9994372129440308,0.00011530644405866042
249.9062755670675,0.9993517398834229,0.00011529481707839295
249.92670859139616,0.999643087387085,0.00011529738549143076
249.9471417154855,0.999580442905426,0.00011529597395565361
249.96757483934925,0.9997951984405518,0.00011532009375514463
249.9880079629802,0.9997678995132446,0.0001152914046542719
250.0084410861382,0.9994077682495117,0.00011529011680977419
250.02887420907064,0.9998030066490173,0.00011530579649843276
250.049307431771,0.9998572468757629,0.00011531116615515202
250.06974045422976,1.0000817775726318,0.0001153203338617459
250.0901735764637,1.0002480745315552,0.00011533073120517656
250.1106067984656,1.0006436109542847,0.0001153475750470534
250.13103981999302,1.0007129907608032,0.0001153436751337722
250.15147294152848,1.001053810119629,0.0001153621997218579
250.17190596259752,1.0013666152954102,0.00011537140380823985
250.19233918342798,1.0017101764678955,0.00011537952377693728
250.21277230403211,1.001967430114746,0.00011540312698343769
250.2332054241706,1.0023658275604248,0.00011541345884324983
250.2536385443018,1.002864956855774,0.00011547968460945413
250.2740716639746,1.002445101737976,0.00011540968989720568
250.29450478364743,1.0027761459350586,0.00011543244909262285
250.31493780284654,1.002826452255249,0.00011543955042725429
250.33537102182163,1.0026612281799316,0.0001154240089817904
250.3558041403303,1.0026271343231201,0.00011542814900167286
250.3762371588382,1.0026403665542603,0.00011543134314706549
250.3966703771075,1.0023891925811768,0.0001154152923845686
250.41710349491768,1.0024150609970093,0.00011541510320967063
250.437536512487,1.0020254850387573,0.00011538898252183571
250.4579696298315,1.001722812652588,0.00011537551472429186
250.47840284694394,1.0014134645462036,0.00011536177044035867
250.49883586382202,1.0009838342666626,0.00011533938959473744
250.51926898022793,1.0008163452148438,0.00011533399083418772
250.53970209664112,1.000103235244751,0.00011529847688507289
250.56013521258137,0.9996656179428101,0.0001152908880612813
250.58056832829607,0.9993078708648682,0.00011527492461027578
250.60100134377717,0.9989215135574341,0.00011525239824550226
250.62143455902697,0.9985693097114563,0.00011522931163199246
250.64186767380306,0.9979852437973022,0.00011520300904521719
250.66230078858644,0.9975890517234802,0.00011518276005517691
250.70316701721458,0.9966889023780823,0.00011514845391502604
250.72360013106663,0.9964650869369507,0.00011513415665831417
250.74403314445226,0.9963355660438538,0.00011513679783092812
250.76446635783213,0.995821475982666,0.00011510813055792823
250.7848994709857,0.9954701662063599,0.00011510456533869728
250.80533248366555,0.9947119355201721,0.00011506079317769036
250.8257656963542,0.9942635893821716,0.00011504669964779168
250.84619880857645,0.9943832755088806,0.00011505611473694444
250.8666318205651,0.9945974946022034,0.00011505087604746222
250.8870649323144,0.9944213628768921,0.0001150343450717628
250.90749814360606,0.9943879246711731,0.00011498473031679168
250.92793115488894,0.9945343136787415,0.00011500272375997156
250.9483642657142,0.9946346282958984,0.00011502178676892072
250.9687974765402,0.9952316880226135,0.0001150801545009017
250.98923048689903,0.9956468343734741,0.00011509774049045518
251.00966359701852,0.9956406950950623,0.00011510361946420744
251.03009670691245,0.9959664940834045,0.00011511569755384699
251.05052981633344,0.9963338971138,0.00011511599586810917
251.0709629257617,0.9966455698013306,0.00011514445213833824
251.0913960347243,0.9969842433929443,0.00011515711230458692
251.11182924344757,0.9977635145187378,0.00011517931125126779
251.13226225194376,0.9978839159011841,0.00011519497638801113
251.15269536020787,0.9983598589897156,0.00011521403212100267
251.1731283682384,0.9991117119789124,0.00011524629371706396
251.19356157603033,0.9997948408126831,0.00011528225149959326
251.21399468336313,0.9998986721038818,0.00011529491166584194
251.23442779069592,1.000722050666809,0.0001153152043116279
251.25486089755577,1.0013426542282104,0.00011534510122146457
251.27529400419007,1.0020332336425781,0.00011537739919731393
251.29572711058427,1.0028663873672485,0.00011541363346623257
251.31616011675214,1.0029499530792236,0.00011542811262188479
251.33659332245588,1.003548502922058,0.00011544367589522153
251.35702642815886,1.0040963888168335,0.00011546765745151788
251.37745943338814,1.0045266151428223,0.00011548407928785309
251.39789263862622,1.0050233602523804,0.00011550675117177889
251.4183257433906,1.0054454803466797,0.00011552957585081458
251.43875874792866,1.0059713125228882,0.00011555475066415966
251.45919185200182,1.0062499046325684,0.00011556201206985861
251.47962505607575,1.006351113319397,0.00011556468962226063
251.50005805990804,1.006258249282837,0.0001155669306172058
251.5204911632827,1.0062708854675293,0.00011556169192772359
251.54092436641804,1.0065456628799438,0.00011557203106349334
251.56135746932705,1.0065157413482666,0.00011557368998182938
251.58179047200247,1.0062381029129028,0.00011556741810636595
251.60222357444582,1.006409764289856,0.0001155668796855025
251.62265677664982,1.0059711933135986,0.00011554664524737746
251.64308977839391,1.005878210067749,0.00011554058437468484
251.66352287990594,1.0057759284973145,0.00011553234799066558
251.68395608141145,1.0053670406341553,0.00011552618525456637
251.70438908245706,1.0049793720245361,0.00011550738418009132
251.7248221832706,1.0048166513442993,0.00011548361362656578
251.74525528384402,1.0041643381118774,0.00011547099711606279
251.76568838395906,1.0034583806991577,0.00011543425353011116
251.7861214840741,1.003298282623291,0.00011542708671186119
251.8065545837162,1.0026638507843018,0.00011539825209183618
251.82698778313352,1.0018360614776611,0.00011536986130522564
251.8474207825493,1.0017588138580322,0.00011535589146660641
251.86785388149292,0.9986241459846497,0.00011520858970470726
251.8882868799774,0.9905372262001038,0.00011478907254058868
251.90872007846338,0.9870215058326721,0.00011462137626949698
251.9291531767085,0.9861019849777222,0.00011458831431809813
251.94958617449447,0.9859203100204468,0.00011457789514679462
251.97001937204914,0.9866207838058472,0.00011460630048532039
251.99045246959577,0.9892469644546509,0.00011472430924186483
252.01088546668325,0.9969912767410278,0.00011514571087900549
252.03131856330583,0.9997966289520264,0.00011526038724696264
252.05175165992114,0.9994841814041138,0.00011524567526066676
252.07218485631165,0.9995424747467041,0.00011525232548592612
252.09261785223498,0.9999818205833435,0.00011527816241141409
252.11305104815256,0.9999107718467712,0.00011525729496497661
252.13348404361022,1.0003036260604858,0.00011527194874361157
252.15391713883582,1.0004693269729614,0.0001152877593995072
252.17435013382055,1.0006449222564697,0.00011530405754456297
252.19478332858125,1.0009214878082275,0.00011531641212059185
252.21521642287553,1.001312494277954,0.00011532714415807277
252.23564951716253,1.001571536064148,0.00011534151417436078
252.25608261099114,1.0020588636398315,0.00011536572128534317
252.27651570458693,1.002310037612915,0.00011536457895999774
252.29694879817544,1.0029199123382568,0.00011539153638295829
252.3173817913048,1.003316879272461,0.0001154271958512254
252.33781498397002,1.003704309463501,0.00011542685388121754
252.3582480766272,1.0040292739868164,0.0001154447891167365
252.37868106905808,1.0040498971939087,0.00011544817971298471
252.3991142610248,1.0044962167739868,0.00011545231245690957
252.4195473529835,1.0042438507080078,0.00011545151937752962
252.43998034448305,1.0044283866882324,0.00011545436427695677
252.46041343575052,1.0047943592071533,0.00011547301983227953
252.48084662677866,1.0043891668319702,0.00011545429151738063
252.5012796175797,1.0040918588638306,0.00011545190500328317
252.52171270791587,1.004197120666504,0.00011544916924322024
252.5421458982455,1.0036303997039795,0.0001154222700279206
252.562578988116,1.0034010410308838,0.00011541094136191532
252.5830119777529,1.0031317472457886,0.0001153972334577702
252.6034450673833,1.0029951333999634,0.00011539730621734634
252.62387825655605,1.0025535821914673,0.00011536952661117539
252.64431124526163,1.0018645524978638,0.0001153421399067156
252.6647443339607,1.0014957189559937,0.0001153296252596192
252.68517752243497,1.0010085105895996,0.0001152975091827102
252.70561051044206,0.9999633431434631,0.00011524501314852387
252.72604359844263,0.9995870590209961,0.00011523063585627824
252.74647668598482,0.9989610314369202,0.00011519710824359208
252.76690977329417,0.9985982775688171,0.00011518625979078934
252.78734286036342,0.9980561137199402,0.00011516875383676961
252.80777594720712,0.9973827004432678,0.00011514060315676033
252.82820903381798,0.997114896774292,0.00011512332275742665
252.8486421199559,0.9966202974319458,0.00011509327305248007
252.86907520610112,0.996298611164093,0.00011502431880217046
252.8895081917799,0.9959555864334106,0.00011502533016027883
252.9099413772201,0.9959335327148438,0.00011500933032948524
252.93037446243397,0.9956091046333313,0.00011500831897137687
252.95080744741426,0.9950577616691589,0.00011495658691274002
252.97124063215597,0.994674801826477,0.00011493832425912842
252.99167371667136,0.994425892829895,0.00011493813508423045
253.01210670072032,0.9944551587104797,0.00011493556667119265
253.03253978476278,0.994837760925293,0.0001149487288785167
253.0529729683476,0.9946126937866211,0.0001149386735050939
253.07340605169884,0.9952613711357117,0.00011496127990540117
253.09383903481648,0.9959477782249451,0.00011498865933390334
253.11427221769554,0.9960813522338867,0.00011499392712721601
253.1347053003483,0.9963442087173462,0.00011502490087877959
253.15513828276016,0.9967884421348572,0.00011505873408168554
253.17557136471441,0.9968499541282654,0.00011503992573125288
253.19600454666943,0.9971632957458496,0.00011506267037475482
253.21643752815726,0.9978767037391663,0.0001151467440649867
253.23687060940574,0.9983299970626831,0.00011514819925650954
253.25730379066226,0.998980700969696,0.00011519107647472993
253.2777367712115,0.9992207884788513,0.00011520351108629256
253.29816985176876,0.9995784163475037,0.00011520677071530372
253.3186029320932,1.0002747774124146,0.00011524909496074542
253.3390361121783,1.0004411935806274,0.00011525006266310811
253.35946909180348,1.000996470451355,0.00011529194307513535
253.3799021711966,1.0017354488372803,0.00011529758194228634
253.4003353505832,1.0023185014724731,0.00011532929056556895
253.42076832950988,1.002292513847351,0.0001153335688286461
253.4412014082045,1.0031355619430542,0.00011536949023138732
253.46163438666554,1.0034114122390747,0.00011540186824277043
253.48206756465515,1.0038834810256958,0.000115404516691342
253.50250064265128,1.0047792196273804,0.00011544425797183067
253.522933620181,1.005081295967102,0.00011545863526407629
253.54336679770495,1.0054320096969604,0.00011547355825314298
253.56379987476976,1.0060291290283203,0.00011552577052498236
253.58423285160097,1.0061168670654297,0.00011550879571586847
253.60466592819284,1.0061827898025513,0.00011551119678188115
253.62509910455992,1.0065730810165405,0.00011553008516784757
253.64553208069265,1.0065418481826782,0.00011551364150363952
253.68639833202178,1.0062531232833862,0.00011550504132173955
253.70683130722318,1.0063806772232056,0.00011551893112482503
253.72726438241807,1.0064157247543335,0.0001154988567577675
253.7476973571538,1.0063185691833496,0.00011550215276656672
253.76813053165824,1.0055177211761475,0.00011545835150172934
253.7885636059218,1.0055190324783325,0.00011546647147042677
253.80899667995982,1.0049712657928467,0.00011544277367647737
253.82942975353217,1.0048218965530396,0.00011543306027306244
253.84986282709724,1.0042959451675415,0.00011540137347765267
253.87029590043676,1.0038081407546997,0.0001153747653006576
253.89072887330985,1.0033049583435059,0.00011536267993506044
253.91116204594437,1.0028456449508667,0.00011533390352269635
253.93159511835256,1.002514123916626,0.00011533175711520016
253.95202809052716,1.0016403198242188,0.000115280068712309
253.97246126246318,1.0014421939849854,0.0001152672411990352
253.9928943341729,1.000990629196167,0.00011525630543474108
254.013327305649,0.9976924061775208,0.00011510473996168002
254.03376037665294,0.9891988039016724,0.0001146634022006765
254.0541935476649,0.986171543598175,0.00011451928003225476
254.07462661821046,0.9854353070259094,0.00011447531142039225
254.09505958851514,0.9851582646369934,0.00011447819269960746
254.1154927585958,0.9858847856521606,0.00011450447345850989
254.13592582843557,0.9891249537467957,0.00011463961709523574
254.15635879804904,0.9971548914909363,0.00011501473636599258
254.17679186743044,0.9998914003372192,0.00011520637053763494
254.19722503657977,1.000033974647522,0.00011520003317855299
254.21765800525463,1.0004000663757324,0.00011523139255587012
254.2380910737047,1.000435709953308,0.00011522452405188233
254.25852424214827,1.0009902715682983,0.00011524704314069822
254.27895721013192,1.0013940334320068,0.0001152623153757304
254.2993902778835,1.0015885829925537,0.00011528018512763083
254.31982334540226,1.0022730827331543,0.00011529702896950766
254.3402564126809,1.0025304555892944,0.00011530962365213782
254.360689479734,1.0030239820480347,0.00011533297947607934
254.38112254632142,1.0032305717468262,0.0001153473203885369
254.40155571290234,1.0037802457809448,0.00011537608224898577
254.42198867902334,1.004492998123169,0.0001153965640696697
254.4424217451451,1.0047693252563477,0.00011541656567715108
254.46285471079318,1.004982352256775,0.00011540627019712701
254.48328787621722,1.0055783987045288,0.00011545170855242759
254.50372094140766,1.0053622722625732,0.00011543762229848653
254.52415390635724,1.005519986152649,0.00011544410517672077
254.54458707084996,1.005845069885254,0.00011545942834345624
254.5650201353419,1.0055358409881592,0.0001154531491920352
254.58545319959376,1.0057308673858643,0.0001154621277237311
254.60588616338646,1.0053982734680176,0.00011544625158421695
254.62631932694785,1.005437970161438,0.00011544863082235679
254.6467523905012,1.0052295923233032,0.00011542152788024396
254.6671853535954,1.0047520399093628,0.0001154080600827001
254.68761851645831,1.0043216943740845,0.00011537934915395454
254.70805157884752,1.0039464235305786,0.00011536262172739953
254.72848454124323,1.0037171840667725,0.0001153534758486785
254.74891760340688,1.003305435180664,0.00011535514204297215
254.76935076533118,1.0028051137924194,0.00011532817006809637
254.78978372679558,1.0023115873336792,0.00011525792797328904
254.8102167880279,1.001788854598999,0.00011528537288540974
254.8306499492537,1.0007542371749878,0.0001152169206761755
254.8510829100196,1.0006303787231445,0.00011522013664944097
254.87151597055345,1.0000286102294922,0.00011517809616634622
254.89194903084717,0.9993103742599487,0.00011510137119330466
254.91238219068327,0.9988574385643005,0.00011509157775435597
254.93281515051785,0.9982765913009644,0.00011503846326377243
254.9532482101131,0.99799644947052,0.00011503063433337957
254.97368126924994,0.997505784034729,0.00011503548012115061
254.9941143283868,0.9971163272857666,0.00011498837557155639
255.01454728704994,0.9968433976173401,0.00011498736421344802
255.03498044548905,0.9968323707580566,0.00011498910316731781
255.05541350369458,0.9966683983802795,0.0001149692470789887
255.07584656166,0.9966760873794556,0.0001149681702372618
255.0962795193991,0.9960147738456726,0.0001149322633864358
255.1167126769069,0.9959595203399658,0.00011492114572320133
255.13714573417383,0.9960334300994873,0.0001149488307419233
255.1575786909816,0.9960291385650635,0.00011495052604004741
255.1780118477909,0.9960874319076538,0.00011494948557810858
255.19844490412652,0.9962176084518433,0.00011495630315039307
255.2188778602358,0.996642529964447,0.00011496360821183771
255.23931091634586,0.9970524907112122,0.00011496336810523644
255.25974407198373,0.9971994757652283,0.00011495538637973368
255.28017702739453,0.9975598454475403,0.00011499350512167439
255.30061008257326,0.9978142976760864,0.00011501023982418701
255.3210432372798,0.998004138469696,0.00011503060522954911
255.34147619199211,0.9980685710906982,0.00011503152927616611
255.36190924647235,0.9984226226806641,0.00011504143185447901
255.38234230047965,0.9987969994544983,0.00011503051791805774
256.3426954566312,0.9985611438751221,0.00011500401888042688
256.3631283985378,0.9987145662307739,0.00011500998516567051
256.38356143997225,0.9987567067146301,0.00011500867549329996
256.40399458141474,0.9992710947990417,0.00011503027781145647
256.42442752262286,0.9997138977050781,0.00011508099123602733
256.44486056359165,1.0001106262207031,0.00011507899762364104
256.4652937041028,1.0002562999725342,0.00011508776515256613
256.4857267446059,1.0011643171310425,0.0001151178075815551
256.5061596846499,1.0018476247787476,0.00011519728286657482
256.5265927244618,1.0020376443862915,0.00011521160195115954
256.5470257640409,1.002763271331787,0.00011525499576237053
256.5674588036127,1.0029200315475464,0.00011524614092195407
256.58789174272533,1.0037328004837036,0.00011528500181157142
256.60832488137385,1.0038702487945557,0.00011528080358402804
256.6287579200143,1.0044664144515991,0.00011531765630934387
256.6696238966106,1.005157709121704,0.00011536348756635562
256.6900570343205,1.0051136016845703,0.00011535339581314474
256.7104900720369,1.005244255065918,0.00011535185331013054
256.7309230092869,1.0051889419555664,0.0001153206467279233
256.7513561465312,1.0052359104156494,0.00011533164069987833
256.7717891833163,1.0053811073303223,0.00011534573422977701
256.7922221198678,1.0051168203353882,0.00011532482312759385
256.81265515617997,1.005303144454956,0.00011536634701769799
256.83308829226735,1.0050641298294067,0.00011534320947248489
256.85352122812037,1.0046839714050293,0.00011533555516507477
256.87395426373405,1.0043413639068604,0.00011529582843650132
256.89438739912293,1.0040363073349,0.000115289403765928
256.9148204342782,1.003862977027893,0.00011527654714882374
256.9352533689598,1.0029562711715698,0.0001152480035671033
256.95568640364945,1.0029995441436768,0.00011526438174769282
256.9761195378742,1.0022567510604858,0.00011519012332428247
256.9965524720901,1.0016810894012451,0.00011517362872837111
257.0169855058484,1.0015220642089844,0.00011513651406858116
257.03741863937466,1.000590205192566,0.0001150829266407527
257.0578515726593,1.0002270936965942,0.0001150701500591822
257.0782846057191,0.9998154640197754,0.00011506364535307512
257.0987175385453,0.9990255832672119,0.00011501653352752328
257.11915067113296,0.9986650943756104,0.00011499526590341702
257.1395837034943,0.9983577728271484,0.0001149727322626859
257.1600167356228,0.9980149269104004,0.00011496085789985955
257.18044976727833,0.9972322583198547,0.00011493563215481117
257.20088279894117,0.9972565770149231,0.000114954418677371
257.22131583013834,0.9973642230033875,0.00011494766658870503
257.2417487613275,0.9964945316314697,0.00011489423195598647
257.26218189205974,0.9961613416671753,0.00011488804739201441
257.28261492279125,0.9957524538040161,0.00011487047595437616
257.30304785304907,0.9957858920097351,0.00011486666335258633
257.32348098308285,0.9960891008377075,0.00011486878065625206
257.34391401288303,0.9954248070716858,0.00011485230788821355
257.36434694244235,0.9963973760604858,0.00011488653399283066
257.3847799717769,0.9969040155410767,0.00011491485929582268
257.40521310087934,0.9966848492622375,0.00011490246106404811
257.4256461295081,0.9971721172332764,0.00011491696204757318
257.44607905814337,0.9975660443305969,0.0001149317977251485
257.46651218654733,0.9978115558624268,0.00011493543570395559
257.4869452144776,0.9983354210853577,0.00011497330706333742
257.5073781424144,0.9985933899879456,0.00011498626554384828
257.52781116988626,0.9990022778511047,0.00011499834363348782
257.5482442971188,0.9998408555984497,0.00011504200665513054
257.56867722412426,1.0001264810562134,0.0001150520402006805
257.5891102511305,1.0008080005645752,0.0001150919051724486
257.6095433776645,1.0013563632965088,0.00011512402124935761
257.6299763039715,1.0020124912261963,0.00011513728532008827
257.6504093300464,1.0025660991668701,0.00011516417725943029
257.67084235564835,1.0031510591506958,0.00011522477143444121
257.6912753812576,1.0038176774978638,0.00011526290472829714
257.711708406634,1.004311442375183,0.00011530466872500256
257.7321414317703,1.0046733617782593,0.00011532195640029386
257.75257455644896,1.005204677581787,0.00011535181693034247
257.7730074811261,1.0055387020111084,0.00011536409147083759
257.7934405053311,1.005938172340393,0.00011536326201166958
257.8138734295426,1.0064316987991333,0.00011542205902514979
257.83430655328993,1.0064408779144287,0.00011539437400642782
257.8547395767964,1.0064340829849243,0.00011541880667209625
257.87517260007735,1.0066518783569336,0.00011541901767486706
257.89560562312545,1.0066965818405151,0.00011542677384568378
257.91603864593344,1.0062235593795776,0.00011542830907274038
257.9364716685159,1.0057687759399414,0.00011541348067112267
257.9569045908647,1.0056328773498535,0.00011537718091858551
257.977337712975,1.0052087306976318,0.00011537395766936243
257.99777063485817,1.0048563480377197,0.00011533260840224102
258.01820365627646,1.0044652223587036,0.00011526619346113876
258.0386367776882,1.0039730072021484,0.00011524710134835914
258.0590696986401,1.003608226776123,0.00011523972352733836
258.0795027195927,1.003029704093933,0.00011519130202941597
258.0999356400789,1.0026496648788452,0.0001151976321125403
258.12036876055936,1.0021576881408691,0.00011516384984133765
258.14080178058066,1.0013198852539062,0.00011511582852108404
258.16123480036913,1.0009618997573853,0.0001151046235463582
258.1816678199175,1.0002753734588623,0.00011511424963828176
258.2021008392403,0.9997168779373169,0.00011508317402331159
258.222533858323,0.9997299313545227,0.0001150614334619604
258.2429667771794,0.9985322952270508,0.00011499079846544191
258.26339989580447,0.9980856776237488,0.00011498526873765513
258.28383291419595,0.9980390071868896,0.00011496762454044074
258.3042658323466,0.9939863681793213,0.0001147782095358707
258.32469895027316,0.9859480261802673,0.00011441330570960417
258.34513196772605,0.9831144213676453,0.00011431426537455991
258.36556488518545,0.9827932119369507,0.0001142778928624466
258.4064310191752,0.9834818243980408,0.00011431049642851576
258.426863935696,0.9872645735740662,0.00011446111602708697
258.44729695199203,0.9954713582992554,0.00011484327114885673
258.4677300682815,0.998001754283905,0.00011494800128275529
260.2453940237174,0.9994497895240784,0.00011975428060395643
260.26582701812004,0.998862087726593,0.0001197104575112462
260.2862599125292,0.9988002777099609,0.00011972767242696136
260.30669300670706,0.9977787733078003,0.00011968051694566384
260.32712600064406,0.9974185228347778,0.00011963928409386426
260.3475588941219,0.9965794682502747,0.00011958563845837489
260.3679918876005,0.9959668517112732,0.00011955897934967652
260.3884249808398,0.9956793189048767,0.00011957067181356251
260.4088578736191,0.9953740835189819,0.00011954589717788622
260.42929086639924,0.9949693083763123,0.00011951298074563965
260.4497239587072,0.9906166791915894,0.00011929574247915298
260.4701568510209,0.9826956391334534,0.00011887623986694962
260.49058984286967,0.98023521900177,0.00011878824443556368
260.5110229344791,0.9795266389846802,0.00011875565542140976
260.5314558260943,0.9797372221946716,0.00011876136704813689
260.5518888172446,0.9810943603515625,0.00011878408986376598
260.5723218081548,0.985729992389679,0.00011898738011950627
260.59275489907304,0.9939441680908203,0.00011942761193495244
260.6131877895241,0.9957746863365173,0.00011953683133469895
260.6336207797358,0.996104896068573,0.00011957228707615286
260.6540538697227,0.9966248273849487,0.00011956707021454349
260.67448675947526,0.9971413016319275,0.00011959901166846976
260.69491974898847,0.9975871443748474,0.00011961389827774838
260.71535263827536,0.9982507824897766,0.00011965922021772712
260.73578572733095,0.9992228746414185,0.0001196633093059063
260.75621871614567,0.9996930360794067,0.00011971844651270658
260.77665170473483,1.0002822875976562,0.00011974352673860267
260.79708469309116,1.0004032850265503,0.00011973443906754255
260.8175176812074,1.000806212425232,0.0001197791934828274
260.8379505690973,1.0013618469238281,0.0001197769888676703
260.85838355675514,1.0016441345214844,0.00011981468560406938
260.87881664417364,1.0025299787521362,0.00011984391312580556
260.899249631133,1.0029970407485962,0.00011983630247414112
260.9196825180916,1.0032711029052734,0.00011987914331257343
260.9401156048116,1.0039174556732178,0.00011989407357759774
260.9605484913045,1.0041297674179077,0.0001198613244923763
260.98098147733253,1.0045973062515259,0.0001199210382765159
261.00141456335405,1.0048906803131104,0.00011989869381068274
261.02184744891565,1.0050445795059204,0.00011992506915703416
261.042280434478,1.0047950744628906,0.00011989763879682869
261.0627134198003,1.0049726963043213,0.00011990573693765327
261.08314640466415,1.0047723054885864,0.00011992429062956944
261.103579389528,1.004615306854248,0.0001198987229145132
261.12401237392623,1.0047365427017212,0.0001199237085529603
261.1444454580851,1.004408597946167,0.00011988871119683608
261.1648783422497,1.0041356086730957,0.00011988185724476352
261.18531132594217,1.0036251544952393,0.00011986997560597956
261.2057442096411,1.0034204721450806,0.00011983523290837184
261.22617729287595,1.0030021667480469,0.00011984207958448678
261.2466102758772,1.0024040937423706,0.00011979314149357378
261.26704315863753,1.00168776512146,0.00011977245594607666
261.2874762414067,1.0015761852264404,0.00011976599489571527
261.30790922370215,1.0010472536087036,0.00011976591486018151
261.32834220577206,1.0002995729446411,0.00011971202911809087
261.3487750876084,0.9998971223831177,0.00011968470789724961
261.3692081692134,0.9994977116584778,0.00011967066529905424
261.38964115081035,0.999176025390625,0.00011963437282247469
261.41007403194817,0.9986093044281006,0.00011964257282670587
261.4305071128474,0.9977104663848877,0.00011958350660279393
261.45094009352033,0.9970950484275818,0.00011957191600231454
261.4918060541677,0.9962268471717834,0.00011955146328546107
261.51223903413484,0.9961143136024475,0.00011952281056437641
261.5326719138757,0.995581328868866,0.00011950068437727168
261.55310489338444,0.9952409863471985,0.00011945678852498531
261.57353797265387,0.9953972101211548,0.00011942678975174204
261.593970951697,0.9947394728660583,0.00011939989781240001
261.6144038305065,0.994924783706665,0.00011943006393266842
261.6348369088446,0.9945826530456543,0.00011940306285396218
261.6552698871892,0.9951150417327881,0.00011943476420128718
261.67570276530023,0.9954454302787781,0.00011944850120926276
261.6961357431719,0.9959766864776611,0.000119509975775145
261.7165688208188,0.9959617257118225,0.00011950162297580391
261.7370016979985,0.9963619709014893,0.00011953859939239919
261.7574346751717,0.9966146349906921,0.00011954682122450322
261.7778677521201,0.9968753457069397,0.00011954479850828648
261.7983006288341,0.9974089860916138,0.0001195863660541363
261.818733605076,0.9980236887931824,0.00011962044663960114
261.8391665813251,0.9986900091171265,0.00011963701399508864
261.8595995573414,0.9992286562919617,0.00011965660814894363
261.8800325328848,1.0001301765441895,0.00011971277126576751
261.90046550843545,1.0007011890411377,0.00011974055814789608
261.92089858374675,1.0015853643417358,0.00011976264067925513
261.94133145859814,1.002032995223999,0.00011978505062870681
261.9617644334503,1.0025112628936768,0.00011981088755419478
261.9821975078303,1.0030882358551025,0.00011982717842329293
262.002630382216,1.0036016702651978,0.00011987144534941763
262.0230633563697,1.0040099620819092,0.00011989362246822566
262.0434962300569,1.0044478178024292,0.00011991119390586391
262.0639293037384,1.005120873451233,0.00011991972132818773
262.08436227696075,1.0052820444107056,0.00011991981591563672
262.1047952501831,1.0053175687789917,0.0001199407342937775
262.1252282229325,1.0056214332580566,0.00011994392116321251
262.14566119545634,1.0053207874298096,0.00011992952931905165
262.1660941679729,1.0055384635925293,0.00011993142834398896
262.18652704003034,1.0051852464675903,0.00011994180385954678
262.2069601120893,1.0050512552261353,0.00011994686065008864
262.2273930836818,1.0048352479934692,0.00011992228246526793
262.2478259552663,1.0044506788253784,0.00011989824270131066
262.26825902639393,1.0045721530914307,0.00011990641360171139
262.2886918972872,1.003848910331726,0.00011986585013801232
262.30912486817397,1.0032501220703125,0.00011983493459410965
262.32955783860234,1.002353549003601,0.00011979857663391158
262.3499908087979,1.0018302202224731,0.00011976793030044064
262.37042377898615,1.0012383460998535,0.00011975481174886227
262.39085674871603,1.000546932220459,0.00011971995263593271
262.4112897182131,0.9998682141304016,0.00011967435420956463
262.43172268770286,0.9993507862091064,0.00011964212899329141
262.45215565673425,0.9983994960784912,0.00011961844575125724
262.47258872553357,0.9978595972061157,0.00011959032417507842
262.4930215943241,0.9972953200340271,0.00011955911031691357
262.513454562657,0.9967721700668335,0.00011953319335589185
262.5338874307563,0.9959909319877625,0.00011949182953685522
262.554320498617,0.9957205653190613,0.00011946193990297616
262.57475346648425,0.9955258965492249,0.00011946667655138299
262.59518633388507,0.9910533428192139,0.00011921894474653527
262.6156194010473,0.9829787015914917,0.00011885038838954642
262.6360523679832,0.9808452129364014,0.00011874774645548314
262.6564853349191,0.980358362197876,0.00011871948663610965
262.67691820138134,0.9803776144981384,0.00011873187031596899
262.6973512676195,0.9814647436141968,0.00011876449570991099
262.7177842336241,0.9860402345657349,0.00011898281081812456
262.73821709962067,0.9936263561248779,0.00011930284381378442
262.75865016516036,0.9954944849014282,0.00011944810830755159
262.77908313046646,0.995711088180542,0.00011946020094910637
262.7995159955317,0.9964525103569031,0.00011949432519031689
262.8199490603729,0.9961440563201904,0.00011947910388698801
262.84038202521333,0.9974024295806885,0.00011953989451285452
262.86081488958007,0.9978417754173279,0.00011958630784647539
262.881247853722,0.9983343482017517,0.00011958804680034518
262.9016809176319,0.9990310072898865,0.0001196108860312961
262.92211378130014,0.999506950378418,0.00011964688746957108
262.9425467447436,0.9998731017112732,0.00011967039608862251
262.9629798081878,1.0003302097320557,0.00011970267951255664
262.9834127711583,1.0009570121765137,0.00011972826905548573
263.00384563390253,1.0013400316238403,0.00011974115477642044
263.02427859641466,1.0020952224731445,0.00011976826499449089
263.04471165868745,1.0028629302978516,0.00011981034913333133
263.06514452073316,1.0035470724105835,0.00011983914737356827
263.0855774827796,1.0036386251449585,0.00011984162119915709
263.1060105443539,1.0045042037963867,0.00011989269842160866
263.12644340570114,1.0046045780181885,0.00011986932076979429
263.1468763668163,1.0050565004348755,0.0001198973914142698
263.1673094276921,1.0054346323013306,0.0001199102625832893
263.18774228857365,1.005287528038025,0.00011990240454906598
263.2081752489903,1.0052167177200317,0.00011990666826022789
263.22860820916685,1.0048494338989258,0.0001198897953145206
263.24904116911785,1.005008339881897,0.00011988850747002289
263.269474128836,1.0045857429504395,0.00011987832112936303
263.2899070885469,1.0043838024139404,0.00011986023309873417
263.31034014780016,1.0041122436523438,0.00011986705067101866
263.3307730068191,1.0036042928695679,0.00011983269359916449
263.35120596559864,1.0031366348266602,0.0001198069003294222
263.3716388241519,1.0025943517684937,0.00011978758993791416
263.39207188270666,1.002318024635315,0.00011977628309978172
263.41250484078773,1.001774549484253,0.00011976197129115462
263.43293779864325,1.0010974407196045,0.0001197324600070715
263.45337075626594,1.0007257461547852,0.00011973457731073722
263.4738037136485,1.0002391338348389,0.00011971005005761981
263.4942366710384,0.9995496869087219,0.00011967426689807326
263.5146696279626,0.9992485642433167,0.00011965171142946929
263.53510258464667,0.9989075660705566,0.00011963885481236503
263.55553554133803,0.9981072545051575,0.00011961551354033872
263.575968397563,0.9978278875350952,0.00011957412789342925
263.59640145354933,0.9973584413528442,0.00011956756497966126
263.6168344093094,0.9972251653671265,0.00011956552043557167
263.63726726506866,0.9965769648551941,0.00011954046931350604
263.6577003203565,0.9964843392372131,0.00011949011241085827
263.6781332754181,0.9957749843597412,0.00011946730955969542
263.69856613047887,0.9951086044311523,0.00011939493560930714
263.7189990850675,0.9948663711547852,0.00011938114766962826
263.73943203943054,0.9951666593551636,0.00011940417607547715
263.7598649937936,0.9949449300765991,0.0001193834759760648
263.7802979476837,0.9949556589126587,0.00011939268733840436
263.80073100134905,0.9956194162368774,0.00011941565026063472
263.82116385501286,0.9959684014320374,0.00011946610902668908
263.8415968082045,0.9965582489967346,0.00011946746963076293
263.86202966140263,0.9966806769371033,0.0001195480435853824
263.88246271413664,0.9969261884689331,0.00011951751366723329
263.9028956666298,0.9973779916763306,0.0001195789736812003
263.9233285191294,0.9975202083587646,0.0001195718432427384
263.94376157116494,0.99809730052948,0.00011961235577473417
263.9641945231924,0.9984742999076843,0.00011963566794293001
263.98462737476075,0.9989437460899353,0.00011962294956902042
264.0050604263306,0.9995134472846985,0.00011966478632530198
264.02549337742676,1.000000238418579,0.00011968682520091534
264.0459263285302,1.0004751682281494,0.00011971402273047715
264.0663591791672,1.0010827779769897,0.00011973909568041563
264.08679222979845,1.0014139413833618,0.0001197710880660452
264.10722517997056,1.0019267797470093,0.00011977956455666572
264.1276580301419,1.002520203590393,0.0001198057143483311
264.1685240295483,1.0035545825958252,0.0001198571189888753
264.18895687902113,1.0035921335220337,0.00011986374738626182
264.2093898282619,1.0041849613189697,0.0001198712270706892
264.22982287703053,1.004117488861084,0.00011986552271991968
264.25025532580185,1.0046186447143555,0.00011988807091256604
264.2706880743426,1.0050772428512573,0.00011991964856861159
264.29112112242,1.0048946142196655,0.00011989931954303756
264.31155407048936,1.0050711631774902,0.00011992275540251285
264.3319869183324,1.0052531957626343,0.00011993508087471128
264.35241996594414,1.0050450563430786,0.00011994849774055183
264.37285291308217,1.0050355195999146,0.00011993941734544933
264.3932857602267,1.0048478841781616,0.00011990873463219032
264.4137187071392,1.004433274269104,0.00011991464270977303
264.43415175381233,1.0043370723724365,0.00011989418999291956
264.4750175464724,1.003173828125,0.00011984801676589996
264.495450592447,1.0024571418762207,0.00011983022704953328
264.51588343796175,1.0019079446792603,0.00011977708345511928
264.53631638347724,1.0013163089752197,0.00011977880785707384
264.55674932875263,1.0005097389221191,0.00011974211520282552
264.57718227380246,0.9999604225158691,0.0001197086094180122
264.59761521861947,0.9992027878761292,0.00011966267629759386
264.61804816319636,0.998913049697876,0.00011967743921559304
264.63848120754847,0.9984645247459412,0.00011964856821577996
264.65891405189905,0.997802197933197,0.00011961336713284254
264.67934699577745,0.9974780678749084,0.0001196153461933136
264.69978003943106,0.9971557259559631,0.0001195913355331868
264.7202128828503,0.9962093830108643,0.00011954983347095549
264.74064582603023,0.9910646080970764,0.00011926896695513278
264.7610787689846,0.9837945103645325,0.0001189203976537101
264.78151171193895,0.9814315438270569,0.00011882941180374473
264.80194465442037,0.9811078906059265,0.00011879990779561922
264.82237759667623,0.9807099103927612,0.00011879428348038346
264.8428105389321,0.9817190170288086,0.00011883830302394927
264.863243480715,0.985999584197998,0.00011903497943421826
264.8836764222724,0.9931148290634155,0.00011937199451494962
264.904109263829,0.9950171113014221,0.00011947096936637536
264.9245423049142,0.9951035380363464,0.00011946685117436573
264.9449752457731,0.9956172108650208,0.00011949686449952424
264.9654080866312,0.9961686730384827,0.00011951164924539626
264.9858411270179,0.9965420365333557,0.00011951185297220945
265.00627406741114,0.996685266494751,0.00011953622743021697
265.02670690757077,0.9976421594619751,0.00011961804557358846
265.0471398472582,0.9975765943527222,0.00011963074211962521
265.0675728869537,0.9979367852210999,0.00011963790166191757
265.088005726182,0.998645007610321,0.00011969236220465973
265.1084386654111,0.9988119602203369,0.00011969724437221885
265.1288717044008,0.9995517730712891,0.00011971069034188986
265.1493046429314,1.000118374824524,0.00011974054359598085
265.1697374814539,1.0008431673049927,0.00011977310350630432
265.1901705197524,1.0014573335647583,0.00011980669660260901
265.2106033578166,1.0024539232254028,0.00011984694720013067
265.23103629564866,1.0022865533828735,0.00011984151933575049
265.25146923324064,1.0026170015335083,0.00011986084427917376
265.27190217060706,1.0030056238174438,0.00011988618643954396
265.2923351077334,1.003386378288269,0.0001198928730445914
265.31276804463414,1.0034929513931274,0.00011989496124442667
265.33320098130207,1.0036685466766357,0.00011990345956292003
265.35363391773717,1.0040572881698608,0.00011992307554464787
265.37406685393216,1.0039349794387817,0.00011990893835900351
265.39449968990084,1.0036712884902954,0.00011989748600171879
265.41493272563093,1.0030938386917114,0.00011988804180873558
265.4353656611347,1.0033316612243652,0.00011988775804638863
265.4557984964049,1.0027040243148804,0.00011986849131062627
265.4762315316766,1.0026297569274902,0.00011986373283434659
265.4966644664746,1.0022300481796265,0.00011984946468146518
265.5170973010463,1.001570224761963,0.00011980908311670646
265.53753033561225,1.001664638519287,0.00011980504496023059
265.55796326971904,1.001133680343628,0.00011978318070759997
265.57839610382507,1.0009020566940308,0.00011977282701991498
265.5988290374662,1.0002623796463013,0.00011974327935604379
265.6192620711008,1.0000323057174683,0.00011974694643868133
265.6396950042763,0.9991800785064697,0.00011971022468060255
265.660127837451,0.9989182949066162,0.00011969356273766607
265.6805608701543,0.9986270070075989,0.0001196958328364417
265.7009938028641,0.998550295829773,0.00011967468890361488
265.7214266353403,0.9979494214057922,0.00011965783050982282
265.7418595675772,0.9979372024536133,0.00011965667363256216
265.76229259935644,0.9975056052207947,0.00011963436554651707
265.78272543113417,0.9972748756408691,0.00011961611016886309
265.80315836267255,0.9971106052398682,0.00011962200369453058
265.82359139398613,0.996112585067749,0.0001195355798699893
265.84402422506537,0.9960587024688721,0.00011951256601605564
265.86445715590526,0.9956775307655334,0.00011949901090702042
265.8848900865196,0.9959434866905212,0.00011950960470130667
265.9053230169011,0.9960404634475708,0.00011952067143283784
265.9257559470425,0.9962614178657532,0.00011951728811254725
265.94618887695833,0.9968011379241943,0.00011954423825955018
265.96662190687493,0.996965765953064,0.00011955467925872654
265.9870547363171,0.997012734413147,0.00011960409028688446
266.0074876655344,0.9970700740814209,0.00011963060387643054
266.02792069451243,0.9970015287399292,0.00011961240670643747
266.0483535234962,0.9970572590827942,0.0001196274533867836
266.06878645201505,0.9977704286575317,0.00011965048179263249
266.08921928053314,0.9980195164680481,0.00011965861631324515
266.1096523085798,0.9986841678619385,0.00011967492901021615
266.130085236633,0.9986642003059387,0.00011969185288762674
266.15051816422056,0.9994971752166748,0.00011972319043707103
266.1709510918008,1.0000340938568115,0.0001197442106786184
266.1913840191555,1.000433087348938,0.00011976112000411376
266.21181694604456,1.0012123584747314,0.00011979258852079511
266.23224977292557,1.0016210079193115,0.00011980993440374732
266.25268279958254,1.0022605657577515,0.00011982178693870082
266.27311562600516,1.002652645111084,0.00011986446043010801
266.29354855218844,1.0029962062835693,0.00011988160986220464
266.3139815781469,1.0031660795211792,0.00011989857739536092
266.33441440387105,1.00345778465271,0.00011991855717496946
266.35484732935583,1.003766417503357,0.00011994718079222366
266.37528025461506,1.0042362213134766,0.00011993946827715263
266.39571317964146,1.0048127174377441,0.00011998139234492555
266.4161461046606,1.0049684047698975,0.000119975877169054
266.4365790292213,1.0052686929702759,0.00011998578702332452
266.4570119535492,1.0053101778030396,0.00011999908747384325
266.47744487786986,1.0053216218948364,0.00012000102287856862
266.4978778017321,1.0053437948226929,0.00012001061259070411
266.51831082558783,1.0051147937774658,0.0001200013721245341
266.53874364898365,1.0044004917144775,0.00011997127876384184
266.55917657238024,1.0045164823532104,0.00011998704576399177
266.5796093953104,1.004170536994934,0.00011996304237982258
266.6000424182348,1.004151463508606,0.00011994520900771022
266.6204753409329,1.0036975145339966,0.0001199290418298915
266.6409081633974,1.0035661458969116,0.00011992229701718315
266.6613411853905,1.0029611587524414,0.0001198924146592617
266.6817741073901,1.0024394989013672,0.00011985142919002101
266.70220702915685,1.0014299154281616,0.00011980318231508136
266.72263985068275,1.0009130239486694,0.00011979359260294586
266.7430728719846,1.0001496076583862,0.00011975515371887013
266.7635057930529,0.9999221563339233,0.00011974091466981918
266.78393861411314,0.9992036819458008,0.00011971191997872666
266.8043716347165,0.9986793994903564,0.0001196971206809394
266.8248045550863,0.9984964728355408,0.00011968125909334049
266.84523737544805,0.9980693459510803,0.0001196751618408598
266.8656702953522,0.9963723421096802,0.00011959813127759844
266.88610331502423,0.9916728734970093,0.00011934898066101596
266.9065361346875,0.983906090259552,0.00011898289085365832
266.9269690538931,0.9820734262466431,0.0001188987516798079
266.9474020730995,0.9813717603683472,0.0001188630485557951
266.96783499206504,0.981462299823761,0.00011885449930559844
266.98826781080425,0.9818800091743469,0.00011888588778674603
267.0087008290793,0.9862679243087769,0.00011907923180842772
267.02913374734635,0.9939903020858765,0.00011945369624299929
267.04956656538707,0.9954652786254883,0.00011952245404245332
267.0699994831957,0.9953335523605347,0.00011952035129070282
267.090432500765,0.9956578016281128,0.00011954030196648091
267.11086531810724,0.9957586526870728,0.00011954325600527227
267.1312982352174,0.9955605864524841,0.00011953517969232053
267.15173125232104,0.9964208602905273,0.00011957279639318585
267.1721640689648,0.9965340495109558,0.00011958833056269214
267.19259698537644,0.9976217150688171,0.00011962147254962474
267.2130299017808,0.9977007508277893,0.00011967819591518492
267.23346281772683,0.9982649087905884,0.00011968662875005975
267.25389573367283,0.9990503191947937,0.00011973288928857073
267.2743286491459,0.9997006058692932,0.00011976352834608406
267.29476156462624,1.0001444816589355,0.0001197836099890992
267.31519447987375,1.000684380531311,0.00011981005081906915
267.33562739488116,1.001197099685669,0.00011982305295532569
267.356060309663,1.0018589496612549,0.00011988078767899424
267.3764932239792,1.002347469329834,0.00011990428902208805
267.3969261382881,1.0026901960372925,0.00011991638893960044
267.5603893451189,1.0047056674957275,0.00012001075083389878
267.5808223573331,1.0038354396820068,0.0001199836769956164
267.60125516955304,1.0038206577301025,0.00011997060937574133
267.6216880815409,1.00352942943573,0.00011996319517493248
267.64212109328946,1.0032685995101929,0.00011994307715212926
267.6625539045781,1.0033074617385864,0.00011998452828265727
267.6829868158675,1.0027647018432617,0.00011991315113846213
267.70341972691676,1.0020952224731445,0.00011988667392870411
267.7238526377405,1.0017154216766357,0.00011988281039521098
267.7442855485642,1.001545786857605,0.00011986893514404073
267.764718458915,1.0009318590164185,0.00011984708544332534
267.78515136904025,1.0001180171966553,0.00011980549606960267
267.80558427893266,0.9997734427452087,0.00011979453847743571
267.8260171888178,0.999458372592926,0.0001197772944578901
267.8464501982453,0.9987602829933167,0.00011975142115261406
267.8668830076713,0.9985126852989197,0.00011972616630373523
267.8873159168579,0.9978659152984619,0.00011966097372351214
267.9077487255854,0.9980583786964417,0.00011965100566158071
267.9281817343144,0.9977232813835144,0.00011964342411374673
267.94861464280257,0.9971668124198914,0.00011962583084823564
267.9690474510644,0.9968109726905823,0.00011961140262428671
267.9894804590949,0.9963400959968567,0.00011959715629927814
268.0099133668846,0.9960251450538635,0.00011958711547777057
268.0303462744487,0.9960609078407288,0.00011959772382397205
268.0507790817792,0.996313750743866,0.00011959252879023552
268.07121208910394,0.9961851835250854,0.00011959138646489009
268.09164499596955,0.9968975186347961,0.0001196014418383129
268.1120778028344,0.9974978566169739,0.0001196370430989191
268.1325108092278,0.9974314570426941,0.00011963397264480591
268.15294371562777,0.99786376953125,0.00011965791782131419
268.1733765215613,0.9982048273086548,0.00011967564205406234
268.1938094274956,0.9985130429267883,0.00011970390914939344
268.2142424331905,0.9987356066703796,0.00011973806249443442
268.2346752386584,0.9993652105331421,0.0001197744786622934
268.2551081438869,1.000022292137146,0.00011980121780652553
268.2755411488906,1.0005862712860107,0.00011983902368228883
268.29597395366,1.000999093055725,0.0001198716854560189
268.3164068584301,1.0017988681793213,0.00011989774066023529
268.3368398627281,1.0020767450332642,0.00011991945211775601
268.3572727667997,1.0024831295013428,0.0001199346806970425
268.3777055708633,1.0031483173370361,0.00011996582907158881
268.3981384744693,1.0035083293914795,0.00011997394176432863
268.4185713780753,1.0040197372436523,0.00011999101843684912
268.43900428144843,1.0044877529144287,0.00012001930008409545
268.4594371845815,1.0051265954971313,0.0001200485639856197
268.47987008748896,1.0055468082427979,0.0001200815531774424
268.5003029899235,1.0057584047317505,0.00012007322948193178
268.5207357925974,1.0059809684753418,0.00012008800695184618
268.5411686948064,1.0065975189208984,0.00012011490616714582
268.5616016967833,1.0064527988433838,0.00012011307262582704
268.5820345985194,1.0060938596725464,0.00012009552301606163
268.60246740026196,1.006152868270874,0.00012010041973553598
268.6229004015331,1.0061023235321045,0.00012009533384116367
268.6433333028108,1.0064504146575928,0.00012010348291369155
268.66376610362204,1.0058397054672241,0.00012007740588160232
268.68419900443405,1.0056551694869995,0.00012006143515463918
268.7046320050067,1.005379319190979,0.00012006015458609909
268.7250648053523,1.004788875579834,0.00012002069706795737
268.7454977054658,1.004022240638733,0.00012000566493952647
268.76593070534,1.0036448240280151,0.00011998330592177808
268.7863635049871,1.002930998802185,0.00011995311069767922
268.8067964044021,1.0024229288101196,0.00011992994404863566
268.82722940381063,1.001847267150879,0.00011990468192379922
268.84766220275924,1.0013291835784912,0.00011988057667622343
268.8680951017086,1.0011308193206787,0.00011986696335952729
268.88852800018503,1.0005590915679932,0.00011985122546320781
268.9089609986695,0.999742865562439,0.00011980719864368439
268.9293937969196,0.9995017051696777,0.00011981416173512116
268.9498266949304,0.9991450309753418,0.00011978908150922507
268.97025969271635,0.9984192252159119,0.00011973891378147528
268.990692490268,0.9981616735458374,0.0001196816738229245
269.01112538758025,0.9974775314331055,0.00011965357407461852
269.0315581846662,0.9921327233314514,0.00011941224511247128
269.05199118152086,0.9843289256095886,0.00011903123959200457
269.0724240783675,0.9823041558265686,0.00011894449562532827
269.0928569747557,0.9817295670509338,0.00011891951726283878
269.11328987114393,0.9816812872886658,0.00011893062765011564
269.13372276729206,0.9819934964179993,0.00011893263581441715
269.1541556632146,0.9870185256004333,0.00011919780081370845
269.17458845867077,0.9947243928909302,0.0001195430668303743
269.19502145412116,0.995513379573822,0.00011958598042838275
269.21545434934524,0.9956249594688416,0.00011958309914916754
269.23588714456855,0.9958943724632263,0.00011960055417148396
269.25632013932045,0.9955677390098572,0.00011958597315242514
269.27675303384603,0.9961708188056946,0.00011961456038989127
269.29718582837086,0.9963079690933228,0.0001196163721033372
269.31761882242427,0.9969947934150696,0.00011963762517552823
269.3380517164842,0.9972091913223267,0.00011966066813329235
269.3584846103113,0.9975705146789551,0.00011967481259489432
269.3789174038975,0.9979388117790222,0.00011970550258411095
269.39935039702686,0.9985897541046143,0.0001197302553919144
269.4197832903883,0.9991105794906616,0.00011980537965428084
269.440216083276,0.9997888207435608,0.00011983425793005154
269.4606490759397,1.0001978874206543,0.0001198452664539218
269.4810818683691,1.0008349418640137,0.00011986679601250216
269.5015147607919,1.001362681388855,0.00011989816266577691
269.52194765275635,1.0016164779663086,0.00011991132487310097
269.54238064472156,1.0019290447235107,0.0001199198086396791
269.56281343644514,1.0023208856582642,0.0001199462276417762
269.5832463277111,1.0025808811187744,0.00011994655505986884
269.60367921897705,1.002751350402832,0.00011996646207990125
269.6241121100029,1.002761721611023,0.00011995888780802488
269.6445450008032,1.0026159286499023,0.00011995252134511247
269.6649777916027,1.0027563571929932,0.00011996136890957132
269.68541078193084,1.0027449131011963,0.00011996784451184794
269.70584367203264,1.002805471420288,0.00011995733802905306
269.7262764621337,1.0031123161315918,0.00011996580724371597
269.74670945199614,1.0027700662612915,0.00011994962551398203
269.76714234139945,1.002920150756836,0.00011995393288088962
269.787575130802,1.002553939819336,0.0001199429971165955
269.80800811996596,1.0024352073669434,0.00011993002408416942
269.8284410089036,1.0020079612731934,0.00011993278894806281
269.84887379760767,1.0018360614776611,0.00011991479550488293
269.8693066863052,1.0010861158370972,0.0001198721511173062
269.8897396745451,1.0008563995361328,0.00011986868776148185
269.9101725627843,1.0005186796188354,0.00011985536548309028
269.93060535054974,1.000382423400879,0.00011984737648162991
269.951038338324,0.9998285174369812,0.00011982048454228789
269.97147122586466,0.9990823864936829,0.0001197642195620574
269.99190401316446,0.9987330436706543,0.0001197277451865375
270.01233690023946,0.998417317867279,0.00011972381616942585
270.0327698870824,0.9979764223098755,0.00011970102059422061
270.0532026736837,0.9975445866584778,0.00011969389743171632
270.0736355600602,0.9974327683448792,0.00011966782039962709
270.0940685464375,0.9970092177391052,0.00011967027967330068
270.1145013323403,0.9966678619384766,0.00011964399891439825
270.13493421825115,0.9964379072189331,0.00011963462748099118
270.15536710392917,0.9965514540672302,0.00011963821452809498
270.1757999893671,0.9967321157455444,0.00011963953875238076
270.19623287457944,0.9967759251594543,0.00011964199075009674
270.21666575955896,0.996936023235321,0.00011965868179686368
270.23709874429915,0.9973576664924622,0.00011967595492023975
270.25753152881225,0.9976826906204224,0.0001196890152641572
270.2779644133261,0.9980686902999878,0.00011972173524554819
270.2983973973678,0.9985486268997192,0.00011972439097007737
270.31883018141525,0.9985665678977966,0.00011977417307207361
270.3392630652306,0.999366819858551,0.00011979739792877808
270.35969584880513,0.9993796348571777,0.00011980772978859022
270.3801288321556,0.9998475909233093,0.00011983091826550663
270.42099459814926,1.0006660223007202,0.00011986487515969202
270.4414274808005,1.0014034509658813,0.00011990295752184466
270.4618603634517,1.00179922580719,0.00011991945211775601
270.48229324563,1.002403736114502,0.00011993716179858893
270.5027260278148,1.0025303363800049,0.00011995329259661958
270.5231590097683,1.0030559301376343,0.0001199648468173109
270.5435918914809,1.003311276435852,0.0001199876205646433
270.5640246729672,1.0036612749099731,0.00011999813432339579
270.5844576542222,1.004314661026001,0.00012004384188912809
270.60489053523634,1.00460946559906,0.00012003844312857836
270.625323316257,1.004835844039917,0.00012006598262814805
270.6457562968135,1.0050666332244873,0.00012006735050817952
270.6661890773685,1.005285620689392,0.00012008007615804672
270.6866219574513,1.005439281463623,0.00012008557678200305
270.70705483754136,1.0054407119750977,0.00012007516488665715
270.72748771739134,1.0053600072860718,0.00012009342754026875
270.74792059701576,1.0051249265670776,0.00012006406905129552
270.7683534766402,1.005091905593872,0.00012007897021248937
270.78878645579243,1.0048962831497192,0.00012005656026303768
270.8092192347176,1.0044323205947876,0.00012004991731373593
270.82965211364353,1.0042401552200317,0.00012002822768408805
270.8500848923286,1.0036673545837402,0.00012000612332485616
270.8705178705568,1.003095269203186,0.0001199955222546123
270.89095074878423,1.0024961233139038,0.00011996478133369237
270.9113835267781,1.0018516778945923,0.0001199489925056696
270.9318165047662,1.0011684894561768,0.0001199080070364289
270.9522493822951,1.000624418258667,0.00011988417827524245
270.97268225958396,1.0001959800720215,0.00011986627214355394
270.9931150368793,0.9994964599609375,0.00011983211152255535
271.01354801394336,0.999308168888092,0.0001197837627842091
271.0339808905337,0.9987444281578064,0.00011973619257332757
271.0544136671306,0.9983201026916504,0.00011972682841587812
271.07484664349613,0.9980819821357727,0.00011972313222941011
271.09527951985365,0.9972126483917236,0.00011967492901021615
271.115712295752,0.9970365762710571,0.00011967644968535751
271.1361452714191,0.9967964887619019,0.00011965466546826065
271.1565781470781,0.995969831943512,0.0001196347875520587
271.1770109225108,0.990512490272522,0.00011935826478293166
271.19744379771146,0.9831937551498413,0.00011903113772859797
271.2178767724399,0.9809857606887817,0.00011893381451955065
271.23830954717414,0.9808056950569153,0.00011890776659129187
271.2587424219091,0.9806753993034363,0.00011892294423887506
271.2791753961719,0.9815887212753296,0.00011897387594217435
271.2996082702084,0.986832320690155,0.00011919980170205235
271.32004104424414,0.9944734573364258,0.0001195575823658146
271.3404739180405,0.9952764511108398,0.00011960144911427051
271.3609068916121,0.995315670967102,0.00011957744573010132
271.38133966494934,0.9957036375999451,0.00011961747804889455
271.4017725380545,0.9958605170249939,0.00011961985001107678
271.4222055109203,0.9961279630661011,0.00011963793076574802
271.44263828355906,0.9963862299919128,0.00011965618614340201
271.4630711561913,0.9966920018196106,0.00011965618614340201
271.48350402836513,0.9968763589859009,0.00011967554019065574
271.503936900539,0.9973715543746948,0.0001196782905026339
271.56523551565624,0.9986107349395752,0.00011975166125921533
271.5856683871243,0.9991483688354492,0.00011976576934102923
271.606101258134,0.9998146891593933,0.0001198117679450661
271.6265341291437,1.0001775026321411,0.00011984067532466725
271.6469669996877,1.001039981842041,0.00011986706522293389
271.6673998702245,1.0011619329452515,0.00011988863116130233
271.6878326405349,1.0010732412338257,0.00011988414917141199
271.70826561060676,1.0009368658065796,0.00011988847109023482
271.72869838045153,1.0017834901809692,0.00011990924394922331
271.74913125029707,1.001291036605835,0.00011991071369266137
271.7695642196777,1.0015078783035278,0.00011991246719844639
271.7899970890503,1.0016123056411743,0.00011993035150226206
271.8104298581966,1.0017248392105103,0.00011991730571025982
271.8308627271108,1.0020045042037964,0.0001199379694298841
271.85129569578567,1.0017489194869995,0.00011992252984782681
271.87172846423346,1.0017445087432861,0.00011991876817774028
271.8921613324492,1.0015103816986084,0.00011990842176601291
271.9125943006584,1.001551628112793,0.00011990877101197839
271.9330270684077,1.0010188817977905,0.00011989472841378301
271.95345993615774,1.0009597539901733,0.00011986926983809099
271.97389290366846,1.0002720355987549,0.00011986915342276916
271.9943256709521,1.000085711479187,0.00011984165757894516
272.01475853800366,0.9994023442268372,0.00011980572890024632
272.03519140504795,0.9993194937705994,0.00011976596579188481
272.05562427163386,0.9991444945335388,0.00011977769463555887
272.07605713821977,0.9987383484840393,0.00011973173968726769
272.09649000433274,0.9983564615249634,0.00011973312211921439
272.11692297045374,0.9981611967086792,0.00011971750791417435
272.1373557363404,0.9974775910377502,0.00011967817408731207
272.15778860222053,0.9972056746482849,0.00011967811587965116
272.1782213676415,0.9973658919334412,0.00011968465696554631
272.1986543328312,0.9969978928565979,0.00011965700832661241
272.21908719801286,0.9968549609184265,0.00011964501027250662
272.2395199629682,0.9964305758476257,0.00011962274584220722
272.2599529276922,0.9957695007324219,0.00011958584218518808
272.28038579217537,0.9959937334060669,0.0001196200682898052
272.30081865643297,0.9957148432731628,0.00011960089614149183
272.321251420457,0.9956280589103699,0.0001195920558529906
272.34168438447523,0.9958112835884094,0.00011960593110416085
272.36211724803434,0.9958806037902832,0.00011960286792600527
272.3825500115927,0.996488630771637,0.00011964445729972795
272.40298297491245,0.9967588782310486,0.00011965549492742866
272.4234158380059,0.9970774054527283,0.0001196755692944862
272.44384860086575,0.9976526498794556,0.0001196930679725483
272.46428156371985,0.9978839159011841,0.00011970793275395408
272.4847144261148,0.9985846281051636,0.00011973880464211106
272.505147188509,0.998724102973938,0.00011974215158261359
272.52558005066385,0.9996146559715271,0.0001197688834508881
272.5460130125939,0.9997485876083374,0.00011982367868768051
272.5664457742896,1.0005323886871338,0.00011985145829385146
272.58687863574596,1.0008476972579956,0.00011990003258688375
272.6073115969775,1.0014779567718506,0.00011991830979241058
272.6277444582083,1.0017987489700317,0.00011991740757366642
272.64817721919826,1.002202033996582,0.00011994823580607772
272.6686100799634,1.0029088258743286,0.00011996840476058424
272.6890430404892,1.0033122301101685,0.00012001179857179523
272.7094758007879,1.0039623975753784,0.00012001553841400892
272.72990866085456,1.004326343536377,0.00012003011943306774
272.7503415209212,1.004766583442688,0.00012003668962279335
272.7707743805149,1.0050512552261353,0.00012004690506728366
272.79120714011515,1.00565767288208,0.00012008248450001702
272.81164009948407,1.0055427551269531,0.00012009385682176799
272.8320729586121,1.005257487297058,0.00012007169425487518
272.85250581774744,1.005267858505249,0.00012006940232822672
272.87293857641635,1.0052634477615356,0.00012006217002635822
272.8933715350795,1.0053141117095947,0.00012008394696749747
272.9138043932835,1.0049508810043335,0.00012005763710476458
272.93423715148674,1.004949927330017,0.00012004426389466971
272.9546701094514,1.0047780275344849,0.00012003330630250275
272.97510296718974,1.0044807195663452,0.00012001902359770611
272.9955357249273,1.0039589405059814,0.00012000056449323893
273.0159685821927,1.0034929513931274,0.00011996168177574873
273.03640153946617,1.0029001235961914,0.00011994908709311858
273.05683429650526,1.0025146007537842,0.00011993915541097522
273.077267153305,1.0019317865371704,0.00011990876373602077
273.09770010987995,1.0013134479522705,0.00011986525350948796
273.11813286622055,1.000714898109436,0.0001198684039991349
273.13856572255463,0.9999065399169922,0.00011976972746197134
273.15899857866316,0.9995638132095337,0.00011975947563769296
273.1794315343068,0.9990329742431641,0.00011972982611041516
273.1998642899416,0.9985961318016052,0.00011970391642535105
273.22029714535165,0.997837483882904,0.00011967955651925877
273.24073010076245,0.9976378083229065,0.00011968269245699048
273.2611628556988,0.9975295662879944,0.00011967666796408594
273.28159571064316,0.9971895217895508,0.00011966356396442279
273.30202866535546,0.9954303503036499,0.00011958566028624773
273.32246141982614,0.990117609500885,0.00011934277426917106
273.342894274072,0.9833015203475952,0.00011902044207090512
273.3633271280851,0.9819008111953735,0.00011894920316990465
273.40419283563824,0.9814556241035461,0.00011892997281393036
273.42462568918563,0.9825406074523926,0.00011899121454916894
273.4450585424929,0.9880036115646362,0.00011923476995434612
273.46549139557465,0.995384693145752,0.00011956054368056357
273.48592424842354,0.9961950182914734,0.00011959423136431724
273.5063570012717,0.9963756799697876,0.00011959839321207255
273.5267899536484,0.9966084361076355,0.00011962767894146964
273.54722280603164,0.9968565106391907,0.00011963915312662721
273.567655558174,0.9968183040618896,0.00011963726137764752
273.58808851009235,0.9974216222763062,0.00011966334568569437
273.6085213617771,0.9972270727157593,0.00011966812598984689
273.62895421345456,0.9979941248893738,0.00011969615297857672
273.6493869646729,0.9980027675628662,0.00011969868501182646
273.66981991589273,0.998524010181427,0.00011971935600740835
273.6902527668717,0.9988061189651489,0.00011971798085141927
273.71068551762437,0.9991929531097412,0.00011974006338277832
273.73111846837855,0.9998132586479187,0.00011975321103818715
273.75155131865904,0.9996970891952515,0.00011975883535342291
273.77198406894604,1.0001304149627686,0.00011979242117376998
273.7924170187689,1.00068199634552,0.00011985970195382833
273.81284976858296,1.0008896589279175,0.00011986708705080673
273.83328261840506,1.0007919073104858,0.0001198875397676602
273.8537154677615,1.0010945796966553,0.00011985235323663801
273.8741483168851,1.0014185905456543,0.00011989010090474039
273.89458116600144,1.0015472173690796,0.0001199036996695213
273.9150140148922,1.0016965866088867,0.00011993274529231712
273.9354468635429,1.0019721984863281,0.00011991352948825806
273.955879711968,1.0018343925476074,0.00011991737846983597
273.9763125603931,1.0015356540679932,0.00011991372593911365
273.9967453083518,1.0015848875045776,0.00011988673941232264
274.01717825630476,1.0013796091079712,0.0001198768659378402
274.0376111040314,1.001339077949524,0.00011987857578787953
274.05804385151714,1.0009958744049072,0.00011987976904492825
274.07847679877887,1.001035213470459,0.00011986018944298849
274.09890964603983,1.0004538297653198,0.0001198106911033392
274.11934239283437,1.0006669759750366,0.00011980239651165903
274.1397752396224,1.0001517534255981,0.0001197831443278119
274.1602081861856,0.9998865127563477,0.00011977225949522108
274.18064093250723,0.9996718168258667,0.00011975797679042444
274.20107377860404,0.9989264607429504,0.00011975257802987471
274.2215067247016,0.9987380504608154,0.0001197234305436723
274.2419395705583,0.9980906248092651,0.00011970194464083761
274.2623723161887,0.9977264404296875,0.00011967958562308922
274.2828052615878,0.9974477887153625,0.00011967867612838745
274.303238106746,0.9974177479743958,0.00011968045873800293
274.3236708516779,0.997252345085144,0.00011966361489612609
274.34410369661055,0.99727863073349,0.00011962746066274121
274.36453664130386,0.996865451335907,0.00011962871940340847
274.3849693857701,0.9966673851013184,0.00011962644202867523
274.40540223000426,0.9960225224494934,0.00011961702693952248
274.4258351739991,0.9959840178489685,0.00011961122072534636
274.44626791799965,0.9960070252418518,0.000119622731290292
274.4667007615353,0.9962126016616821,0.00011962086864514276
274.487133605071,0.9961894154548645,0.00011963492579525337
274.5075665483673,0.9965804219245911,0.00011961472773691639
274.5279992916694,0.9972506761550903,0.0001196612574858591
274.5484321344993,0.997734785079956,0.0001196879384224303
274.56886507733725,0.9977790117263794,0.0001197008095914498
274.589297819708,0.9983043670654297,0.00011971770436502993
274.6097306620795,0.9986225366592407,0.0001197108649648726
274.63016360444453,0.9990293979644775,0.000119729433208704
274.65059634634963,0.9992296099662781,0.00011971705680480227
274.6710291882482,0.9999452829360962,0.00011976598761975765
274.6914620296884,1.0002094507217407,0.00011977838585153222
274.7118948711286,1.0004148483276367,0.00011981552961515263
274.732327712336,1.0012034177780151,0.00011986411846010014
274.75276055353606,1.0015642642974854,0.00011987239849986508
274.77319339427777,1.0024045705795288,0.00011992287181783468
274.7936262350122,1.0025500059127808,0.00011994732631137595
274.8140590755211,1.0032131671905518,0.00011994724627584219
274.83449181579635,1.0034831762313843,0.00011998596892226487
274.85492475584033,1.0037143230438232,0.0001199808539240621
274.8753574958755,1.0040158033370972,0.00011998620175290853
274.89579033545306,1.004357933998108,0.00012003196025034413
274.9162232750241,1.0046215057373047,0.00012002122093690559
274.93665601436805,1.0044386386871338,0.00012000710557913408
274.95708885347995,1.0050755739212036,0.00012003415758954361
274.97752169259184,1.0051428079605103,0.00012003788287984207
274.9979545312308,1.0050023794174194,0.00012001940922345966
275.018387369877,1.0047749280929565,0.00012001591676380485
275.0388202082904,1.0047588348388672,0.0001200179904117249
275.05925314646447,1.004141092300415,0.0001200119877466932
275.0796858846443,1.0038671493530273,0.00011996263492619619
275.1001187223592,1.003395915031433,0.00011998179252259433
275.1205516600676,1.0033265352249146,0.00011994869419140741
275.1409843975489,1.0024653673171997,0.00011991567589575425
275.16141723479814,1.002319097518921,0.00011992907093372196
275.18184997203934,1.0016921758651733,0.00011989349877694622
275.2022829088237,1.0013165473937988,0.00011986911704298109
275.2227157456073,1.0008574724197388,0.00011979421105934307
275.24314858215075,1.0001102685928345,0.00011977367830695584
275.2635814184687,0.9998728632926941,0.00011972996435360983
275.2840142547866,0.9990745782852173,0.00011970740160904825
275.3044470906316,0.9987342953681946,0.00011971189815085381
275.3248798264831,0.9980801939964294,0.00011968587205046788
275.3453127621033,0.9974738955497742,0.00011964681470999494
275.3657455974826,0.9967631101608276,0.00011962503776885569
275.3861783326356,0.996503472328186,0.00011960591655224562
275.40661126779014,0.9960703253746033,0.00011958464892813936
275.4270441027038,0.995987057685852,0.00011957777314819396
275.44747683739115,0.9952767491340637,0.0001195664081024006
275.4679096718464,0.9888529181480408,0.00011924396676477045
275.48834260606236,0.9820113182067871,0.00011895036732312292
275.50877534028405,0.9807868003845215,0.00011887824075529352
275.52920817427366,0.980204164981842,0.0001188575552077964
275.54964110802393,0.9804643988609314,0.00011885743151651695
275.5700739415479,0.9818588495254517,0.00011891561007359996
275.59050667483825,0.9874489903450012,0.00011920198448933661
275.61093960812286,0.9943320155143738,0.0001195163931697607
275.63137244118116,0.9951612949371338,0.00011956167872995138
275.65180517400586,0.9953367114067078,0.00011954294313909486
275.6722380065912,0.9955523610115051,0.00011955540685448796
275.6926709389518,0.9959511756896973,0.00011959021503571421
275.7131036713108,0.9961833357810974,0.0001195932345581241
275.7335365034305,0.996874988079071,0.00011962408461840823
275.7539694353254,0.9974642395973206,0.00011964952136622742
275.77440216698596,0.9976871609687805,0.00011965058365603909
275.79483499864,0.9980310797691345,0.0001196713128592819
275.81526782983565,0.9985496997833252,0.00011970700870733708
275.83570076103206,0.9988116025924683,0.00011972231732215732
275.85613349198684,0.9993464350700378,0.00011973606160609052
275.87656632294966,0.9998374581336975,0.00011975847883149981
275.8969991534468,1.0004239082336426,0.00011977074609603733
275.9174319839367,1.0008430480957031,0.00011981451825704426
275.93786471420026,1.001360297203064,0.00011984570301137865
275.9582976442325,1.0018366575241089,0.00011986558820353821
275.9787304740239,1.0016703605651855,0.0001198760000988841
275.9991632038218,1.002079963684082,0.00011986894241999835
276.01959603338764,1.0019798278808594,0.00011988201003987342
276.04002896271413,1.0022428035736084,0.00011989399354206398
276.0604617918143,1.0026230812072754,0.0001199546895804815
276.0808945206809,1.0028811693191528,0.00011993083171546459
276.1013274495417,1.0026177167892456,0.00011992503277724609
276.1217602781762,1.0025397539138794,0.00011989568156423047
276.14219300657714,1.0023216009140015,0.00011991304927505553
276.1626258347387,1.0023424625396729,0.00011990743951173499
276.18305876290833,1.001977562904358,0.00011987944162683561
276.20349149061076,1.0017575025558472,0.00011989032645942643
276.2239243183067,1.001360535621643,0.00011986205936409533
276.2443572457778,1.0010517835617065,0.00011980316776316613
276.2647899732474,1.0006667375564575,0.00011977207759628072
276.2852228002448,0.9999724626541138,0.00011974519293289632
276.3056556272495,0.999945878982544,0.00011974950029980391
276.3260884540214,0.9994537830352783,0.00011970621562795714
276.34652128055313,0.9995430707931519,0.00011969918705290183
276.3873869333984,0.9993945956230164,0.00011969387560384348
276.40781975923164,0.9988295435905457,0.0001196814700961113
276.4282525850722,0.9983029365539551,0.00011965529847657308
276.4486855109135,0.9980785846710205,0.00011966891906922683
276.46911823628034,0.9979355335235596,0.00011963397992076352
276.4895510616552,0.9975762963294983,0.00011963543511228636
276.5099837867965,0.9973205327987671,0.00011961802374571562
276.5304167116992,0.9971702098846436,0.00011960874689975753
276.55084953660844,0.9967334866523743,0.00011958933464484289
276.571282361052,0.9966942667961121,0.00011958811955992132
276.5917151854883,0.9969495534896851,0.00011958342656726018
276.612148009699,0.9970691204071045,0.00011960881238337606
276.63258083390974,0.9970468282699585,0.00011961819109274074
276.6530135576468,0.9975716471672058,0.00011965249723289162
276.6734464813926,0.9977728724479675,0.00011964790610363707
276.69387930490484,0.998487651348114,0.00011968000035267323
276.7143120281835,0.998703122138977,0.00011968155740760267
276.7347449514564,0.9991751313209534,0.00011969330080319196
276.7551777742701,0.9993207454681396,0.00011971655476372689
276.77561049707583,0.9996132850646973,0.00011970160267082974
276.7960433198896,0.9999274015426636,0.00011973790969932452
276.8164762422384,1.000290036201477,0.0001197567762574181
276.83690896458575,1.0007809400558472,0.00011976439418504015
276.8573417864609,1.0012074708938599,0.00011979744886048138
276.8777747083441,1.001757025718689,0.00011986483877990395
276.8982075302192,1.0024640560150146,0.00011988238111371174
276.9186402516352,1.0026774406433105,0.00011989280756097287
276.93907317305275,1.002792477607727,0.00011990779603365809
276.9595059942294,1.0030274391174316,0.00011992872168775648
276.97993871517974,1.0035943984985352,0.00011995984095847234
277.000371535898,1.003570318222046,0.00011995959357591346
277.020804356609,1.0040030479431152,0.00011997390538454056
277.04123717709444,1.0042335987091064,0.0001199700782308355
277.06166999734705,1.0041570663452148,0.00011998169793514535
277.08210281759966,1.0039002895355225,0.00011998054105788469
277.1229684571663,1.0037814378738403,0.0001199495600303635
277.14340117671964,1.003408432006836,0.00011995362729066983
277.1638340960344,1.0035202503204346,0.00011993929365416989
277.1842669153557,1.0031946897506714,0.00011993823864031583
277.2046996344434,1.002929925918579,0.00011990628263447434
277.2251325532925,1.0026607513427734,0.00011989919585175812
277.2455653719153,1.0020029544830322,0.00011987506877630949
277.2659980902972,1.0015895366668701,0.0001198642494273372
277.2864309086872,1.0016568899154663,0.00011987081961706281
277.3068638268451,1.001307725906372,0.00011980870476691052
277.3272965447686,1.0010932683944702,0.00011978649854427204
277.3477293624528,1.0001236200332642,0.00011973196524195373
277.36816228014504,0.9999675750732422,0.00011972498032264411
277.38859499759565,0.9993664026260376,0.0001197011733893305
277.40902781482146,0.9989445209503174,0.00011968245235038921
277.4294607318152,0.99822598695755,0.00011966210149694234
277.4498935488009,0.9976614713668823,0.00011962665303144604
277.4703262655603,0.9973008632659912,0.00011963397264480591
277.4907590820876,0.9968475699424744,0.00011959560652030632
277.5111919983756,0.996313750743866,0.00011957134847762063
277.5316247146693,0.9959431886672974,0.00011953335342695937
277.55205753073096,0.9953206777572632,0.00011951262422371656
277.5724904465533,0.995213508605957,0.00011950542102567852
277.5929231621485,0.994799017906189,0.00011949089093832299
277.6133559775117,0.9881511330604553,0.00011919201642740518
277.63378879286756,0.9816993474960327,0.00011889427696587518
277.6542216079979,0.9804822206497192,0.00011880989040946588
277.6746544228954,0.9796491861343384,0.00011875549535034224
277.6950872377929,0.9794060587882996,0.00011877939687110484
277.7155200524503,0.9808791875839233,0.00011883858678629622
277.73595286688214,0.9866253137588501,0.00011912794434465468
277.7563856810739,0.9935035705566406,0.00011943981371587142
277.7768185950408,0.9942367672920227,0.00011946235463256016
277.79725130900624,0.9943345785140991,0.00011945111327804625
277.8176841227396,0.9950475692749023,0.00011949240433750674
277.8381168362321,0.9954062104225159,0.0001195086442749016
277.85854974973336,0.9955993294715881,0.00011950574844377115
277.87898256299377,0.996130645275116,0.00011951155465794727
277.8994153757958,0.9962455034255981,0.00011953796638408676
277.91984818883066,0.9969671964645386,0.00011957621609326452
277.94028100139985,0.997579038143158,0.00011959778203163296
277.9607138139618,0.9980571269989014,0.00011962512508034706
277.9811465262974,0.9985783100128174,0.0001196431476273574
278.0015794383944,0.9991349577903748,0.00011966524471063167
278.0220122502651,0.9997301697731018,0.0001197010642499663
278.04244496213505,1.0003539323806763,0.00011971026106039062
278.0628778737737,1.00081205368042,0.00011972690117545426
278.0833105851707,1.0010342597961426,0.00011975064990110695
278.10374339657574,1.0012696981430054,0.00011975464440183714
278.1241762075151,1.0014278888702393,0.00011976525274803862
278.1446090184472,1.001731276512146,0.00011979877308476716
278.1650418293866,1.002046823501587,0.00011985145829385146
278.18547463986033,1.0023000240325928,0.00011984341836068779
278.2059074503268,1.002563714981079,0.00011985110904788598
278.22634026056767,1.0024065971374512,0.00011985992750851437
278.2467730705757,1.0025670528411865,0.00011988176265731454
278.26720598034444,1.0024741888046265,0.00011984840239165351
278.2876386901189,1.0022093057632446,0.00011984299635514617
278.3080714996613,1.0021390914916992,0.00011981427087448537
278.32850420919567,1.0020896196365356,0.0001198544996441342
278.34893711827317,1.0022820234298706,0.00011981877469224855
278.3693699273499,1.0016921758651733,0.00011981367424596101
278.3898026361858,1.0013418197631836,0.00011974991502938792
278.4102355447976,1.000961422920227,0.00011973811342613772
278.4306683534087,1.000771164894104,0.00011971510684816167
278.45110116154683,0.9999706745147705,0.00011969517800025642
278.4715338696915,0.9999699592590332,0.00011970796185778454
278.49196677783766,0.9993545413017273,0.00011968825856456533
278.51239958551014,0.9991910457611084,0.00011966488091275096
278.53283229318913,0.9989011883735657,0.00011965569865424186
278.5532652006368,0.9990844130516052,0.00011964439181610942
278.57369800807646,0.9989232420921326,0.00011964986333623528
278.59413071505696,0.9988720417022705,0.00011965698649873957
278.6145635220382,0.9983977675437927,0.00011962730786763132
278.63499642878014,0.9984018802642822,0.0001196211960632354
278.6554291355278,0.9980204105377197,0.00011961010750383139
278.6758619418106,0.9977146983146667,0.00011956602975260466
278.69629484808684,0.9975939393043518,0.00011959151743212715
278.716727554136,0.9976057410240173,0.00011959802941419184
278.73716036018595,0.9978344440460205,0.00011959764378843829
278.7575932657637,0.9979444742202759,0.00011956975504290313
278.778026071348,0.9981434345245361,0.0001195937511511147
278.7984587769315,0.9983378052711487,0.00011960181291215122
278.81889158204285,0.9986790418624878,0.00011962528515141457
278.83932448716223,0.9989582896232605,0.00011963397992076352
278.85975719204725,0.9991611838340759,0.0001196640805574134
278.88018999669293,0.9993976950645447,0.00011966020247200504
278.90062290134665,0.9997226595878601,0.00011966128658968955
278.921055605766,0.9999151229858398,0.00011967523460043594
278.94148840994603,1.0003976821899414,0.00011971124331466854
278.9619212139005,1.000673532485962,0.00011971618368988857
278.98235401785496,1.0011096000671387,0.00011971697676926851
279.0027868215693,1.0018219947814941,0.00011976788664469495
279.0232196250581,1.0020650625228882,0.00011976512905675918
279.0436524283141,1.002230167388916,0.00011980573617620394
279.0640852315628,1.0026967525482178,0.00011985923629254103
279.0845180345859,1.0026001930236816,0.00011985933087999001
279.1049507373755,1.0029181241989136,0.00011986647587036714
279.12538364015927,1.002771019935608,0.00011986100435024127
279.14581644271675,1.0033137798309326,0.00011986943718511611
279.16624914504064,1.0032559633255005,0.00011987430480076
279.18668204712594,1.0034496784210205,0.0001198714817292057
279.207114749217,1.0035830736160278,0.00011989752965746447
279.227547551076,1.0037128925323486,0.00011989199265372008
279.24798045269563,1.0035916566848755,0.00011987803736701608
279.2684131540882,1.0036507844924927,0.00011989094491582364
279.2888459554815,1.003517508506775,0.00011987829202553257
279.30927875663474,1.0036301612854004,0.00011987632024101913
279.32971165756317,1.0031709671020508,0.00011985957098659128
279.3705771591776,1.0030351877212524,0.00011984438606305048
279.3910100596404,1.0025596618652344,0.00011976733367191628
279.4114427598688,1.0022060871124268,0.00011978959810221568
279.4318755600907,1.0017335414886475,0.00011974565859418362
279.4523082600863,1.0011399984359741,0.00011973363143624738
279.47274115985056,1.0008503198623657,0.00011972516949754208
279.49317395937396,1.0003877878189087,0.00011970542254857719
279.51360675890464,0.9996629953384399,0.00011966750753344968
279.5340395582025,0.9994099140167236,0.00011966697638854384
279.55447235726024,0.9989542365074158,0.00011962070129811764
279.57490515632526,0.9986510276794434,0.00011959957191720605
279.59533795515745,0.9981232285499573,0.00011958429240621626
279.61577075374953,0.9975738525390625,0.00011955570516875014
279.6362035523489,0.9973011612892151,0.00011954351066378877
279.6566362504818,0.9969924688339233,0.00011951753549510613
279.677069148609,0.9963884353637695,0.00011953993089264259
279.6975019467427,0.9960247278213501,0.00011950128828175366
279.71793464441,0.9958388805389404,0.00011948082101298496
279.7383675420715,0.9950051307678223,0.00011945844744332135
279.7588003395067,0.9880125522613525,0.00011912987247342244
279.7792331367091,0.9821157455444336,0.00011883939441759139
279.7996658339107,0.9804370403289795,0.0001187890738947317
279.8200987308737,0.9801002144813538,0.00011875345808221027
279.84053152761044,0.9800007939338684,0.00011874554184032604
279.8609642243391,0.9812816977500916,0.00011882201943080872
279.88139712084376,0.9874277710914612,0.00011912668560398743
279.9018299171148,0.993537962436676,0.00011937929230043665
279.92226261315227,0.9940154552459717,0.00011941231787204742
279.9426954091832,0.9941621422767639,0.0001194191791000776
279.96312830498937,0.9943298101425171,0.0001194332871818915
279.9835610005539,0.9952192306518555,0.00011944556899834424
280.00399379612645,0.9951608777046204,0.00011946056474698707
280.02442669146694,0.9954285621643066,0.00011947238817811012
280.0448593865731,0.9960272312164307,0.00011949656618526205
280.0652921814399,0.9963953495025635,0.00011952012573601678
280.0857250763147,0.9969751834869385,0.00011953746434301138
280.10615787094866,0.9975267052650452,0.00011956108937738463
280.1265905653563,0.9982131123542786,0.00011961071868427098
280.1470233597647,0.9990118145942688,0.00011963042197749019
280.1674561539403,0.9996392726898193,0.00011966368765570223
280.18788894787576,1.0007601976394653,0.00011969799379585311
280.2083217418185,1.000850796699524,0.00011970539344474673
280.2287545352883,1.0012842416763306,0.00011970193736488
280.2491873287654,1.0018296241760254,0.00011975016968790442
280.2696201222425,1.0021600723266602,0.00011977443500654772
280.29005281525315,1.0023444890975952,0.00011979439295828342
280.31048570825806,1.0026534795761108,0.00011980440467596054
280.3309184012687,1.003130316734314,0.0001198760000988841
280.3513511938145,1.003200888633728,0.00011984899902017787
280.3717840863537,1.003622055053711,0.0001198800528072752
280.39221687866666,1.0038437843322754,0.00011988167534582317
280.4330823628188,1.0039035081863403,0.00011988553160335869
280.45351525466685,1.0036863088607788,0.00011988198093604296
280.4739479465061,1.0036696195602417,0.0001198508616653271
280.4943807378877,1.0034433603286743,0.00011987376637989655
280.51481362927007,1.0030912160873413,0.00011984098091488704
280.5352463204181,1.0024421215057373,0.00011976389941992238
281.35255773541576,1.0031429529190063,0.00011982415162492543
281.3729905200453,1.0033868551254272,0.00011985107994405553
281.39342330444197,1.0035085678100586,0.0001198403988382779
281.41385608859855,1.0033602714538574,0.00011985386663582176
281.4342888727624,1.0036982297897339,0.00011985649325652048
281.45472165669344,1.0035275220870972,0.00011979311966570094
281.4751543406164,1.0036407709121704,0.00011984705633949488
281.49558722408256,1.0032321214675903,0.00011977781832683831
281.5160200075479,1.0031280517578125,0.00011977013491559774
281.53645269100525,1.0030759572982788,0.00011978775728493929
281.5568855740057,1.002641201019287,0.00011976907990174368
281.5773183570054,1.0022013187408447,0.00011975307279499248
281.5977510399971,1.0019142627716064,0.00011974098742939532
281.61818382253114,1.0016084909439087,0.00011971977073699236
281.63861670506594,1.0013418197631836,0.00011968109902227297
281.65904938759195,1.0011547803878784,0.00011968636681558564
281.67948216966033,1.0010194778442383,0.000119690244900994
281.6999150517295,1.0002845525741577,0.00011966123565798625
281.72034783355775,0.999871551990509,0.00011963567521888763
281.74078051539254,0.9993308782577515,0.00011962076678173617
281.761213396996,0.9987227320671082,0.0001195963122881949
281.78164617835864,0.9981290102005005,0.00011957038805121556
281.80207885949494,0.997962474822998,0.000119555123092141
281.822511640632,0.9976407289505005,0.00011954756337217987
281.8429445215297,0.9975194931030273,0.00011952956992899999
281.8633772024332,0.9972476959228516,0.00011952414934057742
281.8838099831046,0.9956673979759216,0.00011947810708079487
281.90424286353664,0.9889151453971863,0.00011915361392311752
281.9246755437416,0.9827550053596497,0.00011883841943927109
281.94510832394735,0.9811475276947021,0.0001187858943012543
281.965541103913,0.9807369112968445,0.00011874915071530268
281.98597398388665,0.9808781147003174,0.00011877036740770563
282.00640666362597,0.9818388223648071,0.00011878357327077538
282.02683944312594,0.9885048270225525,0.00011913758498849347
282.0472723224011,0.9943925142288208,0.0001193998905364424
282.06770500167477,0.9947130680084229,0.00011942203855141997
282.0881377807091,0.9947859644889832,0.0001194129727082327
282.10857045951707,0.9949643611907959,0.0001194334909087047
282.1290033383266,0.9952415823936462,0.00011943472782149911
282.14943611689523,0.9953444004058838,0.0001194406213471666
282.1698687954704,0.995895504951477,0.00011945949518121779
282.1903016735814,0.9963139891624451,0.00011948693281738088
282.21073445191723,0.9967694878578186,0.00011950553016504273
282.23116722979466,0.9971983432769775,0.00011954494402743876
282.2516000076721,0.9976191520690918,0.00011953918874496594
282.2720327853094,0.9982880353927612,0.00011957725655520335
282.2924655627212,0.9990034103393555,0.0001196095472550951
282.3128982401322,0.9996300339698792,0.00011964295117650181
282.35376389425073,1.0006864070892334,0.00011968563194386661
282.3741965711961,1.001163363456726,0.00011969906336162239
282.39462944790284,1.0015785694122314,0.00011971006460953504
282.41506212461536,1.002018928527832,0.00011974359949817881
282.4354949010958,1.0023348331451416,0.00011977476970059797
282.45592767733615,1.002631425857544,0.00011977810208918527
282.47636045335094,1.0030677318572998,0.0001197869933093898
282.4967932293657,1.0034713745117188,0.00011979748524026945
282.5172260051404,1.0037078857421875,0.00011986056051682681
282.53765878092236,1.0038866996765137,0.00011984867160208523
282.55809155623865,1.0036407709121704,0.000119838907266967
282.57852433154767,1.0035481452941895,0.00011980353156104684
282.5989570068632,1.0036122798919678,0.0001198349564219825
282.6193898819474,1.003841757774353,0.00011981373972957954
282.6398226567908,1.0034080743789673,0.00011979377450188622
282.6602553314078,1.003464698791504,0.00011980731505900621
282.6806882060264,1.0030670166015625,0.00011979764531133696
282.7011209804041,1.0025920867919922,0.00011976764653809369
282.72155375478906,1.0024462938308716,0.00011977680696872994
282.7419865289412,1.0019938945770264,0.00011974609515164047
282.76241930285323,1.0016398429870605,0.00011973296932410449
282.7828520766561,1.0015441179275513,0.00011971795174758881
282.80328475034185,1.0010744333267212,0.00011970279592787847
282.8237176239054,1.0007712841033936,0.00011968681792495772
282.84415039724263,1.0001051425933838,0.00011964896839344874
282.8645830704627,0.9997319579124451,0.00011963806173298508
282.88501594344416,0.9993971586227417,0.00011963136057602242
282.90544871631573,0.9990206956863403,0.00011961173004237935
282.92588138918654,0.998711109161377,0.00011960459960391745
282.9463141617016,0.9986661672592163,0.00011959695984842256
282.96674703410827,0.9983106851577759,0.00011958735558437183
282.9871797065134,0.9976673722267151,0.00011953934154007584
283.0076124785701,0.9975939393043518,0.00011955080844927579
283.02804535062023,0.9975414276123047,0.00011953368812100962
283.04847812244407,0.9975538849830627,0.00011953851935686544
283.06891079414345,0.9978439211845398,0.00011955419176956639
283.0893436656188,0.9980710744857788,0.00011955956870224327
283.109776436977,0.9983546137809753,0.0001195825680042617
283.13020910821797,0.9988539814949036,0.00011959176481468603
283.15064187933604,0.9989651441574097,0.00011960073607042432
283.1710747502293,0.9993784427642822,0.00011961832933593541
283.1915074211138,0.9996845126152039,0.00011963302677031606
283.21194019165705,0.9997041821479797,0.0001196314551634714
283.2323730622011,1.0001674890518188,0.00011964883015025407
283.25280573251075,1.000719666481018,0.00011967814498348162
283.2732385026975,1.0007249116897583,0.00011967518366873264
283.2936712726587,1.0011510848999023,0.00011967789032496512
283.3141040426126,1.0012125968933105,0.0001196913726744242
283.33453681234096,1.0019296407699585,0.00011971412459388375
283.3549695818365,1.0022485256195068,0.00011972932406933978
283.375402351332,1.002814531326294,0.0001197493911604397
283.39583512058744,1.0028634071350098,0.00011976356472587213
283.4162678897337,1.0036824941635132,0.00011978512338828295
283.4367006586399,1.0034078359603882,0.00011979598639300093
283.45713342755334,1.0036677122116089,0.00011979544797213748
283.4775660962332,1.0036417245864868,0.00011980119597865269
283.497998864681,1.0041165351867676,0.00011980532872257754
283.51843173312227,1.004157304763794,0.00011986520257778466
283.53886440133647,1.004088044166565,0.00011985818855464458
283.559297169435,1.0038576126098633,0.00011979886767221615
283.5797300372942,1.0042043924331665,0.00011983889999100938
283.6001628051599,1.0039050579071045,0.00011980980343651026
283.62059547279205,1.0041091442108154,0.00011979901319136843
283.64102824030124,1.0038856267929077,0.00011981565330643207
283.66146110758564,1.0037420988082886,0.00011978636030107737
283.6818937747448,1.0035003423690796,0.00011977737449342385
283.7023265417956,1.0029665231704712,0.00011974623339483514
283.7227594087308,1.0026936531066895,0.00011974028166150674
283.7431920754316,1.002152919769287,0.00011971406638622284
283.76362484200945,1.0018713474273682,0.00011970712512265891
283.78405770847894,1.0015525817871094,0.0001196845987578854
283.8044903748232,1.000972867012024,0.0001196605444420129
283.8249231409427,1.0007824897766113,0.00011964159784838557
283.84535590694577,1.0000874996185303,0.00011961685959249735
283.8657886728324,0.9999489784240723,0.00011960798292420805
283.88622143847897,0.9993337392807007,0.00011957712558796629
283.9066542041328,0.9990481734275818,0.00011956936941714957
283.92708706954727,0.9985818862915039,0.00011956274829572067
283.9475197348511,0.9980354905128479,0.00011951621127082035
283.96795249992283,0.9976585507392883,0.00011950645421165973
283.9883851648774,0.9973627924919128,0.00011949321196880192
284.0088180297098,0.9970259070396423,0.00011947912571486086
284.0292507944323,0.9955964088439941,0.00011942884884774685
284.0496835589147,0.988427996635437,0.000119071475637611
284.07011632328795,0.9822893142700195,0.00011877841461682692
284.0905490875448,0.9809592962265015,0.0001187363377539441
284.1109818516852,0.9796062707901001,0.00011870606249431148
284.13141451558477,0.980322539806366,0.00011869724403368309
284.1518473793767,0.9812046885490417,0.00011873743642354384
284.1722801430442,0.9884133338928223,0.00011905356222996488
284.1927128066018,0.9939432740211487,0.00011933215864701197
284.21314566992805,0.9943929314613342,0.00011935224029002711
284.23357843313715,0.9941189289093018,0.0001193355128634721
284.2540110962218,0.99432772397995,0.00011933852510992438
284.27444395919883,0.9942886829376221,0.00011934957728954032
284.294876721935,0.9945712685585022,0.00011934830399695784
284.31530938456126,0.9950398206710815,0.00011937786621274427
284.3561750094668,0.9960118532180786,0.00011941716365981847
284.37660767162015,0.9967363476753235,0.00011944090510951355
284.3970404336651,0.9972689151763916,0.00011946921586059034
284.4174732955871,0.9975553750991821,0.00011947759776376188
284.43790595739847,0.9979939460754395,0.00011951152555411682
284.45833871897776,0.9987342357635498,0.00011952337808907032
284.4787714804406,0.9995175004005432,0.00011956689559156075
284.4992042417798,1.0000932216644287,0.00011958714458160102
284.51963700300985,1.0003244876861572,0.00011961030395468697
284.5400696640063,1.0010730028152466,0.00011963729775743559
284.5605025248806,1.0017473697662354,0.00011965805606450886
284.58093528564496,1.0025007724761963,0.00011969520710408688
284.60136794629216,1.002729058265686,0.00011971712956437841
284.6218008067008,1.0032721757888794,0.00011972094944212586
284.6422335671159,1.0032923221588135,0.00011974378867307678
284.6626663272982,1.0036015510559082,0.00011975540837738663
284.68309898723965,1.003845453262329,0.0001198008467326872
284.7035318471899,1.0041221380233765,0.00011976563837379217
284.7239646069065,1.0043672323226929,0.00011983435979345813
284.7443972664987,1.0043222904205322,0.00011982691648881882
284.7648301259833,1.0041314363479614,0.00011977136455243453
284.7852628853507,1.0045850276947021,0.0001197977690026164
284.8056955444772,1.0040075778961182,0.0001197501624119468
284.82612830349535,1.003906488418579,0.00011973665095865726
284.84656116239785,1.0036756992340088,0.00011973521759500727
284.86699382117513,1.0030571222305298,0.00011969202751060948
284.8874265797276,1.0028730630874634,0.00011970476771239191
284.90785943816445,1.002312183380127,0.00011968416947638616
284.92829219647683,1.0019856691360474,0.00011966414604103193
284.9487248546793,1.0014286041259766,0.0001196457160403952
284.9691577127669,1.0008363723754883,0.00011962137068621814
284.9895904706136,0.9998236298561096,0.00011958655522903427
285.01002312835044,0.999599814414978,0.00011957532842643559
285.0304558859716,0.9990990161895752,0.00011953962530242279
285.05088874346984,0.9988822937011719,0.00011953089415328577
285.0713214008574,0.9984908699989319,0.00011950563930440694
285.0917541580129,0.9985493421554565,0.00011948665633099154
285.1121870150455,0.9980294108390808,0.00011948824248975143
285.1326196719674,0.9976338744163513,0.00011944719881284982
285.15305242865725,0.9973351955413818,0.0001194570359075442
285.1734851853398,0.9971576929092407,0.00011944166180910543
285.1939179417968,0.9972907900810242,0.00011945154255954549
285.2143506981374,0.9975007176399231,0.00011946183803956956
285.23478345435433,0.9974390268325806,0.00011945655569434166
285.25521631034644,0.9985289573669434,0.00011949324107263237
285.27564896633703,0.9987804889678955,0.00011951265332754701
285.2960817220883,0.9991955161094666,0.00011950612679356709
285.33694723313965,0.9991514682769775,0.00011950905172852799
285.35737998854165,0.9994500279426575,0.00011953779903706163
285.37781264371733,0.9996477961540222,0.00011953693319810554
285.3982454987781,0.9999520778656006,0.00011955555964959785
285.41867825371446,1.0003002882003784,0.0001195727672893554
285.43911100854166,1.000163197517395,0.00011958034883718938
285.459543763136,1.0006170272827148,0.00011958746472373605
285.4799765177231,1.0009125471115112,0.00011960864503635094
285.50040927208465,1.0012505054473877,0.00011961699783569202
285.520841926329,1.0012712478637695,0.00011962896678596735
285.5412747804512,1.00163733959198,0.00011963373981416225
285.5617074343463,1.0017356872558594,0.00011964272562181577
285.5821401881258,1.001770257949829,0.00011964957957388833
285.6025730417823,1.0022112131118774,0.00011965953308390453
285.6230056953282,1.0026036500930786,0.00011967062891926616
285.6434384487584,1.0026698112487793,0.00011966627789661288
285.6638712020649,1.0026136636734009,0.00011966592137468979
285.6843039551459,1.0030765533447266,0.00011967917089350522
285.70473670811043,1.0029821395874023,0.00011969570914516225
285.7251694609513,1.0034945011138916,0.00011969506158493459
285.745602213683,1.00277578830719,0.00011969041952397674
285.7660349662983,1.0031541585922241,0.00011969222396146506
285.7864677186735,1.003143548965454,0.00011969688785029575
285.80690057094034,1.0029429197311401,0.00011967163300141692
285.8273332230892,1.0026782751083374,0.00011968846229137853
285.8477659751152,1.0027596950531006,0.00011967276805080473
285.86819862703123,1.0018267631530762,0.00011964490840910003
285.888631478716,1.0016741752624512,0.00011961066047661006
285.9090642303927,1.0014082193374634,0.00011962010466959327
285.9294968818431,1.0010701417922974,0.00011958280083490536
285.9499297331786,1.0009135007858276,0.00011958157847402617
285.9703624842732,1.0009461641311646,0.0001195602017105557
285.9907952353751,1.0007089376449585,0.00011956186790484935
286.01122788624343,1.0001033544540405,0.00011953640205319971
286.031660737106,0.9996134042739868,0.00011951624765060842
286.05209348774224,0.9994304776191711,0.00011950935004279017
286.0725261382613,0.9987871646881104,0.0001194719152408652
286.1133917388288,0.9981082677841187,0.00011946129234274849
286.1338243888822,0.9975163340568542,0.00011942968558287248
286.15425723881344,0.9968822002410889,0.00011940320837311447
286.1746899886348,0.995526909828186,0.00011930766777368262
286.19512263833894,0.9882562756538391,0.00011897365766344592
286.21555538792745,0.9822779297828674,0.0001187179732369259
286.23598823739303,0.9807956218719482,0.00011863890540553257
286.2564209866323,0.9803142547607422,0.00011862476821988821
286.2768536357471,0.9804728627204895,0.00011861516395583749
286.2972864847543,0.9815740585327148,0.00011867810098920017
286.3177192336443,0.9890871047973633,0.00011898074444616213
286.33815188241715,0.9943221211433411,0.00011920226097572595
286.35858463095065,0.9945155382156372,0.00011924304999411106
286.37901747937576,0.9946363568305969,0.00011925014405278489
286.3994501277921,0.9948205351829529,0.00011924526916118339
286.4198828759836,0.9947625398635864,0.00011924015416298062
286.44031572394306,0.9950737357139587,0.0001192291674669832
286.460748371901,0.9954289793968201,0.00011927529703825712
286.481181119736,0.99592524766922,0.0001192886265926063
286.5016139673462,0.996457576751709,0.00011932523921132088
286.5220466148312,0.9970297813415527,0.00011932226334465668
286.54247936232423,0.9972881078720093,0.00011936761438846588
286.56291210958443,0.9977597594261169,0.00011937939416384324
286.5833448566118,0.9984256625175476,0.00011940400145249441
286.6037776036319,0.9989744424819946,0.00011947459279326722
286.62421035042644,0.9996275901794434,0.00011947121674893424
286.6446430972137,0.9998546242713928,0.00011949365580221638
286.6650758437754,1.000714898109436,0.00011951660417253152
286.68550849021995,1.0011277198791504,0.00011954151705140248
286.7059412365488,1.001673936843872,0.00011955330410273746
286.7263740827548,1.0018469095230103,0.00011959295079577714
286.74680672873365,1.0025274753570557,0.00011960268602706492
286.7672394747133,1.0029892921447754,0.0001196321245515719
286.78767232045357,1.0035001039505005,0.00011963690485572442
286.8081049660832,1.0035845041275024,0.00011966063175350428
286.82853771159716,1.0039615631103516,0.00011965118028456345
286.8489705569882,1.0041440725326538,0.00011967948375968263
286.86940330226935,1.004006028175354,0.00011965793964918703
286.8898359473169,1.0039951801300049,0.00011965580051764846
286.91026869235793,1.003925085067749,0.00011965878366027027
286.9307015371742,1.0037556886672974,0.00011963942233705893
286.9511341818725,1.0034281015396118,0.00011959958646912128
286.97156692644785,1.0032076835632324,0.00011962196003878489
286.99199977091484,1.0028083324432373,0.00011961506970692426
287.0124324152566,1.0024547576904297,0.0001195693330373615
287.03286515949003,1.0021547079086304,0.00011955579975619912
287.0532979034906,1.0018304586410522,0.00011956859088968486
287.07373064737476,1.0014595985412598,0.00011953627108596265
287.09416339125164,1.0010584592819214,0.00011948135943384841
287.11459613490297,1.0006524324417114,0.00011946284939767793
287.13502897843136,0.9999943971633911,0.00011944941070396453
287.1554616218491,0.999816358089447,0.00011945318692596629
287.17589436503476,0.9993813037872314,0.00011940710101043805
287.1963272082139,0.9990094900131226,0.0001194025608128868
287.216759851166,0.9989975690841675,0.0001193797797895968
287.2371925941188,0.9986589550971985,0.00011937756062252447
287.25762523683807,0.9982629418373108,0.0001193359203170985
287.27805807943514,0.9975634217262268,0.0001193255593534559
287.2984908219223,0.9972870945930481,0.00011931763583561406
287.3189235642931,0.9970998764038086,0.00011930170876439661
287.33935630654014,0.9968923926353455,0.00011929569154744968
287.35978904856165,0.9970534443855286,0.0001192933923448436
287.3802217905759,0.997317910194397,0.000119324067782145
287.4006544323638,0.9975897073745728,0.00011931228800676763
287.42108727403684,0.9978919625282288,0.00011934989015571773
287.4415200155927,0.9980482459068298,0.00011934266512980685
287.4619526571405,0.9981353282928467,0.00011935845395782962
287.48238549834787,0.9979844093322754,0.00011934029316762462
287.5028182395472,0.9982710480690002,0.00011935831571463495
287.5232508806366,0.9986756443977356,0.00011935176735278219
287.54368372149474,0.9988211393356323,0.00011937946692341939
287.5641164623521,0.9990737438201904,0.00011938548414036632
287.5845491029686,0.9992629885673523,0.00011940380500163883
287.6049818435931,0.9994683265686035,0.00011940025433432311
287.6254145839848,0.9996964335441589,0.00011941350385313854
287.6458474242536,0.9999392032623291,0.0001194254873553291
287.6662800644117,1.0000510215759277,0.0001194104552268982
287.68671280433773,1.0003525018692017,0.00011944019206566736
287.7071455442565,1.0008313655853271,0.00011942689889110625
287.7275782840661,1.0011110305786133,0.00011947214079555124
287.74801092364214,1.0015554428100586,0.00011948632163694128
287.7684437632124,1.001721978187561,0.00011948079918511212
287.7888765025564,1.0021921396255493,0.00011948798055527732
287.80930914178316,1.0025603771209717,0.00011951898341067135
287.8297419808878,1.002889633178711,0.00011951635678997263
287.8501747198825,1.002698540687561,0.00011952929344261065
287.8706074587608,1.0030401945114136,0.00011954544606851414
287.89104009751463,1.0032655000686646,0.0001195966760860756
287.9319056745735,1.0033502578735352,0.0001195509685203433
287.9523383129781,1.003572940826416,0.00011958230606978759
287.97277115115867,1.0033990144729614,0.00011957903188886121
287.99320388922206,1.0069376230239868,0.00012019113637506962
288.0136365272774,1.0030378103256226,0.00011954692308790982
288.03406936510873,1.002814769744873,0.00011955262016272172
288.0545021028229,1.0026050806045532,0.0001195157237816602
288.0749347404126,1.0020314455032349,0.00011949846521019936
288.0953674778939,1.0020509958267212,0.00011947574967052788
288.11580031514313,1.0019174814224243,0.00011948438623221591
288.1362329523836,1.001791000366211,0.000119461452413816
288.15666568951565,1.0012372732162476,0.00011944943253183737
288.17709852641565,1.0006023645401,0.00011942120181629434
288.1975312633076,1.0001717805862427,0.00011939457181142643
288.21796389997326,0.9995752573013306,0.00011938030365854502
288.23839663652325,0.9991391897201538,0.00011934625217691064
288.2588294730667,0.99822998046875,0.00011929009633604437
288.2792621093831,0.9979248046875,0.00011930645268876106
288.3201276816617,0.9960759282112122,0.00011919885582756251
288.34056031762884,0.988627552986145,0.00011885981075465679
288.36099305348034,0.983230471611023,0.00011863294639624655
288.3814258890925,0.9815586805343628,0.00011854921467602253
288.4018585247104,0.9813602566719055,0.0001185341170639731
288.42229126021266,0.9820058345794678,0.0001185733126476407
288.4427239954748,0.9833042025566101,0.00011863127292599529
288.4631568306286,0.9903153777122498,0.00011895923671545461
288.4835894657808,0.9953877329826355,0.00011915530922124162
288.5040222006937,0.9961245059967041,0.00011920061660930514
288.52445503549825,0.996100902557373,0.00011921313125640154
288.54488767030125,0.9960211515426636,0.0001191651972476393
288.5653204048649,0.9965749382972717,0.00011920373071916401
288.58575303931866,0.9966660141944885,0.00011922231351491064
288.6061858736575,0.996989369392395,0.00011925556464120746
288.62661860787193,0.9971707463264465,0.00011925161379622295
288.6470513418608,0.997773289680481,0.00011927192826988176
288.66748407584964,0.9980717897415161,0.00011929566971957684
288.68791670971405,0.9986717104911804,0.00011935365182580426
288.70834954347083,0.9994027018547058,0.0001193412535940297
288.728782276994,0.9999184608459473,0.00011939513206016272
288.74921501050994,1.0003567934036255,0.00011940245167352259
288.76964764379954,1.0008864402770996,0.00011941019329242408
288.7900803770899,1.0021543502807617,0.00011946511949645355
288.8105132101409,1.0021811723709106,0.0001194965880131349
288.8309458430813,1.0026081800460815,0.0001195213699247688
288.851378575906,1.0027521848678589,0.00011953334615100175
288.87181140872417,1.003286600112915,0.00011953828652622178
288.8922440413153,1.0035558938980103,0.0001195528675452806
288.91267677379074,1.003834843635559,0.00011956805974477902
288.9331095061425,1.0044200420379639,0.00011959396215388551
288.9535422383851,1.0046526193618774,0.00011964018631260842
288.97397497051134,1.0047688484191895,0.00011957414244534448
288.99440770251385,1.005147099494934,0.00011963948782067746
289.0148404342908,1.0049450397491455,0.00011956408707192168
289.0352731660678,1.0047539472579956,0.00011959679250139743
289.05570589772105,1.0044543743133545,0.00011955403169849887
289.07613872926595,1.0043954849243164,0.00011956239904975519
289.0965713605765,1.0035680532455444,0.0001195246004499495
289.1170040918805,1.00759756565094,0.00012013798550469801
289.13743672307464,1.00325345993042,0.00011950493353651837
289.15786955403746,1.0028351545333862,0.00011950272892136127
289.17830228499224,1.0021952390670776,0.00011947747407248244
289.19873501572147,1.0018435716629028,0.00011943987919948995
289.2191677463343,1.001444935798645,0.00011941231059608981
289.2396004769398,1.0014234781265259,0.00011939992691623047
289.2600332073198,1.0008097887039185,0.00011940910917473957
289.2804658375826,1.000424861907959,0.00011934477515751496
289.30089866783965,1.0000134706497192,0.00011935052316403016
289.3213313978704,0.9995615482330322,0.0001193298157886602
289.34176402778394,0.9986464381217957,0.00011932398047065362
289.3621968575753,0.9983826279640198,0.00011929655738640577
289.3826295872568,0.9982933402061462,0.00011928690946660936
289.40306221693754,0.9978049397468567,0.00011925007129320875
289.4234950463797,0.997559130191803,0.00011924334103241563
289.4439277757119,0.996976375579834,0.00011920774704776704
289.464360404927,0.9971371293067932,0.00011920749966520816
289.4847931340191,0.9968411326408386,0.00011922560952370986
289.5052259630029,0.996454656124115,0.0001191727933473885
289.52565869186947,0.9963725805282593,0.00011919327516807243
289.54609132050246,0.9970545172691345,0.00011917816300410777
289.5665241491297,0.996971845626831,0.00011921537952730432
289.586956877647,0.9970188140869141,0.00011921787518076599
289.6073895060399,0.9969462156295776,0.00011922504199901596
289.6278222343244,0.9970687031745911,0.0001192119307233952
289.64825506249326,0.9970530271530151,0.0001192191120935604
289.6686876905442,0.9973169565200806,0.00011923058627871796
289.68912041835574,0.9975301027297974,0.00011921350233023986
289.7095531461746,0.9977813363075256,0.00011923570127692074
289.72998587386974,0.9981825351715088,0.00011922827980015427
289.75041860133933,0.9986304044723511,0.00011926663864869624
289.77085132880893,0.9989554286003113,0.00011927014566026628
289.7912840561621,0.9990640878677368,0.00011929163156310096
289.8117167832752,0.9996111392974854,0.00011931129120057449
289.8321494103948,0.9999390840530396,0.0001193405405501835
289.8525822373922,1.0004111528396606,0.00011936981172766536
289.8730149641633,1.0009011030197144,0.00011938851821469143
289.89344759093365,1.0014630556106567,0.00011939744581468403
289.9138804175891,1.002103567123413,0.00011942469427594915
289.9343131440037,1.0024445056915283,0.00011942997662117705
289.9547457704248,1.0030192136764526,0.00011945630103582516
289.9751784967302,1.0041959285736084,0.00011950187763432041
289.9956113227963,1.0036994218826294,0.00011948004976147786
290.0160439488682,1.0042091608047485,0.00011953549983445555
290.03647667470796,1.0041966438293457,0.00011949430336244404
290.0569095005412,1.0044392347335815,0.00011956149683101103
290.0773422261482,1.0048341751098633,0.00011957024253206328
290.09777485175437,1.0048807859420776,0.00011958365212194622
290.1182076772384,1.0048208236694336,0.00011958517279708758
290.1386404024961,1.0047396421432495,0.00011955956870224327
290.15907302775304,1.004529595375061,0.00011951298802159727
290.17950575288705,1.0046199560165405,0.00011953504144912586
290.1999385777963,1.004294753074646,0.00011953056673519313
290.2203712026967,1.0042667388916016,0.00011949582403758541
290.2408039273723,1.00371253490448,0.00011945878941332921
290.2612367520487,1.0034775733947754,0.0001194543219753541
290.28166937660717,1.0027965307235718,0.00011942747369175777
290.3021021009263,1.0024363994598389,0.00011941802949877456
290.32253482525266,1.0018631219863892,0.00011937697126995772
290.34296754945535,1.0014876127243042,0.0001193763964693062
290.3634002734325,1.000990629196167,0.00011936458759009838
290.3838329974096,1.0002347230911255,0.00011931859626201913
290.4042658211474,0.9997718930244446,0.00011928875755984336
290.42469844489096,0.9989492297172546,0.00011927948798984289
290.44513116851886,0.9984625577926636,0.0001192496347357519
290.4655639920238,0.9965697526931763,0.00011915825598407537
290.50642933858035,0.9841982126235962,0.00011855816410388798
290.5268619617418,0.982699453830719,0.0001185194487334229
290.5472947847811,0.9835516810417175,0.00011843980610137805
291.42590156831284,1.0004957914352417,0.00011908359738299623
291.44633438646997,0.9998335242271423,0.00011914157221326604
291.46676710450265,0.9989429712295532,0.00011911460751434788
291.487199722309,0.9983530640602112,0.00011910350440302864
291.5076325401169,0.9980764389038086,0.00011908770829904824
291.52806525780034,0.9978007674217224,0.00011908300075447187
291.54849787537387,0.997353196144104,0.00011908013402717188
291.56893059283175,0.9970462918281555,0.00011906642612302676
291.5893634101667,0.9971222281455994,0.00011907568841706961
291.609796027391,0.9968990683555603,0.00011902247206307948
291.6302287444996,0.9964804649353027,0.00011903707491001114
291.65066156160174,0.9965448379516602,0.00011901841935468838
291.6710941784768,0.99692302942276,0.0001190640396089293
291.69152689523617,0.996941089630127,0.00011904898565262556
291.71195971198904,0.9970750212669373,0.00011907894804608077
291.7323924285156,0.9972272515296936,0.00011909954628208652
291.7528250450414,0.996956467628479,0.00011908021406270564
291.77325776144426,0.9971811771392822,0.00011909547174582258
291.7936905776223,0.9975521564483643,0.00011911270121345297
291.8141231937989,0.9974582195281982,0.00011912193440366536
291.8345559098525,0.9978398680686951,0.00011912337504327297
291.854988625797,0.997992753982544,0.00011914643255295232
291.87542134162504,0.9983557462692261,0.00011915745562873781
291.89585395744507,0.9986199140548706,0.00011917101073777303
291.9162866730403,0.9988526105880737,0.00011916061339434236
291.9367194885199,0.9993376135826111,0.00011918692325707525
291.9571522039914,0.9995701313018799,0.0001192129057017155
291.97758481923665,1.0001546144485474,0.00011923991405637935
291.9980176344834,1.0004385709762573,0.00011925588478334248
292.0184503494893,1.0012232065200806,0.00011929577885894105
292.0388829645017,1.0018411874771118,0.00011932327470276505
292.0593157793992,1.0023082494735718,0.00011930271284654737
292.07974849417224,1.0026990175247192,0.00011933750647585839
292.1001811088354,1.003370761871338,0.00011938661191379651
292.1206138233829,1.00359046459198,0.0001194052747450769
292.14104663780745,1.0045287609100342,0.00011946692393394187
292.16147925223777,1.0043895244598389,0.00011946495942538604
292.181911966436,1.0042396783828735,0.00011944955622311682
292.20234478062775,1.0046049356460571,0.0001194679643958807
292.2227773945924,1.0044080018997192,0.00011948213796131313
292.24321010855783,1.0046347379684448,0.00011949862528126687
292.26364282239956,1.0044432878494263,0.00011946122685912997
292.2840756360165,1.0046666860580444,0.00011948657629545778
292.3045082496319,1.0043822526931763,0.00011948907922487706
292.3249409632408,1.004406213760376,0.00011951261694775894
292.3453737766249,1.0042592287063599,0.00011947302118642256
292.3658063898911,1.0034924745559692,0.00011946379527216777
292.3862391030343,1.0038644075393677,0.00011945889855269343
292.4066719161856,1.0031518936157227,0.00011943562276428565
292.4271045292189,1.0028234720230103,0.00011936966620851308
292.4475372420129,1.0020756721496582,0.00011936113151023164
292.4679699548142,1.0019590854644775,0.0001193462303490378
292.48840266749903,1.0013686418533325,0.00011931369226658717
292.5088353800602,1.001186728477478,0.00011931447079405189
292.5292680925122,1.0003135204315186,0.00011926252045668662
292.5497008048478,1.0002721548080444,0.00011925635044462979
292.57013351717615,0.9998021721839905,0.00011925049329875037
292.5905662292789,0.998993456363678,0.00011923407873837277
292.61099884138093,0.9973670840263367,0.00011914119386347011
292.6314316533608,0.9893972873687744,0.0001187899470096454
292.6518643651143,0.9849371314048767,0.00011857323988806456
292.6722969768671,0.9837931990623474,0.00011852146417368203
292.6927297884977,0.9833396673202515,0.00011850452574435622
292.71316250001837,0.9840484261512756,0.00011853388423332945
292.7335951115383,0.9856767058372498,0.00011861242819577456
292.75402792281966,0.9932026863098145,0.00011893308692378923
292.7744606341075,0.9977647066116333,0.00011915828508790582
292.79489334516256,0.998185396194458,0.00011918044037884101
292.81532595620956,0.9986316561698914,0.00011920569522771984
292.83575876714895,0.9988204836845398,0.00011922314297407866
292.85619147797115,0.999359667301178,0.00011923119745915756
292.8766240886762,0.9990859031677246,0.0001192395284306258
292.89705689925904,0.9996697902679443,0.000119253687444143
292.91748950984766,0.9998404383659363,0.00011927704326808453
292.9379222201969,1.000361680984497,0.00011928026651730761
292.95835493055347,1.0005121231079102,0.00011930000619031489
292.9787876407936,1.001226544380188,0.00011931968037970364
292.9992203509173,1.0018994808197021,0.0001193427451653406
293.01965306091734,1.0022647380828857,0.00011934399663005024
293.0400857708082,1.0026646852493286,0.00011939762043766677
293.0605184805754,1.0031931400299072,0.00011945462028961629
293.0809511903499,1.0036808252334595,0.00011944756261073053
293.1013838998915,1.003823161125183,0.00011949242616537958
293.12181660943315,1.004146933555603,0.00011949334293603897
293.1422493188511,1.0045030117034912,0.00011951816850341856
293.16268192815915,1.0047130584716797,0.00011951319174841046
293.183114737345,1.0048279762268066,0.00011952507338719442
293.203547446421,1.0046530961990356,0.00011951467604376376
293.2239800554962,1.0047345161437988,0.0001195274235215038
293.2444128643401,1.0048362016677856,0.00011951501801377162
293.264845573176,1.004655122756958,0.00011950785847147927
293.2852782819027,1.0042412281036377,0.00011951339547522366
293.3057108905123,1.0038304328918457,0.00011948358587687835
293.32614369899966,1.003369688987732,0.0001194758660858497
293.34657640737714,1.002776026725769,0.00011940419790335
293.36700901575387,1.002210021018982,0.00011935157090192661
293.387441823892,1.0016144514083862,0.00011933320638490841
293.40787453203666,1.0009735822677612,0.000119279749924317
293.42830714005686,1.0005269050598145,0.00011927812010981143
293.46917265576485,0.9994223117828369,0.00011920452379854396
293.4896052635595,0.9990071654319763,0.00011920155520783737
293.5100379711148,0.9980596899986267,0.00011914221249753609
293.53047077867814,0.998048722743988,0.00011917390656890348
293.55090338611626,0.9970951080322266,0.00011913150228792801
293.571336093446,0.9968665838241577,0.00011912109039258212
293.5917689006601,0.9964595437049866,0.00011909503518836573
293.61220160774974,0.9962975382804871,0.00011908044689334929
293.6326342147295,0.9959897994995117,0.00011904648272320628
293.65306692171,0.9957308769226074,0.0001190828625112772
293.67349972856755,0.9953797459602356,0.00011905450810445473
293.69393233531446,0.9946908950805664,0.00011904267739737406
293.7143650419457,0.9942806959152222,0.00011901812831638381
293.73479784845404,0.9941428303718567,0.0001190337716252543
293.7552304548517,0.9937826991081238,0.00011901860125362873
293.7756631612501,0.9941728711128235,0.00011902201367774978
293.7960959675256,0.994113028049469,0.00011904150596819818
293.81652857369045,0.9944044351577759,0.00011904424172826111
293.8369612797396,0.9950520396232605,0.00011908524902537465
293.8573939856724,0.995328962802887,0.000119084092148114
293.87782669148146,0.9958073496818542,0.00011911293404409662
293.8982593972978,0.9961159229278564,0.0001191145129268989
293.91869210299046,0.9964540004730225,0.00011912353511434048
293.939124808574,0.9966445565223694,0.00011913740308955312
293.9595575140411,0.9971126914024353,0.00011915161303477362
293.979990119391,0.9972159266471863,0.00011916165385628119
294.0004228247344,0.997956395149231,0.00011920078395633027
294.02085562996945,0.9980608820915222,0.00011919278040295467
294.0412882349701,0.9985845685005188,0.00011920103133888915
294.0617209399643,0.9992735981941223,0.00011923682905035093
294.0821537449665,0.9999173879623413,0.00011927470768569037
294.10258634973434,1.0005369186401367,0.00011930110485991463
294.12301905449567,1.0009791851043701,0.00011932577035622671
294.1434518590322,1.0015583038330078,0.00011934262147406116
294.1638845635607,1.0017356872558594,0.0001193743955809623
294.1843171679793,1.002647042274475,0.0001194010692415759
294.2047498723987,1.0030457973480225,0.00011945512233069167
294.225182676586,1.0032849311828613,0.00011945648293476552
294.24561528076447,1.0038448572158813,0.0001194715587189421
294.2660479848346,1.0038409233093262,0.00011950745101785287
294.2864807887818,1.0041546821594238,0.00011948432074859738
294.3069133926183,1.0043200254440308,0.00011951788474107161
294.32734609633917,1.0042290687561035,0.00011950801126658916
294.34777880006004,1.0041786432266235,0.00011950825137319043
294.3682115036572,1.0041804313659668,0.00011950644693570212
294.38864420714526,1.004386067390442,0.0001195267541334033
294.4090769105169,1.0042091608047485,0.00011950697808060795
294.42950961388124,1.0042378902435303,0.00011950149200856686
294.44994231702003,1.0040621757507324,0.0001194989526993595
294.4703750201588,1.0040247440338135,0.00011949852341786027
294.4908078231747,1.0037115812301636,0.00011947638267884031
294.5112404260799,1.0036624670028687,0.00011947490565944463
294.53167312898586,1.0034263134002686,0.00011944767175009474
294.55210573165095,1.0029138326644897,0.000119426054880023
294.57253853432485,1.0026425123214722,0.00011941009142901748
294.59297123688157,1.0021541118621826,0.00011936871305806562
294.61340383943025,1.0016324520111084,0.00011932536290260032
294.6338366417549,1.0011470317840576,0.00011931542394449934
294.6542693440788,1.0010325908660889,0.00011931527842534706
294.67470204616257,1.0003877878189087,0.00011929004540434107
294.6951346483693,1.0001376867294312,0.00011927223386010155
294.7155674503447,0.9996401071548462,0.0001192483032355085
294.73600015219563,0.9991728067398071,0.00011922179692192003
294.7564327540531,0.9975177645683289,0.0001191425253637135
294.77686555579567,0.9895378947257996,0.00011879450175911188
294.7972982574138,0.9851949214935303,0.00011857867502840236
294.817730858922,0.9841331839561462,0.00011854296462843195
294.83816366043175,0.9837700128555298,0.00011851269664475694
294.85859636181704,0.9842274785041809,0.00011853691103169695
294.8790289630924,0.9862677454948425,0.00011863234976772219
294.89946166425216,0.9943593740463257,0.00011901506513822824
294.9198943654046,0.9985405802726746,0.00011920111865038052
294.9403270663315,0.9989409446716309,0.0001191933624795638
294.9607597672584,0.9994404911994934,0.0001192396302940324
294.9811925680624,0.9999500513076782,0.00011924889258807525
295.0016251687557,1.0001496076583862,0.00011925906437681988
295.0220578694498,1.0006548166275024,0.00011927920422749594
295.0424904700194,1.0010313987731934,0.00011930213804589584
295.0629232704814,1.0010230541229248,0.00011932496272493154
295.08335597082623,1.0013004541397095,0.00011932649067603052
295.10378867104737,1.001546859741211,0.00011933533824048936
295.1242213712758,1.0021781921386719,0.00011940756667172536
295.1446540713878,1.002676010131836,0.00011942972196266055
295.1650866713753,1.0031458139419556,0.00011944504512939602
295.18551947137166,1.0036710500717163,0.00011943800200242549
295.2059521711344,1.0050047636032104,0.00011953781358897686
295.2263848708899,1.0051206350326538,0.00011951554915867746
295.24681747053546,1.0048843622207642,0.00011951851774938405
295.26725027006614,1.0052651166915894,0.00011951506166951731
295.2876829695888,1.0051829814910889,0.00011952831846429035
295.30811556900153,1.0050667524337769,0.00011951462511206046
295.3285483682994,1.0055196285247803,0.00011954134242841974
295.3489810674728,1.0052396059036255,0.00011954103683819994
295.3694136666527,1.0052088499069214,0.0001195286531583406
295.3898464656013,1.0049868822097778,0.00011952789645874873
295.41027916454186,1.0046061277389526,0.00011949957843171433
295.43071176348894,1.004083275794983,0.00011947777238674462
295.45114446220396,1.0037260055541992,0.00011945695587201044
295.47157726091245,1.0031658411026,0.00011942827404709533
295.49200995951105,1.002644658088684,0.00011941407865379006
295.5124425579925,1.0019824504852295,0.00011932765482924879
295.53287535646814,1.0011745691299438,0.00011930110485991463
295.5533080547175,1.0007344484329224,0.00011926268780371174
295.5737406529661,0.9998415112495422,0.0001192388663184829
295.59417335120816,0.9990852475166321,0.00011922245903406292
295.61460614922544,0.9988129734992981,0.00011920339602511376
295.6350387472412,0.9981277585029602,0.0001191700212075375
295.655471445134,0.997527539730072,0.00011913163325516507
295.6759042429185,0.9971565008163452,0.00011912670743186027
295.696336840585,0.9966465830802917,0.00011910613829968497
295.716769538245,0.9960657954216003,0.00011906271538464352
295.7372023357966,0.995625376701355,0.00011904339771717787
295.7576349333467,0.9952724575996399,0.00011902226106030867
295.77806763065746,0.9949135184288025,0.00011903698759851977
295.7985003279755,0.9942911863327026,0.00011898376396857202
295.81893312517786,0.9940865635871887,0.00011898837692569941
295.839365722255,0.9938228726387024,0.0001189562026411295
295.8597984193402,0.9930033683776855,0.00011892458132933825
295.88023121630977,0.9928954243659973,0.00011892533075297251
295.9006638131541,0.9932024478912354,0.00011890585301443934
295.92109650989005,0.9930943846702576,0.00011892750626429915
295.94152910662524,0.9934611916542053,0.00011894483031937853
295.96196190323826,0.9935696721076965,0.00011894608906004578
295.9823945997414,0.9941734671592712,0.00011897394870175049
296.0028272961281,0.9945055246353149,0.00011899075616383925
296.0232599925075,0.9944971203804016,0.00011900199751835316
296.0436926887778,0.9950405955314636,0.00011901148536708206
296.0641252849309,0.9953218698501587,0.00011904120037797838
296.0845580810783,0.9957958459854126,0.00011905766587005928
296.10499077711575,0.9961773157119751,0.00011908703891094774
296.125423373036,0.9967747330665588,0.00011909233580809087
296.1458560688334,0.9972543120384216,0.00011912316404050216
296.1662888646388,0.9978965520858765,0.00011914569040527567
296.1867214603262,0.9984927177429199,0.00011916835501324385
296.207154155898,0.999284565448761,0.00011921388795599341
296.2275869513469,0.9997096657752991,0.00011923148849746212
296.2480195468015,1.0001912117004395,0.00011926458682864904
296.2684522421332,1.0007187128067017,0.00011927533341804519
296.2888849374722,1.0011818408966064,0.00011930915206903592
296.3093176325783,1.0018125772476196,0.0001193608550238423
296.32975032768445,1.0025131702423096,0.00011940058175241575
296.3501830226669,1.0026435852050781,0.00011940798140130937
296.3706158176574,1.003105640411377,0.00011943269055336714
296.39104841240624,1.0034030675888062,0.00011945110600208864
296.41148110727954,1.004054307937622,0.00011946772428927943
296.4523464965605,1.0040265321731567,0.00011946045560762286
296.4727791910773,1.004210352897644,0.00011947057646466419
296.49321178548416,1.0046753883361816,0.00011949740292038769
296.5136445797689,1.0044978857040405,0.00011946716404054314
296.5340772740601,1.0044337511062622,0.00011948050087084994
296.5545099682349,1.0044560432434082,0.00011946730228373781
296.59537535634445,1.0037031173706055,0.00011943865683861077
296.61580805028643,1.003364086151123,0.00011944688594667241
296.6362406442204,1.0031578540802002,0.00011944747529923916
296.6566734379303,1.0027551651000977,0.00011941362754441798
296.67710613163945,1.0024763345718384,0.0001194144060718827
296.6975387252314,1.0019162893295288,0.0001193569041788578
296.71797151881765,1.0013258457183838,0.0001193066273117438
296.738404212294,1.000562071800232,0.00011926906881853938
296.75883680564584,1.0001475811004639,0.0001192705167341046
296.7792695988901,0.9993479251861572,0.00011922977864742279
296.7997022921336,0.9992231726646423,0.00011920922406716272
296.8201348852599,0.9985106587409973,0.00011920494580408558
296.8405675783797,0.9983403086662292,0.00011918139352928847
296.8610003712747,0.9980291128158569,0.0001191689952975139
296.8814330641617,0.9977533221244812,0.00011917093070223927
296.90186565705517,0.9960119724273682,0.00011907766747754067
296.92229844971735,0.9879242777824402,0.00011870371963595971
296.9427311423715,0.9843059778213501,0.00011851583258248866
296.9631637349157,0.9830437302589417,0.00011846740380860865
296.9835965274615,0.9833323955535889,0.00011848638678202406
297.0040292198828,0.9837871193885803,0.00011850719602080062
297.0244618121942,0.9864249229431152,0.0001186384106404148
297.0448945045064,0.9942188858985901,0.00011898392403963953
297.0653271965857,0.9986743927001953,0.00011921015538973734
297.0857598886578,0.9989571571350098,0.00011919168900931254
297.1061925807371,0.9991933107376099,0.00011920612450921908
297.12662527269276,0.9997687935829163,0.00011925736180273816
297.1470579645393,1.0003433227539062,0.00011924551654374227
297.16749065626936,1.0007126331329346,0.0001192913405247964
297.1879232479987,1.0012869834899902,0.0001193005737150088
297.20835603960586,1.0013319253921509,0.00011934302165172994
297.22878873121954,1.002337098121643,0.00011938313400605693
297.24922132271604,1.0027732849121094,0.00011943360004806891
297.2696541140904,1.0033704042434692,0.00011943539720959961
297.2900868053548,1.0038261413574219,0.00011946338781854138
297.3105193966185,1.0043120384216309,0.00011947363964281976
297.33095218776,1.0050323009490967,0.0001194979267893359
297.3513848787916,1.0053775310516357,0.00011952323984587565
297.3718174698224,1.0052735805511475,0.00011952343629673123
297.3922501607303,1.0059473514556885,0.00011954768706345931
297.4126829516463,1.0060962438583374,0.00011956008529523388
297.43311564232863,1.0062836408615112,0.00011953360080951825
297.45354823311936,1.0063865184783936,0.00011957715469179675
297.47398102368606,1.0062065124511719,0.00011953158536925912
297.49441371424473,1.0061635971069336,0.00011955503578064963
297.5148463046935,1.0062050819396973,0.00011956150410696864
297.5352789950266,1.0059808492660522,0.00011954174260608852
297.5557117853605,1.005372166633606,0.00011952516797464341
297.57614437556913,1.0049731731414795,0.00011949920008191839
297.5965770657858,1.004317045211792,0.00011947013263124973
297.6170098558796,1.0037192106246948,0.00011944283323828131
297.6374424458627,1.0034642219543457,0.00011942202399950475
297.65787513584655,1.0020396709442139,0.00011938458192162216
297.67830792571476,1.0016378164291382,0.00011935333895962685
297.6987406154585,1.0007685422897339,0.0001193094503832981
297.7191732050924,1.0000042915344238,0.00011922208068426698
297.739605894727,0.9992097616195679,0.00011920556426048279
297.7600386843551,0.998619556427002,0.00011917793017346412
297.7804712737561,0.998130738735199,0.00011914013884961605
297.8009039631579,0.9972252249717712,0.00011910966713912785
297.8213367525532,0.9968258738517761,0.0001190541879623197
297.8417693418378,0.996465265750885,0.00011901443940587342
297.86220203100675,0.99570232629776,0.00011899040691787377
297.88263462005125,0.9953851103782654,0.0001189840622828342
297.90306740910455,0.9947189688682556,0.00011894464842043817
297.9235000980407,0.9941919445991516,0.00011891102622030303
297.9439327869695,0.9937229752540588,0.00011892801558133215
297.9643654756728,0.9933992028236389,0.00011891108442796394
297.98479816449253,0.9928873181343079,0.00011887953587574884
298.00523085307213,0.99241703748703,0.00011885248386533931
298.0256636416598,0.9922809600830078,0.0001188401147373952
298.0460962302459,0.9921342730522156,0.00011885153071489185
298.0665289187091,0.9922882318496704,0.000118821750220377
298.08696150706237,0.9922789931297302,0.00011883385013788939
298.10739429530076,0.992819607257843,0.0001188503738376312
298.1278269835311,0.9932951927185059,0.0001188782334793359
298.1482595716516,0.9934727549552917,0.000118906500574667
298.16869235977356,0.9940983653068542,0.00011890881432918832
298.1891250477711,0.9941532015800476,0.00011893593909917399
298.2095576356587,0.9946362376213074,0.00011893687042174861
298.22999042354786,0.9951183199882507,0.00011897001968463883
298.2504230113118,0.9956366419792175,0.00011899481614818797
298.27085569896735,0.9964008331298828,0.00011905095016118139
298.2912883866229,0.99713134765625,0.00011908581655006856
298.31172117427195,0.9980568289756775,0.00011909283784916624
298.3321537616939,0.998381495475769,0.00011910717148566619
298.35258644911664,0.9993582963943481,0.00011918214295292273
298.37301923641644,1.0002872943878174,0.00011925816215807572
298.393451823722,1.0010027885437012,0.00011930118489544839
298.4138845110283,1.001757264137268,0.0001193192510982044
298.4343171980945,1.0024844408035278,0.00011937016824958846
298.454749885168,1.0027685165405273,0.00011937009549001232
298.47518257212505,1.003512978553772,0.00011942152195842937
298.49561525907484,1.0038679838180542,0.00011943512072321028
298.5160479459155,1.0045580863952637,0.00011948728933930397
298.53648063275614,1.0044655799865723,0.0001194871510961093
298.5569133193567,1.0051312446594238,0.00011952238128287718
298.5773461060817,1.0052604675292969,0.00011952663044212386
298.5977786925723,1.005123496055603,0.00011952141358051449
298.61821137905645,1.005455493927002,0.00011952724889852107
298.6386439655471,1.005279779434204,0.00011952267232118174
298.65907675192284,1.0052467584609985,0.00011951714986935258
298.67950943817414,1.0049943923950195,0.00011949511826969683
298.69994202443195,1.0047153234481812,0.0001194972574012354
298.72037481057487,1.0043182373046875,0.00011947553866775706
298.74080749659333,1.0041487216949463,0.00011946988524869084
298.7612401826191,1.0035009384155273,0.00011945976439164951
298.78167276852764,1.0031334161758423,0.00011942052515223622
298.80210555443045,1.0022691488265991,0.00011936648661503568
298.82253824022337,1.0021235942840576,0.00011936246301047504
298.8429708258991,1.0012953281402588,0.00011930461914744228
298.8634036115691,1.0009665489196777,0.00011929456377401948
298.88383629712916,1.0003105401992798,0.00011927934247069061
298.9042688826885,1.0000519752502441,0.00011922884732484818
298.92470166812564,0.9993792176246643,0.00011917052324861288
298.9451343535693,0.9990777373313904,0.00011914609058294445
298.9655669388958,0.9985775351524353,0.00011911139881704003
298.98599962409935,0.9981942176818848,0.00011910111061297357
299.00643240931095,0.9977900981903076,0.00011909557360922918
299.0268649944046,0.9976909756660461,0.00011909396562259644
299.04729767937533,0.9956597089767456,0.00011899050150532275
299.0677304643541,0.9874277114868164,0.00011862356041092426
299.0881631493321,0.983748197555542,0.00011841374362120405
299.10859573418566,0.983294665813446,0.00011840404476970434
299.1290285189316,0.9823487401008606,0.00011838378122774884
299.149461103676,0.9839021563529968,0.0001184251086669974
299.1698937882975,0.9863244891166687,0.00011858814832521603
299.19032647280983,0.9944123029708862,0.00011894070485141128
299.2107591573222,0.9985388517379761,0.000119122771138791
299.2311918417108,0.9990164041519165,0.00011914532660739496
299.25162452610675,0.9997851252555847,0.0001191687915707007
299.27205721038627,0.9999451637268066,0.00011923169950023293
299.2924898946585,1.0008728504180908,0.00011927501327591017
299.3129225788216,1.0014442205429077,0.00011932655615964904
299.3333551628675,1.0020461082458496,0.00011936084774788469
299.3537879469077,1.0026755332946777,0.00011937160888919607
299.37422063095437,1.0030596256256104,0.00011941129923798144
299.39465321476746,1.0035326480865479,0.00011943782010348514
299.43551868238865,1.0049996376037598,0.00011950895714107901
299.4559512660853,1.0053883790969849,0.00011951395572395995
299.47638404977624,1.0057451725006104,0.00011954113142564893
299.49681673335726,1.0062479972839355,0.00011954287037951872
299.5172493168211,1.0066817998886108,0.00011956414527958259
299.5376820002857,1.006553053855896,0.00011959351104451343
299.5581147836274,1.006662130355835,0.00011956619709962979
299.5785473669748,1.0064815282821655,0.00011958462710026652
299.5989800501993,1.0067886114120483,0.00011957713286392391
299.61941283343185,1.0068811178207397,0.00011958425602642819
299.6398455165472,1.0066872835159302,0.00011957560491282493
299.6602780995454,1.0064654350280762,0.00011959371477132663
299.68071078253706,1.005440592765808,0.00011952842760365456
299.70114356553677,1.005366563796997,0.00011952571367146447
299.72157614829484,1.004577875137329,0.00011948210885748267
299.7420088311774,1.004228115081787,0.00011947564053116366
299.76244161382783,1.0035536289215088,0.00011945966980420053
299.7828741965932,1.0026103258132935,0.00011941164848394692
299.8033068791192,1.0019168853759766,0.00011936800729017705
299.82373966165324,1.0014019012451172,0.00011933846690226346
299.8441722441785,1.0009455680847168,0.00011926721344934776
299.86460492659535,1.0000264644622803,0.00011921581608476117
299.8850376088958,0.9991121292114258,0.00011916328367078677
299.90547039118974,0.9983869791030884,0.0001191391347674653
299.9259029734894,0.9977366924285889,0.00011909678141819313
299.94633565555705,0.9973092675209045,0.00011906194413313642
299.9667684377346,0.9963839054107666,0.00011902357800863683
299.987201019685,0.9958418011665344,0.00011902329424628988
300.00763370175264,0.9952871799468994,0.00011898283992195502
300.02806628358667,0.9943841695785522,0.00011894212366314605
300.04849906541494,0.993826687335968,0.00011891775648109615
300.06893174724974,0.993421196937561,0.00011888183507835492
300.0893643289601,0.9928613901138306,0.00011886695574503392
300.1097971106792,0.9923647046089172,0.00011885246931342408
300.13022979216476,0.9918002486228943,0.00011882317630806938
300.15066247375944,0.9913855195045471,0.00011879498197231442
300.171095155245,0.9911061525344849,0.00011879196244990453
300.1915278366141,0.9916499257087708,0.00011882057879120111
300.2119604179752,0.9909822940826416,0.00011878423538291827
300.23239309934434,0.9909933805465698,0.00011877462384290993
300.2528258804814,0.9911653995513916,0.00011879406520165503
300.27325846173335,0.991767406463623,0.00011883310799021274
300.29369114274596,0.9921970367431641,0.0001188413953059353
300.314123923883,0.9923354983329773,0.0001188521200674586
300.33455650477845,0.9926995635032654,0.00011885614367201924
300.3754218665854,0.9937545657157898,0.00011888193694176152
300.39585454737244,0.9942395687103271,0.00011893099872395396
300.4162872281522,0.995040237903595,0.00011896782962139696
300.43671990882285,0.9955804347991943,0.00011897813965333626
300.4571525894862,0.9969306588172913,0.00011903559061465785
300.47758527004044,0.9974940419197083,0.00011907672160305083
300.49801795047824,0.9986605644226074,0.00011912933405255899
300.51845073090954,0.9992823004722595,0.00011914462083950639
300.5388833113466,1.0000184774398804,0.00011923813144676387
300.559315991668,1.0007997751235962,0.00011927096056751907
300.5797485719886,1.00263249874115,0.00011938758689211681
300.60018135207065,1.0020238161087036,0.00011934237409150228
300.6206140322756,1.0023868083953857,0.00011936247028643265
300.6410467123642,1.0030661821365356,0.00011937353701796383
300.66147939232906,1.0038647651672363,0.00011941981210839003
300.6819120723012,1.0038152933120728,0.00011941628326894715
300.7023447522661,1.0042011737823486,0.00011942167475353926
300.7227774321218,1.00493323802948,0.00011947235179832205
300.7432101118611,1.0050532817840576,0.00011944716970901936
300.76364279160043,1.0052870512008667,0.00011949362669838592
300.7840753713317,1.0052601099014282,0.00011948120663873851
300.80450815095537,1.005321741104126,0.00011946390441153198
300.8249408304546,1.0052173137664795,0.00011948146857321262
300.8453734099603,1.0049338340759277,0.0001194557044073008
300.86580618946755,1.004713773727417,0.00011946247104788199
300.8862388688576,1.0042378902435303,0.00011943183926632628
300.90667144812323,1.0040208101272583,0.00011940854892600328
300.9271041273969,1.0035241842269897,0.00011939683463424444
300.947536906664,1.002983570098877,0.0001193500283989124
300.96796958582127,1.001888632774353,0.00011932764027733356
300.9884021648613,1.0013610124588013,0.00011930278560612351
301.0088349439029,1.001049518585205,0.0001192851850646548
301.02926762293646,1.00027596950531,0.00011923668353119865
301.0497002018601,0.9996734857559204,0.00011921417899429798
301.0701329806616,0.9993405938148499,0.00011916784569621086
301.0905656594696,0.9988960027694702,0.00011912165791727602
301.1109982382768,0.9988425374031067,0.00011912622721865773
301.1314309169684,0.9983965158462524,0.00011912927584489807
301.15186369565345,0.998137891292572,0.00011907375301234424
301.17229627422785,0.9978029131889343,0.00011907709995284677
301.192728952803,0.9955107569694519,0.00011895581701537594
301.21316173125524,0.9876991510391235,0.00011855198681587353
301.2335943097132,0.9838701486587524,0.00011841812374768779
301.25402698805556,0.9840251803398132,0.00011838143109343946
301.2744596663906,0.9834910035133362,0.00011836909834528342
301.2948923446165,0.9845107197761536,0.00011841571540571749
301.31532502284244,0.9876032471656799,0.00011855818593176082
301.33575770094467,0.9956212639808655,0.00011896953947143629
301.35619037905417,0.9996537566184998,0.00011920265387743711
301.37662305704725,0.9999139308929443,0.00011922607518499717
301.3970556350323,1.0001535415649414,0.0001192362979054451
301.41748841302615,1.000712513923645,0.00011924145655939355
301.4379210909028,1.0013790130615234,0.00011928102321689948
301.45835366865504,1.0021358728408813,0.00011928577441722155
301.4787863464153,1.0024592876434326,0.00011931353947147727
301.4992191241763,1.003116250038147,0.00011934799840673804
301.51965180181287,1.0035945177078247,0.00011936438386328518
301.54008437933953,1.0041006803512573,0.00011937335511902347
301.56051715697686,1.0047281980514526,0.000119409327453468
301.58094983438787,1.0049127340316772,0.00011941656703129411
301.6013824119145,1.0054397583007812,0.00011941008415305987
301.6218151892099,1.0056660175323486,0.00011944668221985921
301.6422478666136,1.0059080123901367,0.00011945869482588023
301.66268044390745,1.0058540105819702,0.00011944661673624068
301.6831131210856,1.0059731006622314,0.0001194691431010142
301.7035458982573,1.0058752298355103,0.00011946260201511905
301.7239784754347,1.005981683731079,0.00011945536971325055
301.74441115249647,1.0055840015411377,0.00011946429731324315
301.7648439294353,1.0057861804962158,0.00011946119775529951
301.7852765063799,1.0053850412368774,0.00011947943130508065
301.80570918332523,1.0048877000808716,0.00011941947013838217
301.82614196014765,1.004559874534607,0.00011940801778109744
301.8465746369766,1.0039583444595337,0.00011937124509131536
301.86700721380475,1.003494143486023,0.00011934358917642385
301.8874398903936,1.002549648284912,0.00011932307097595185
301.90787266710686,1.0021166801452637,0.0001192775453091599
301.9283052437022,1.001412272453308,0.00011925487342523411
301.9487379201746,1.0013387203216553,0.00011924011778319255
301.96917069677147,1.000988245010376,0.00011923016427317634
301.989603273134,0.9999834299087524,0.0001191955161630176
302.0100359496064,0.9994791746139526,0.00011917783558601514
302.03046862585325,0.9989690184593201,0.00011914446804439649
302.0509013022165,0.997864842414856,0.00011904569691978395
302.0713339784561,0.9973198771476746,0.00011902765982085839
302.09176665458654,0.9967256188392639,0.00011899696983164176
302.11219943071774,0.9963015913963318,0.0001189641043310985
302.13263200684014,0.9957275986671448,0.00011889917368534952
302.15306468285416,0.9950910806655884,0.00011890484893228859
302.1734974588617,0.9947280883789062,0.00011886866559507325
302.1939300347585,0.9943464994430542,0.00011884250852745026
302.21436271065613,0.9938970804214478,0.00011881070531671867
302.234795286553,0.9932264685630798,0.00011876521602971479
302.25522806232766,0.9928911328315735,0.00011876676580868661
302.27566073799244,0.992591917514801,0.00011872410686919466
302.29609331365646,0.9917265772819519,0.00011871645983774215
302.3165260893147,0.991675853729248,0.00011870251182699576
302.3369587649795,0.9913653135299683,0.00011871683818753809
302.3573913404107,0.9916033744812012,0.00011871205060742795
302.37782411595254,0.9914407730102539,0.000118686628411524
302.41868936681567,0.9922309517860413,0.00011873363109771162
302.4391220421239,0.992407500743866,0.00011874199844896793
302.4595548174402,0.9927095174789429,0.00011876635835506022
302.4799873926386,0.9931634664535522,0.00011874065967276692
302.5004200678304,0.9934584498405457,0.00011879089288413525
302.5208528430303,0.9939552545547485,0.00011883403931278735
302.54128541811224,0.9945635795593262,0.00011885951244039461
302.56171809318766,0.9949995279312134,0.00011886102583957836
302.58215076815395,0.9961095452308655,0.00011892738257301971
302.60258344312024,0.9962398409843445,0.00011896311480086297
302.62301611796283,0.9971425533294678,0.00011900590470759198
302.6434487928127,0.9980742335319519,0.00011907118459930643
302.6638814676626,0.998271644115448,0.00011910628381883726
302.68431414238876,0.9991958737373352,0.00011914440983673558
302.7047468171222,0.9997524619102478,0.00011916551738977432
302.72517959185643,1.000623345375061,0.0001192036725115031
302.74561216646543,1.0011708736419678,0.00011922498379135504
302.76604484096606,1.0022348165512085,0.00011929517495445907
302.78647741558234,1.0025396347045898,0.00011930204345844686
302.80691018996004,1.0025376081466675,0.00011930305481655523
302.82734286446066,1.0031330585479736,0.00011931212793570012
302.84777553884487,1.0035498142242432,0.00011932968482142314
302.8682082132218,1.0039557218551636,0.00011933498899452388
302.8886408874896,1.0045499801635742,0.00011938464012928307
302.9090735617574,1.005001425743103,0.00011943782737944275
302.9295062359015,1.004860520362854,0.00011940075637539849
302.9499389100529,1.0044622421264648,0.0001193794232676737
302.97037158420426,1.0038834810256958,0.00011935718066524714
302.99080415823846,1.004022240638733,0.00011936743976548314
303.0112369322669,1.0036190748214722,0.0001193721909658052
303.0316696063019,1.003442406654358,0.00011935928341699764
303.0521021802124,1.0031028985977173,0.00011935405927943066
303.0725349540153,1.0025848150253296,0.00011931579501833767
303.09296762793383,1.002166748046875,0.00011927318701054901
303.1134002017279,1.0015416145324707,0.0001192588679259643
303.13383287541365,1.0010789632797241,0.00011923209967790172
303.1542656491001,1.0004875659942627,0.00011921305122086778
303.17469832277857,0.999809205532074,0.00011920335964532569
303.1951308964635,0.9996177554130554,0.00011918245581910014
303.2155636700336,0.9992559552192688,0.00011916280345758423
303.2359963434792,0.9987574219703674,0.0001191270857816562
303.25642891704774,0.9987803101539612,0.0001190869661513716
303.276861690385,0.9984844326972961,0.0001190900948131457
303.2972942638298,0.9983358383178711,0.00011906326108146459
303.3177269371663,0.9982495903968811,0.00011902075493708253
303.33815961050277,0.9958940744400024,0.00011891159374499694
303.35859228371555,0.9875491261482239,0.00011849575821543112
303.3790249569356,0.9840783476829529,0.00011837591591756791
303.39945763015567,0.9838578701019287,0.00011835073382826522
303.41989030325203,0.9836593270301819,0.00011835248005809262
303.4403229763557,0.9843878746032715,0.00011838615318993106
303.4607556494593,0.9873167872428894,0.00011849827569676563
303.4811882224458,0.9958234429359436,0.0001189262475236319
303.5016209954265,0.9991106986999512,0.00011910047032870352
303.5220536684137,0.9999892711639404,0.00011914296192117035
303.5424862412765,1.000518798828125,0.00011916350922547281
303.56291901414806,1.001079797744751,0.00011917936353711411
303.58335168690246,1.0013095140457153,0.00011922917474294081
303.6037842596561,1.001731276512146,0.00011922162229893729
303.624217032404,1.0023221969604492,0.0001192750278278254
303.64464970504196,1.0029653310775757,0.0001193160205730237
303.6650822776719,1.0034922361373901,0.00011931516928598285
303.6855149503099,1.004055142402649,0.00011933573841815814
303.7059477228322,1.0041364431381226,0.0001193717762362212
303.7263803952301,1.0047481060028076,0.00011935785005334765
303.7468129677509,1.0047633647918701,0.0001193889620481059
303.7672457401568,1.0051138401031494,0.0001193842472275719
303.78767841255467,1.0054596662521362,0.00011939665273530409
303.80811098484264,1.005724310874939,0.00011939739488298073
303.82854375713214,1.0056142807006836,0.00011940319382119924
303.8489764294136,1.0053932666778564,0.0001193961434182711
303.86940900158515,1.0053825378417969,0.00011937427916564047
303.8898416737575,1.0051970481872559,0.00011938303214265034
303.9102744459233,1.0048329830169678,0.00011938042734982446
303.9307070179784,1.0046623945236206,0.00011935825023101643
303.9511396900343,1.0040569305419922,0.00011931311746593565
303.9715724620837,1.0040339231491089,0.00011934217036468908
303.99200503402244,1.003983497619629,0.00011929915490327403
304.01243770596193,1.0031520128250122,0.00011926082515856251
304.03287037789414,1.0030429363250732,0.00011924321734113619
304.053303149718,1.002699613571167,0.00011922077828785405
304.0737357215403,1.002423882484436,0.00011923702550120652
304.09416839336336,1.0019443035125732,0.00011919959797523916
304.1146011650635,1.0015075206756592,0.00011915691720787436
304.1350337367694,1.0011717081069946,0.00011917866504518315
304.15546640835237,1.0003827810287476,0.00011911054752999917
304.17589917994337,0.9998584389686584,0.0001191221090266481
304.19633175153285,0.9995468258857727,0.00011908595479326323
304.2167644231231,0.9986700415611267,0.00011905236897291616
304.23719709458965,0.99833744764328,0.00011903329141205177
304.2576297660635,0.9976794719696045,0.00011901602556463331
304.27806243753,0.99711012840271,0.00011893569171661511
304.29849510888744,0.9966024160385132,0.00011890630412381142
304.31892778024485,0.9960971474647522,0.00011889502638950944
304.33936045148585,0.9959217309951782,0.00011890547466464341
304.359793122836,0.9954581260681152,0.00011885585990967229
304.380225794077,0.9947384595870972,0.00011885021376656368
304.4006584651943,0.9946188926696777,0.00011881475802510977
304.4210911364353,0.9941537976264954,0.0001188148744404316
304.4415237075591,0.9935849905014038,0.00011879850353579968
304.461956478568,0.993602991104126,0.00011878564691869542
304.48238904968457,0.9932578802108765,0.00011876554344780743
304.50282172069274,0.9931998252868652,0.00011875811469508335
304.523254491578,0.9928390979766846,0.00011874231131514534
304.5436870625854,0.9931907653808594,0.00011874864139826968
304.5641197334771,0.9933333992958069,0.00011877538054250181
304.58455250436964,0.9941512942314148,0.00011881076352437958
304.6049851751377,0.9944062232971191,0.00011882756371051073
304.6254177459123,0.994724452495575,0.00011882842954946682
304.6458504166876,0.9951585531234741,0.00011884549894602969
304.66628318745643,0.9957029223442078,0.00011887682921951637
304.6867157581146,0.995832622051239,0.00011886624270118773
304.7071484287735,0.9963511228561401,0.00011890340101672336
304.7275811993095,0.9969756007194519,0.00011891000758623704
304.74801376996766,0.9971911907196045,0.00011898669617949054
304.7684464405029,0.9978957176208496,0.00011902025289600715
304.7888791110454,0.9983667731285095,0.00011904742132173851
304.8093117814715,0.9985072612762451,0.00011905496648978442
304.82974445189757,0.9995030760765076,0.00011909875320270658
304.8501771223164,0.9998818635940552,0.00011912776244571432
304.87060979262606,1.0002409219741821,0.00011912126501556486
304.89104246292845,1.0008889436721802,0.00011913537309737876
304.9114751332381,1.0010401010513306,0.00011916888615814969
304.93190790354856,1.0016369819641113,0.0001191853079944849
304.95234047374106,1.0019224882125854,0.00011920779797947034
304.97277314392704,1.002170205116272,0.00011920829274458811
304.99320571411954,1.0024120807647705,0.00011922956764465198
305.01363848418987,1.0026627779006958,0.00011923310376005247
305.0340711542667,1.0029441118240356,0.00011925016588065773
305.05450382434356,1.0030524730682373,0.00011926089791813865
305.0749364944204,1.0031182765960693,0.00011925165017601103
305.09536916437355,1.003144383430481,0.00011925309081561863
305.115801834334,1.00310480594635,0.00011924724094569683
305.13623450428713,1.0027271509170532,0.00011922264820896089
305.15666717413114,1.0026286840438843,0.00011923534475499764
305.17709984397516,1.002089500427246,0.00011921334225917235
305.1975324138184,1.0020780563354492,0.00011919641838176176
305.2179651836559,1.0013900995254517,0.00011917755182366818
305.2383978533835,1.000977873802185,0.00011915573122678325
305.25883042311034,1.0006036758422852,0.00011912891204701737
305.2792631928314,0.9999628067016602,0.00011912958143511787
305.2996958624426,0.9993667006492615,0.000119100404845085
305.32012843211123,0.9991673231124878,0.00011908679880434647
305.34056110171514,0.9986230731010437,0.0001190702460007742
305.3609938712689,0.998334527015686,0.00011904620623681694
305.4018591103086,0.9975619316101074,0.00011898486263817176
305.4222918797459,0.9975732564926147,0.0001189944232464768
305.4427244491817,0.9968858957290649,0.00011893952614627779
305.463157118611,0.9968989491462708,0.00011890994210261852
305.4835898879901,0.9941930770874023,0.00011879827070515603
305.5040224573095,0.9858134388923645,0.00011838924547191709
305.52445512662234,0.9832161664962769,0.00011827912385342643
305.5448876959417,0.9828571081161499,0.00011828046990558505
305.5653204651462,0.9827147126197815,0.00011826831905636936
305.5857531344009,0.9836493730545044,0.0001183101485366933
305.60618570354563,0.9867104887962341,0.00011847968562506139
305.6266184727501,0.9952303767204285,0.00011886056745424867
305.64705114183016,0.99840247631073,0.00011905081191798672
305.6674838109757,0.9989957809448242,0.00011906303552677855
305.6879164800048,0.9996841549873352,0.0001191101036965847
305.7083491490266,1.0003666877746582,0.00011910773173440248
305.7287818180557,1.0007177591323853,0.00011914657079614699
305.74921438708407,1.0008949041366577,0.00011915449431398883
305.76964715599024,1.0014276504516602,0.00011918128438992426
305.79007982490293,1.0021051168441772,0.00011921061377506703
305.81051239381486,1.0023915767669678,0.00011922587873414159
305.83094516266283,1.0032610893249512,0.00011926591832889244
305.8513778315173,1.0037057399749756,0.0001192796989926137
305.8718104003128,1.00407874584198,0.00011929250467801467
305.8922430691018,1.00448739528656,0.0001193111966131255
305.91267583784065,1.0054185390472412,0.00011935060319956392
305.9331085065205,1.0055752992630005,0.00011935355723835528
305.95354107525054,1.0058125257492065,0.00011936232476728037
305.97397384387295,1.00583815574646,0.00011936479131691158
305.9944065124946,1.005876898765564,0.00011937192175537348
306.0148390811082,1.0058432817459106,0.00011934185022255406
306.0352718496724,1.0057635307312012,0.00011935791553696617
306.05570451823587,1.0056606531143188,0.00011935405200347304
306.07613708673307,1.0054799318313599,0.00011933706264244393
306.0965697552383,1.0052967071533203,0.00011933239875361323
306.1170025236861,1.0050358772277832,0.00011933082714676857
306.1374350921251,1.004494071006775,0.00011930481559829786
306.1578677605721,1.0044244527816772,0.00011928936146432534
306.1783005289617,1.0038166046142578,0.00011927150626434013
306.1987330972843,1.0036696195602417,0.00011922961130039766
306.2191657656149,1.0031428337097168,0.00011922638077521697
306.23959853394626,1.0025126934051514,0.00011920971155632287
306.2600312022114,1.0020420551300049,0.00011918832024093717
306.28046377042483,1.0013446807861328,0.00011914897186215967
306.30089643869724,1.0007206201553345,0.00011912971967831254
306.3213292068467,1.0005598068237305,0.00011910651664948091
306.34176177500194,0.9998855590820312,0.00011908957822015509
306.36219444315793,0.9993140697479248,0.00011906040890607983
306.38262711124844,0.9992156624794006,0.00011905416613444686
306.4030597793462,0.998825192451477,0.0001190338225569576
306.423492447444,0.9983179569244385,0.00011900941899511963
306.44392521547707,0.9975108504295349,0.00011895556963281706
306.4643577834577,0.9970224499702454,0.00011894697672687471
306.48479045149725,0.9969101548194885,0.00011887486471096054
306.50522301941237,0.9963754415512085,0.0001188589449157007
306.5256557873945,0.9960899353027344,0.00011884859850397334
306.54608845525945,0.9956777691841125,0.00011883686238434166
306.5665210231746,0.9948893189430237,0.00011881285172421485
306.5869537910403,0.9945632219314575,0.00011878560326294973
306.60738645884703,0.9942565560340881,0.0001187652742373757
306.62781902670395,0.9944542050361633,0.0001187603993457742
306.6482516944525,0.995003879070282,0.0001187684028991498
306.6686844622018,0.9943215847015381,0.00011877161887241527
306.6891170299423,0.9950824975967407,0.00011879263911396265
306.7095496976908,0.9949775338172913,0.00011878908844664693
306.7299824653819,0.9948486089706421,0.00011879923840751871
306.7504150330642,0.9952906370162964,0.00011878625809913501
306.7708477006963,0.995229184627533,0.00011882501712534577
306.7912804683292,0.9958195686340332,0.00011883234401466325
306.81171313589584,0.9963083863258362,0.00011883716797456145
306.832145703469,0.9966287016868591,0.0001189061877084896
306.8525783710429,0.9968692660331726,0.00011889029701706022
306.8730111385521,0.9972094893455505,0.00011892995826201513
306.89344370606705,0.9979208707809448,0.00011896189243998379
306.91387637352454,0.9981082677841187,0.00011896221258211881
306.93430914097553,0.9983365535736084,0.00011897600052179769
306.95474170843227,0.9988988041877747,0.0001189934991998598
306.97517437583156,0.999152660369873,0.0001190064795082435
306.99560714322433,0.9994880557060242,0.00011901732796104625
307.01603971062286,1.00009286403656,0.0001190497205243446
307.03647237796395,1.0003459453582764,0.00011906059080502018
307.05690504523955,1.0007323026657104,0.00011908989836229011
307.07733771258063,1.001031756401062,0.00011909416934940964
307.0977703798635,1.0012128353118896,0.00011908922897418961
307.1182030470809,1.0014818906784058,0.00011909302702406421
307.1386358143063,1.0019358396530151,0.00011910762259503826
307.15906838153023,1.0017168521881104,0.00011912060290342197
307.1795010487476,1.002313494682312,0.00011911219189641997
307.19993381591485,1.0021735429763794,0.00011912391346413642
307.22036638308055,1.0020153522491455,0.00011911569890799001
307.2407990501815,1.0022047758102417,0.0001191154369735159
307.2612317172898,1.001623272895813,0.0001191060509881936
307.281664384398,1.0016921758651733,0.00011909597378689796
307.3020970514408,1.0012366771697998,0.00011908302985830233
307.32252971849084,1.0006886720657349,0.0001190712209790945
307.3429623855409,1.0007284879684448,0.00011906519648618996
307.36339505252545,1.000129222869873,0.00011904352868441492
307.3838277195173,1.0002295970916748,0.00011908436135854572
307.4042603865091,0.9992114305496216,0.00011899029777850956
307.4246930534355,0.9987854361534119,0.00011897693912032992
307.4451257203691,0.998546302318573,0.00011896689102286473
307.46555828724377,0.998206615447998,0.0001189414324471727
307.4859910541709,0.9976585507392883,0.00011892892507603392
307.5064237210463,0.9972442984580994,0.00011888302833540365
307.52685628786276,0.9971071481704712,0.00011889388406416401
307.54728905467346,0.996856689453125,0.0001188992100651376
307.5677216214899,0.9969875812530518,0.00011886769789271057
307.5881542883071,0.9964902997016907,0.00011881558020832017
307.60858695505885,0.9965965151786804,0.00011882163380505517
307.6290197218186,0.9938079714775085,0.0001186918598250486
307.64945228857687,0.9856852889060974,0.00011832949530798942
307.66988495527767,0.9831136465072632,0.00011819619248853996
307.69031772197195,0.9827151894569397,0.00011818683560704812
307.710750288672,0.9827299118041992,0.00011818150960607454
307.7311829553073,0.9837689995765686,0.00011823677050415426
307.75161572195066,0.9875730276107788,0.00011841092054964975
307.7720482885925,0.9958657026290894,0.00011877644283231348
307.79248095517687,0.9988332986831665,0.00011895666102645919
307.8129135217532,0.9993626475334167,0.00011898326920345426
307.83334628833836,0.999550998210907,0.00011898123193532228
307.85377895491547,1.0001955032348633,0.00011901996185770258
307.87421162144165,1.00058114528656,0.0001190475668408908
307.8946442879678,1.0012290477752686,0.0001190492621390149
307.9150769544358,1.0019490718841553,0.00011908903252333403
307.9355096209547,1.0023447275161743,0.00011909606109838933
307.9559423874234,1.0030783414840698,0.00011913245543837547
307.97637495388335,1.0036532878875732,0.0001191662231576629
307.9968076202931,1.0037987232208252,0.00011914445349248126
308.0172401867021,1.0042294263839722,0.00011918313248315826
308.03767295310536,1.0046992301940918,0.0001191905903397128
308.0581056195151,1.004819393157959,0.00011919821554329246
308.0785381858659,1.0052433013916016,0.00011923287820536643
308.09897095221095,1.0058938264846802,0.00011923834244953468
308.1194036185625,1.005954384803772,0.00011924165301024914
308.13983628491405,1.0061860084533691,0.0001192495838040486
308.1602689512001,1.006460189819336,0.00011927183368243277
308.18070161749347,1.0064784288406372,0.00011924318823730573
308.2011342837868,1.006252646446228,0.00011925482249353081
308.2215668500139,1.0060166120529175,0.00011923196143470705
308.2419996162498,1.0058352947235107,0.00011922694102395326
308.26243228248495,1.0056997537612915,0.00011922030535060912
308.2828648487193,1.0052785873413086,0.00011919686949113384
308.30329761494795,1.004752516746521,0.00011920015822397545
308.3237302811249,1.0043801069259644,0.00011915441427845508
308.3441628472938,1.0039234161376953,0.00011913280468434095
308.3850282795902,1.003136157989502,0.00011907767475349829
308.40546084570815,1.0025742053985596,0.00011905656720045954
308.4258935118196,1.00188410282135,0.00011902958794962615
308.4463262779391,1.0015565156936646,0.00011900558456545696
308.46675884399156,1.0007778406143188,0.0001190038092317991
308.4871915101103,1.0001589059829712,0.00011897292279172689
308.50762427617155,0.9994533061981201,0.00011893965711351484
308.5280568422313,0.9987505674362183,0.00011889730376424268
308.54848950822634,0.9983799457550049,0.00011887306027347222
308.5689222742294,0.9979997277259827,0.0001188651003758423
308.5893548402819,0.997388482093811,0.00011882473336299881
308.609787506226,0.9970294833183289,0.00011881461250595748
308.63022007222753,0.9970337748527527,0.00011879504745593295
308.6506528382306,0.9963032007217407,0.00011874922347487882
308.6710855041674,0.9962790012359619,0.00011872393224621192
308.6915181701115,0.9957538843154907,0.00011871937022078782
308.71195083604835,0.9952924847602844,0.00011868430010508746
308.73238350193424,0.9949724674224854,0.00011867946159327403
308.75281616787834,0.9948750734329224,0.0001186800145660527
308.7732488337642,0.9949724078178406,0.00011867438297485933
308.79368149964284,0.995211124420166,0.00011868451110785827
308.81411416552874,0.995370626449585,0.00011867949069710448
308.83454673135566,0.9959067106246948,0.00011871744936797768
308.85497949723504,0.9957873225212097,0.0001187095112982206
308.8754121630627,0.9964681267738342,0.00011874354822793975
308.89584472888964,0.9959874153137207,0.00011871928290929645
308.9162774947108,0.996123731136322,0.00011877436190843582
308.9367101604803,0.9964641332626343,0.00011875569907715544
308.9571427263072,0.996616542339325,0.00011880541569553316
308.9775754920702,0.9968913793563843,0.00011881523096235469
308.99800815783965,0.9973635673522949,0.00011882329999934882
309.0184408236091,0.9975863695144653,0.00011881919635925442
309.03887338937056,0.998031735420227,0.00011882997205248103
309.0593061550826,0.9985461831092834,0.00011884853302035481
309.0797388207866,0.9984914064407349,0.00011886388529092073
309.1001713865553,0.9989562630653381,0.00011886237189173698
309.12060415226733,0.9989709258079529,0.00011886424181284383
309.1410368179204,0.9991701245307922,0.00011887574510183185
309.1614693836236,1.0001094341278076,0.0001189324539154768
309.18190214933566,1.000043511390686,0.00011891782196471468
309.20233481498144,1.0009111166000366,0.00011896604701178148
309.22276738063374,1.0006520748138428,0.00011893136979779229
309.2432000462868,1.0009641647338867,0.00011895657371496782
309.2636328119406,1.0014320611953735,0.00011896435171365738
309.28406537758565,1.001566767692566,0.00011897608783328906
309.3044980431805,1.00149405002594,0.00011898110096808523
309.32493080876884,1.0016250610351562,0.00011895003990503028
309.3453634744219,1.0016560554504395,0.00011896686191903427
309.365796040016,1.0013597011566162,0.00011894581984961405
309.3862288056116,1.001875400543213,0.00011897744843736291
309.4066614711992,1.0019789934158325,0.00011900118988705799
309.4270940367933,1.00192391872406,0.00011899103265022859
309.4475267023299,1.0015653371810913,0.00011897157673956826
309.4679593678593,1.001334309577942,0.00011894260387634858
309.48839203345415,1.0013039112091064,0.00011894747149199247
309.5088246989908,1.0010770559310913,0.00011892365000676364
309.52925736452016,1.0006533861160278,0.00011893823102582246
309.5496900300568,1.0004456043243408,0.00011891025496879593
309.57012269553525,1.0003210306167603,0.00011890306632267311
309.5905553610646,0.9998229146003723,0.00011888719018315896
309.61098802660126,0.9994988441467285,0.00011882798571605235
309.6314206920797,0.9994202256202698,0.00011883699335157871
309.6518532575501,0.9987978339195251,0.00011880791862495244
309.6722860230293,0.9988774061203003,0.0001188278547488153
309.69271868850774,0.9982277154922485,0.00011879231897182763
309.71315125403635,0.9984135031700134,0.00011880334932357073
309.73358401945734,0.998051643371582,0.00011878988880198449
309.7540166849358,0.9982632398605347,0.00011877653741976246
309.7744492504062,0.9954181909561157,0.00011858716607093811
309.79488201582717,0.9875539541244507,0.00011824814282590523
309.8153146812401,0.9850602746009827,0.00011808930139523
309.83574734671856,0.9846181869506836,0.00011809251009253785
309.85617991213803,0.9849246740341187,0.00011810071009676903
309.876612677559,0.985472559928894,0.00011812758020823821
309.897045342972,0.989244818687439,0.00011831957817776129
309.91747790839145,0.9975107908248901,0.00011874793563038111
309.93791067380516,1.000218152999878,0.00011885113781318069
309.9583433392254,1.0005738735198975,0.00011886446736752987
309.97877590458666,1.0017821788787842,0.0001189244503621012
309.99920867000765,1.0017293691635132,0.00011892306065419689
310.0196413353624,1.0022203922271729,0.00011893001646967605
310.04007390078186,1.0022987127304077,0.00011893617920577526
310.0605065661439,1.0031037330627441,0.0001189681570394896
310.0809393315576,1.0032742023468018,0.0001189799586427398
310.10137189691886,1.0037693977355957,0.00011898704542545602
310.1218045622809,1.004095196723938,0.00011901751713594422
310.1422373276364,1.0044975280761719,0.00011903944687219337
310.1626699929984,1.0048751831054688,0.00011903523409273475
310.1831025583597,1.0051716566085815,0.00011905427527381107
310.2035353237152,1.0055146217346191,0.00011909191380254924
310.223967989019,1.005798578262329,0.00011908551095984876
310.24440055443847,1.0059518814086914,0.00011909733439097181
310.264833219735,1.006117582321167,0.00011911196634173393
310.2852659850978,1.0066438913345337,0.00011913126945728436
310.30569855045906,1.0064719915390015,0.0001191243645735085
310.3261312157556,1.0062860250473022,0.00011909111344721168
310.34656398106017,1.0065380334854126,0.00011910551984328777
310.36699654642143,1.006149411201477,0.00011910669127246365
310.3874292117762,1.0058766603469849,0.00011906040163012221
310.40786197708076,1.0054681301116943,0.00011907110456377268
310.4282945423838,1.005022406578064,0.0001190358743770048
310.44872720768035,1.0045592784881592,0.0001190242765005678
310.4691598730424,1.0041471719741821,0.00011901626567123458
310.4895925383462,1.0033793449401855,0.00011896578507730737
310.5100252036427,1.0024861097335815,0.00011893181363120675
310.53045786894654,1.0024096965789795,0.00011892059410456568
310.55089053430856,1.001683235168457,0.00011888019071193412
310.5713231996051,1.0012972354888916,0.00011887338041560724
310.5917558649089,1.0007946491241455,0.00011884321429533884
310.61218853021273,1.0000104904174805,0.00011881465616170317
310.6326211955093,0.9995359778404236,0.00011879263183800504
310.6530537608123,0.9989121556282043,0.00011876612552441657
310.67348642611614,0.9982309937477112,0.00011872041068272665
310.69391919141344,0.9978587627410889,0.0001187033049063757
310.71435185671726,0.9974974393844604,0.00011868710134876892
310.7347844220203,0.9971159100532532,0.0001186739609693177
310.7552171873176,0.9971100091934204,0.0001186668305308558
310.7756498526214,0.9962755441665649,0.00011862762767123058
310.7960824179245,0.9960504770278931,0.00011858467769343406
310.8165151832218,0.9954158663749695,0.00011856040509883314
310.8369478485256,0.9954255819320679,0.00011853203614009544
310.85738041382865,0.9953015446662903,0.00011855918273795396
310.8778130791252,0.9949034452438354,0.00011853446630993858
310.89824584442977,0.9949645400047302,0.00011850363080156967
310.918678409791,0.9951873421669006,0.00011852774332510307
310.93911107508757,0.9952560067176819,0.00011851715680677444
310.95954384039214,0.9951913952827454,0.00011852820171043277
310.9799764056952,0.9956796169281006,0.00011855103366542608
311.00040907099174,0.9962345957756042,0.00011862272367579862
311.0208418362963,0.9961901903152466,0.00011860822269227356
311.0412745016001,0.9962076544761658,0.00011861952225444838
311.0617070669541,0.9966053366661072,0.00011862150131491944
311.08213973225793,0.9969099164009094,0.000118650306831114
311.1025724975625,0.9970887303352356,0.00011864931002492085
311.1230050628583,0.997445821762085,0.00011868977162521333
311.1434377282203,0.997774064540863,0.000118679650768172
311.1638704935249,0.9979518055915833,0.00011870968592120335
311.18430305882066,0.9983663558959961,0.00011868669389514253
311.2047357241827,0.9983230233192444,0.00011874478514073417
311.22516848948726,0.9991757869720459,0.00011875342897837982
311.24560105484125,0.9994285702705383,0.00011877701035700738
311.26603372014506,1.0000022649765015,0.00011878602526849136
311.2864663855071,1.0001455545425415,0.00011879142402904108
311.30689905086183,1.00068199634552,0.00011880862439284101
311.32733171616565,1.0008950233459473,0.00011884210834978148
311.3681971468832,1.0014140605926514,0.00011885426647495478
311.38862971224444,1.0018764734268188,0.00011887095752172172
311.40906237760646,1.0019813776016235,0.00011886523134307936
311.42949514296197,1.0019805431365967,0.00011888818698935211
311.44992770832323,1.001885175704956,0.0001188686874229461
311.47036037368525,1.0018441677093506,0.00011887255823239684
311.49079293903924,1.0017240047454834,0.00011887223809026182
311.51122570446023,1.0015074014663696,0.00011885799904121086
311.53165836982225,1.0014618635177612,0.0001188674577861093
311.55209093523445,1.0014090538024902,0.00011884557898156345
311.57252370059723,1.0011869668960571,0.0001188526875921525
311.59295636595925,1.0011217594146729,0.00011883188562933356
311.61338893137145,1.0008052587509155,0.00011882343824254349
311.63382169679244,1.0004652738571167,0.00011879332305397838
311.65425436221267,1.0000120401382446,0.0001187965099234134
311.67468692762486,0.999703049659729,0.00011874053598148748
311.6951195930451,0.9994416236877441,0.0001187513189506717
311.7155523584661,0.9991230964660645,0.00011874291521962732
311.7359849238783,0.9984549283981323,0.00011871374590555206
311.7564175893567,0.9980807304382324,0.00011870193702634424
311.7768503547777,0.9975584149360657,0.00011868044384755194
311.7972829202481,0.9975787401199341,0.00011866847489727661
311.81771558566834,0.9968191981315613,0.00011864275438711047
311.83814835114754,0.9971864819526672,0.00011866640124935657
311.85858091661794,0.9972208738327026,0.00011865636770380661
311.8790135820964,0.9970069527626038,0.00011864085536217317
311.8994462475748,0.9971451759338379,0.00011865381384268403
311.91987901304674,0.9937553405761719,0.00011844502296298742
311.9403115785244,0.9862908720970154,0.00011810063006123528
311.96074424406106,0.9841094017028809,0.00011798053310485557
311.981177009533,0.9837957620620728,0.00011797240586020052
312.00160957506887,0.9842551350593567,0.00011799768981290981
312.0220422406055,0.9848724007606506,0.00011801781511167064
312.04247500607744,0.9888356924057007,0.00011820321378763765
312.06290757167153,0.997259259223938,0.0001186290173791349
312.0833402372082,0.9996355175971985,0.00011877054930664599
312.10377290273755,1.0000697374343872,0.00011878131044795737
312.1242055683324,1.000510573387146,0.0001187746092909947
312.14463823386905,1.000840187072754,0.00011881183309014887
312.1650708994566,1.0010137557983398,0.00011883304978255183
312.1855035650515,1.0014853477478027,0.00011883905244758353
312.2059362305881,1.0017521381378174,0.0001188504757010378
312.2263688962339,1.0017786026000977,0.00011884295236086473
312.2468016618295,1.0026471614837646,0.00011886591528309509
312.2672342274236,1.0031366348266602,0.00011889283632626757
312.2876668930694,1.0033931732177734,0.00011890827590832487
312.3080996587232,1.0040055513381958,0.00011894083581864834
312.3285322243755,1.00432288646698,0.00011895659554284066
312.3489648900213,1.0046415328979492,0.00011895511852344498
312.36939755567437,1.0049011707305908,0.00011895988427568227
312.38983022132743,1.0051367282867432,0.00011898796947207302
312.4102628870314,1.0053504705429077,0.00011898434604518116
312.4306955527427,1.0054267644882202,0.00011898602679139003
312.45112821839575,1.005171775817871,0.00011899167293449864
312.47156088409974,1.0050749778747559,0.00011898240336449817
312.4919935498692,1.0047307014465332,0.00011896351497853175
312.5124262155805,1.0046597719192505,0.00011895092757185921
312.5328588813427,1.00429368019104,0.00011891734902746975
312.5532914471114,1.0041965246200562,0.00011892987095052376
312.5737241128227,1.0037413835525513,0.00011890231689903885
312.59415687858564,1.0034549236297607,0.00011890164751093835
312.61458944441256,1.0027127265930176,0.00011884584091603756
312.63502211018204,1.0021494626998901,0.0001187914313049987
312.6554548760032,1.0014561414718628,0.00011876464122906327
312.6758874418301,1.0012167692184448,0.0001187372618005611
312.6963201076578,1.000260829925537,0.00011871914466610178
312.716752873479,0.9998807907104492,0.00011868879664689302
312.73718553930667,0.9990212917327881,0.00011865621490869671
312.7576181051918,0.99862140417099,0.00011860863742185757
312.7780507710704,0.9979224801063538,0.00011860331142088398
312.79848353695706,0.9974859952926636,0.00011855980847030878
312.8189161028422,0.9970312118530273,0.00011855793854920194
312.8393487687863,0.9964585304260254,0.00011853034811792895
312.8597815346657,0.996285617351532,0.0001185282671940513
312.880214100609,0.9957125186920166,0.0001184981083497405
312.90064676654583,0.9951106905937195,0.00011842067760881037
312.9210795325489,0.9950703978538513,0.0001184117718366906
312.94151209849224,0.9949033260345459,0.00011841907689813524
312.96194476449455,0.9943596720695496,0.00011839489889098331
312.9823774304896,0.9944543838500977,0.00011837696365546435
313.0028100964919,0.9937551617622375,0.00011837029887828976
313.0232427625451,0.9935420751571655,0.00011836815974675119
313.04367542854743,0.9938120245933533,0.00011837797501357272
313.06410809460795,0.9939969778060913,0.0001183710919576697
313.0845407606612,0.9943633675575256,0.00011839048966066912
313.1049734267799,0.9944634437561035,0.0001183783242595382
313.1254061928412,0.9949246644973755,0.0001183974600280635
313.14583875895187,0.9955071806907654,0.00011843648826470599
313.1662714250706,0.9956256151199341,0.000118461532110814
313.18670399124676,0.9961039423942566,0.00011848782742163166
313.20713675735897,0.9963721632957458,0.00011850400915136561
313.2275694235359,0.996367871761322,0.00011850642476929352
313.2480020897128,0.9964535236358643,0.00011851044109789655
313.2684347558825,0.9971944689750671,0.00011853047908516601
313.2888674221176,0.9976015686988831,0.00011856614582939073
313.30930008829455,0.9982297420501709,0.00011858106154249981
313.3297327545224,0.9985496401786804,0.00011861133680213243
313.35016542081576,0.9988887906074524,0.0001186301014968194
313.3705980870509,0.9991926550865173,0.00011863662803079933
313.3910306533362,0.9997315406799316,0.00011865268606925383
313.4114634196885,1.0000901222229004,0.0001186573354061693
313.43189608598186,1.0006028413772583,0.00011869452282553539
313.45232865233265,1.001024842262268,0.00011871028982568532
313.4727614186195,1.0010889768600464,0.00011871496099047363
313.49319408502924,1.001429796218872,0.00011872282630065456
313.51362665137276,1.0012824535369873,0.00011871699098264799
313.5340594177833,1.0012487173080444,0.00011871004971908405
313.55449208419304,1.0014342069625854,0.000118703355838079
313.57492465060204,1.001186728477478,0.00011870682646986097
313.5953574170635,1.0010496377944946,0.00011870303569594398
313.61579008353146,1.0015512704849243,0.00011871290189446881
313.6362226499914,1.0010977983474731,0.00011869381705764681
313.6566553165176,1.0009773969650269,0.0001186841691378504
313.6770880829863,1.0011990070343018,0.0001186827794299461
313.6975206495117,1.000312328338623,0.0001186792942462489
313.7179533160888,0.9998958110809326,0.00011865967098856345
313.73838608267397,1.0000795125961304,0.00011866608110722154
313.7588186492503,0.9991722106933594,0.00011862713290611282
313.7792513158347,0.9992144107818604,0.00011860218364745378
313.79968408241984,0.9986906051635742,0.0001185779256047681
313.8201166490617,0.9983167052268982,0.00011856639321194962
313.840549315697,0.998060941696167,0.00011854586045956239
313.8609819823978,0.9976694583892822,0.00011852685565827414
313.8814146490913,0.9975087642669678,0.00011851730232592672
313.9018473157921,0.997070848941803,0.0001184960565296933
313.9222799824929,0.9969581365585327,0.00011849858856294304
313.9427127492454,0.9970831274986267,0.00011850958981085569
313.96314531600365,0.9971584677696228,0.00011853114847326651
313.98357798282086,0.9965968132019043,0.00011847884161397815
314.00401074963156,0.997292697429657,0.00011851474118884653
314.024443316448,0.9970709681510925,0.00011851088493131101
314.04487598326523,0.9971149563789368,0.00011850696319015697
314.0653085501399,0.9938575625419617,0.0001183112253784202
314.0857413170088,0.9864671230316162,0.0001179771643364802
314.1061739839424,0.9843979477882385,0.00011788160918513313
314.1266066508106,0.9845914244651794,0.00011788512347266078
314.1470393177442,0.9846551418304443,0.0001178908787551336
314.16747198473604,0.985739529132843,0.00011795327736763284
314.1879046517279,0.9899730682373047,0.00011813839228125289
314.20833731871244,0.9976975917816162,0.000118548225145787
314.2287699857043,1.0000457763671875,0.00011864440602948889
314.24920265274704,1.0001951456069946,0.0001186601584777236
314.2696352197963,1.0004899501800537,0.00011866848217323422
314.29006798690534,1.0009796619415283,0.00011868801084347069
314.3105006540136,1.0015789270401,0.0001187098678201437
314.35136598828103,1.0029932260513306,0.00011874500341946259
314.3717986554402,1.0028692483901978,0.00011877292126882821
314.3922312226059,1.00342857837677,0.00011876905045937747
314.41266398983134,1.003796935081482,0.00011879262456204742
314.433096657056,1.0044105052947998,0.00011882264516316354
314.4535293243316,1.0046391487121582,0.00011881069804076105
314.4739618916137,1.00489342212677,0.00011883886327268556
314.4943946588901,1.00509774684906,0.00011885537242051214
314.5148272261722,1.0054184198379517,0.00011887487926287577
314.5352598935133,1.0054911375045776,0.00011885850835824385
314.55569266091334,1.005492925643921,0.00011888366134371608
314.5761252283046,1.0050784349441528,0.00011886134598171338
314.5965578957039,1.0048584938049316,0.00011884359264513478
314.61699066309666,1.0049539804458618,0.00011885920685017481
314.6374232305534,1.0047452449798584,0.00011887688015121967
314.6578558980691,1.0044002532958984,0.00011884599371114746
314.6782885655266,1.0040855407714844,0.00011880425154231489
314.69872123303503,1.0041172504425049,0.00011878140503540635
314.71915390060894,1.0033518075942993,0.00011877598444698378
314.7395865681756,1.0031054019927979,0.00011873591574840248
314.7600192357495,1.0025495290756226,0.00011875706695718691
314.7804519033816,1.002062439918518,0.00011871394235640764
314.80088457101374,1.0013742446899414,0.0001186723166028969
314.82131733869755,1.0007392168045044,0.00011868658475577831
314.8417499063871,1.0002814531326294,0.00011863460531458259
314.8621825740702,0.9997221231460571,0.00011860812810482457
314.8826153418195,0.9991390109062195,0.00011858760262839496
314.90304790956725,0.9984655976295471,0.00011856864875881001
314.923480577374,0.9981197118759155,0.00011854723561555147
314.94391324517346,0.9972448945045471,0.00011853399337269366
314.9643459130384,0.9967900514602661,0.00011847983842017129
314.9847785808379,0.996395468711853,0.00011848003487102687
315.00521124876104,0.9960136413574219,0.0001184611683129333
315.0256439166842,0.9955400824546814,0.00011842360981972888
315.04607658460736,0.9954712986946106,0.00011842184176202863
315.06650925252325,0.9952867031097412,0.00011841060768347234
315.0869420205636,0.9951202869415283,0.00011836670455522835
315.1073745885369,0.9950780272483826,0.00011840972729260102
315.1278072565765,0.9951304197311401,0.00011837183410534635
315.1482398246735,0.9947758913040161,0.00011829927825601771
315.16867259277205,0.9946112632751465,0.00011837507918244228
315.18910526086256,0.9950131773948669,0.00011833916505565867
315.2095378290178,0.9947922825813293,0.00011834194447146729
315.22997059716727,0.9946461915969849,0.00011833465396193787
315.25040326538146,0.9951204657554626,0.0001183728309115395
315.2708358335949,0.9954845905303955,0.00011840705701615661
315.29126860180986,0.9961035251617432,0.00011843440006487072
315.311701270075,0.9963672757148743,0.00011841329978778958
315.3321339384056,0.9962557554244995,0.00011842604726552963
315.35256650673546,0.9967509508132935,0.00011844088294310495
315.37299927505956,0.9971473813056946,0.0001184642460430041
315.3934319434484,0.9976268410682678,0.00011848896974697709
315.41386451189464,0.9983589053153992,0.0001185091896331869
315.43429728033516,0.9983749389648438,0.00011851755698444322
315.4547299487822,0.9986993670463562,0.00011854556214530021
315.47516251728666,0.9991289377212524,0.00011854233889607713
315.4955952857854,0.9994575381278992,0.00011854684998979792
315.51602795434883,0.999996542930603,0.00011855681805172935
315.5364605229115,1.0002467632293701,0.00011859121877932921
315.5568931915259,1.0008670091629028,0.00011863718827953562
315.5773259601483,1.0009918212890625,0.00011865248234244063
315.5977585288274,1.0013396739959717,0.00011864577390952036
315.6181911975,1.0013068914413452,0.00011864904081448913
315.63862386623805,1.001692771911621,0.0001186562585644424
315.6590565349761,1.0019404888153076,0.00011866094428114593
315.6794892037651,1.0016878843307495,0.0001186487206723541
315.69992197256215,1.002069354057312,0.000118656360427849
315.7203545414159,1.0022743940353394,0.00011864183761645108
315.7407872102631,1.0021002292633057,0.00011866774730151519
315.761219779175,1.0017133951187134,0.00011864711996167898
315.78165254808846,1.0016396045684814,0.00011864834959851578
315.8020852170521,1.0012503862380981,0.00011865083070006222
315.822517886023,1.0007517337799072,0.0001186093722935766
315.8429505550521,1.0007333755493164,0.00011862198880407959
315.8633832241321,1.00050950050354,0.00011860693484777585
315.88381589321943,1.0002593994140625,0.00011854394688270986
315.90424856230675,0.9998480677604675,0.00011855638877023011
315.924681231445,0.9998182654380798,0.0001185382716357708
315.9451139005905,0.999549925327301,0.00011851479939650744
315.9655464697935,0.9992813467979431,0.0001185228829854168
315.9859792390198,0.9987336993217468,0.00011850291775772348
316.00641190828173,0.9983309507369995,0.00011845485278172418
316.026844477572,0.998019814491272,0.00011848587746499106
316.04727724688564,0.9980756044387817,0.00011846145207528025
316.067709916264,0.9973294734954834,0.00011845040717162192
316.0881424856416,0.9972518682479858,0.00011844308755826205
316.1085752550425,0.9970144629478455,0.00011841467494377866
316.1290079245082,0.9970735311508179,0.00011844727850984782
316.14944059400295,0.9973781704902649,0.00011842689127661288
316.1698731634897,0.9970829486846924,0.00011845114204334095
316.1903059330434,0.9973098635673523,0.00011841632658615708
316.2107386026255,0.9931575655937195,0.00011822784290416166
316.23117117222864,0.9863926768302917,0.00011789801646955311
316.2516039418697,0.9839509129524231,0.00011777845065807924
316.2720366115391,0.9842507839202881,0.00011781252396758646
316.29246918125864,0.9846872091293335,0.00011780533532146364
316.312901950987,0.9854680299758911,0.00011785836977651343
316.3333346207728,0.9901843667030334,0.00011803537199739367
316.3537671905797,0.9978471994400024,0.00011842844833154231
316.37419996042445,0.9998995065689087,0.0001185356595669873
316.39463263029756,1.000456690788269,0.00011856509809149429
316.41506520019175,1.0008307695388794,0.00011858675861731172
316.4354978701522,1.0011934041976929,0.00011860486847581342
316.45593064011337,1.0016424655914307,0.00011860561062349007
316.4763633101247,1.0020815134048462,0.00011862867540912703
316.4967958801426,1.0030776262283325,0.00011867292778333649
316.5172286502202,1.0036976337432861,0.00011869396985275671
316.5376612203472,1.0039118528366089,0.00011872205504914746
316.55809389048227,1.004570484161377,0.00011873081530211493
316.578526660669,1.0047693252563477,0.00011878503573825583
316.5989592308615,1.0053057670593262,0.00011880319652846083
316.619391901113,1.005405306816101,0.00011879188241437078
316.63982457142265,1.0060945749282837,0.00011881138198077679
316.66025724172505,1.0060228109359741,0.00011882701801368967
316.68068991209293,1.0060971975326538,0.000118779375043232
316.7011225824608,1.006333827972412,0.00011878875375259668
316.7215552528796,1.006321907043457,0.00011882131366292015
316.7419879233348,1.006287932395935,0.00011881737736985087
316.7624205938482,1.0057638883590698,0.00011881259706569836
316.78285326438345,1.006077527999878,0.00011885291314683855
316.80328593492595,1.0056664943695068,0.00011878553050337359
316.82371860552666,1.005465030670166,0.00011879705562023446
316.84415117617755,1.0052087306976318,0.00011876340431626886
316.86458394683723,1.0045311450958252,0.00011873060429934412
316.88501661755436,1.0044467449188232,0.00011874287883983925
316.90544918829255,1.0038279294967651,0.00011869065929204226
316.92588195909775,1.003199577331543,0.00011866394197568297
316.9463146299022,1.0027806758880615,0.00011865996202686802
316.9667472007568,1.0022443532943726,0.0001186562076327391
316.9871799716493,1.0015487670898438,0.00011862809333251789
317.00761264259927,1.0010600090026855,0.00011859976075356826
317.02804531354195,1.000486135482788,0.0001185757719213143
317.04847788454936,0.999495267868042,0.00011852230818476528
317.0689106556165,0.9992840886116028,0.00011853087198687717
317.0893433266756,0.9986094236373901,0.0001184687644126825
317.1097758977994,0.9981176853179932,0.0001184590655611828
317.13020866895386,0.9975347518920898,0.00011842612730106339
317.15064134012937,0.99746173620224,0.00011841757805086672
317.1710739113696,0.9970456957817078,0.00011842366075143218
317.19150668264047,0.9968659281730652,0.00011840250954264775
317.2119393539324,0.9966566562652588,0.00011837000056402758
317.23237192528904,0.9966353178024292,0.00011839938088087365
317.25280459667556,0.9961722493171692,0.00011835486657219008
317.27323736808466,0.9955788850784302,0.00011834663018817082
317.2936700395585,0.9948300123214722,0.0001183142012450844
317.3345353825862,0.9949308633804321,0.00011834915494546294
317.3549680541764,0.9949012994766235,0.0001183394924737513
317.375400625795,0.9951685667037964,0.00011833453754661605
317.39583339746605,0.994914174079895,0.00011831431766040623
317.4162660691436,0.9957327246665955,0.00011837024794658646
317.4366986408786,0.9960789084434509,0.00011836676276288927
317.4571313126653,0.9963438510894775,0.00011838666978292167
317.47756408446,0.9966573119163513,0.00011839286889880896
317.49799665634055,0.9970943331718445,0.0001184073043987155
317.51842932821455,0.9972438812255859,0.00011843143147416413
317.53886200015404,0.9975919723510742,0.00011844497203128412
317.55929467215174,0.9978289008140564,0.00011844462278531864
317.57972734414216,0.9980354905128479,0.00011848571011796594
317.60016001619806,0.9985339045524597,0.00011849047587020323
317.6205926883122,0.9985698461532593,0.00011850050941575319
317.6410253604481,0.9991704821586609,0.00011855505726998672
317.66145793261967,0.9999346733093262,0.000118559917609673
317.68189070485096,1.0002301931381226,0.00011857986828545108
317.7023233771033,1.0007457733154297,0.00011859262303914875
317.7227559493913,1.0009849071502686,0.00011860077938763425
317.743188721739,1.0015192031860352,0.00011862315295729786
317.76362139413686,1.0016701221466064,0.00011864054249599576
317.78405396657035,1.002087116241455,0.00011865459964610636
317.8044867390345,1.0023874044418335,0.00011866696877405047
317.82491941154876,1.0024995803833008,0.00011865900887642056
317.84535198409867,1.0027427673339844,0.00011866675049532205
317.86578465670755,1.002720594406128,0.00011871640890603885
317.8862174293099,1.0025516748428345,0.00011868740693898872
317.9066501020061,1.0023645162582397,0.00011869348236359656
317.9270826747306,1.0024943351745605,0.00011867434659507126
317.9475154475076,1.0021954774856567,0.00011868341971421614
317.9679481203202,1.0021108388900757,0.00011867981083923951
317.98838069316116,1.0021460056304932,0.0001186746230814606
318.00881346605456,1.0015634298324585,0.00011862347309943289
318.0292461389836,1.0012234449386597,0.0001186108638648875
318.04967871197005,1.0008372068405151,0.00011861082748509943
318.07011148497986,1.0007628202438354,0.00011858515063067898
318.0905441580544,0.999974250793457,0.00011856373748742044
318.1109767311573,1.0000126361846924,0.00011854029435198754
318.13140940431185,0.9995277523994446,0.00011851265298901126
318.15184217750357,0.9992577433586121,0.00011853789328597486
318.17227485075273,0.9989609122276306,0.00011850598821183667
318.19270742405206,0.9987870454788208,0.00011851801536977291
318.2131401973602,0.9985910058021545,0.00011849684233311564
318.23357287075487,0.9980790019035339,0.00011847560381283984
318.2540054441706,0.9980950355529785,0.00011847361020045355
318.27443821762427,0.9981939792633057,0.00011844710388686508
318.29487089113536,0.9981849789619446,0.00011842795356642455
318.3153034646966,0.9980778694152832,0.00011845266999443993
318.33573613829503,0.9977177381515503,0.00011842815729323775
318.3561689119233,0.9938602447509766,0.0001182354026241228
318.3766014856301,0.9864346385002136,0.00011785878450609744
318.3970341593449,0.984603762626648,0.00011778937914641574
318.4174669331478,0.9837823510169983,0.00011774130689445883
318.437899506971,0.9840946793556213,0.00011778663611039519
318.45833218083135,0.9850519299507141,0.00011782548244809732
318.4787648547499,0.9899070262908936,0.00011802806693594903
318.49919762869104,0.9978287816047668,0.00011841884406749159
318.51963020272524,0.9996247887611389,0.0001185271903523244
318.5400628767893,0.9998947381973267,0.00011851127783302218
318.5604955508752,1.0006510019302368,0.00011854436161229387
318.5809282250266,1.000977873802185,0.00011854281910927966
318.6013607992354,1.001470685005188,0.0001185870059998706
318.6217935734676,1.001693844795227,0.00011856154742417857
318.6422262477354,1.0020661354064941,0.00011862118117278442
318.6626588220897,1.0024787187576294,0.00011865490523632616
318.6830915964674,1.0032376050949097,0.00011867034481838346
318.70352427088073,1.0033137798309326,0.00011870695016114041
318.72395694538136,1.0040745735168457,0.00011870147136505693
318.7443895198812,1.0045403242111206,0.0001187168454634957
318.76482229446265,1.0048481225967407,0.0001187558300443925
318.7852549690797,1.0050851106643677,0.0001187397210742347
318.8056875437469,1.0054751634597778,0.0001187596790259704
318.826120318452,1.005298137664795,0.00011874387564603239
318.8465529932146,1.0053346157073975,0.00011878285295097157
318.8669855680346,1.005368947982788,0.00011875448399223387
318.88741834287794,1.0052534341812134,0.00011877120414283127
318.907851017786,1.0050328969955444,0.00011876915232278407
318.92828359274426,1.0048723220825195,0.00011877829092554748
318.94871626776876,1.0042328834533691,0.00011873085895786062
318.969149042794,1.0045515298843384,0.0001187454181490466
318.98958161793416,1.0040768384933472,0.00011872550385305658
319.0100142930678,1.0036563873291016,0.0001186943263746798
319.0304470682677,1.0032532215118408,0.00011868362344102934
319.0508797435177,1.0033109188079834,0.00011868871661135927
319.0713123188034,1.0025959014892578,0.00011864218686241657
319.0917450941488,1.0022145509719849,0.00011865722626680508
319.11217776954436,1.0017077922821045,0.00011861980601679534
319.13261034500465,1.0010967254638672,0.000118600444693584
319.1530430204948,1.0008089542388916,0.00011858696962008253
319.17347579603666,1.0000414848327637,0.00011855136835947633
319.19390837164246,0.9998565316200256,0.00011855526827275753
319.21434104730724,0.9988580346107483,0.00011851009185193107
319.2347738229655,0.99886155128479,0.00011850197915919125
319.25520639874594,0.9986753463745117,0.000118489027954638
319.27563907452713,0.9980716109275818,0.00011846025154227391
319.2960718503891,0.9979376196861267,0.00011846743291243911
319.316504426286,0.9973295331001282,0.00011841692321468145
319.3369371022418,0.9970386028289795,0.0001184195643872954
319.3573697782558,0.9966675639152527,0.00011843493848573416
319.37780255429243,0.9962321519851685,0.00011839185754070058
319.398235130393,0.9959874749183655,0.00011838012142106891
319.4186678065453,0.995634138584137,0.00011834844190161675
319.4391005827638,0.9952410459518433,0.00011833626194857061
319.459533159039,0.9949131608009338,0.00011832721065729856
319.47996583534405,0.9951652884483337,0.00011832929885713384
319.50039851170004,0.9950070977210999,0.00011831980373244733
319.5208311881215,0.9950506687164307,0.0001183358981506899
319.54126386459393,0.9949436187744141,0.00011831951269414276
319.5616965411027,0.9953864812850952,0.0001183559070341289
319.5821292176697,0.9958935976028442,0.00011836840712931007
319.602561894324,0.996099591255188,0.00011838865611935034
319.6229944709703,0.9963639378547668,0.00011840240040328354
319.6434272477127,0.9966039061546326,0.00011838513455586508
319.66385992450523,0.9973731637001038,0.00011844245454994962
319.6842925013334,0.997464120388031,0.00011844847176689655
319.7047252782213,0.9979344010353088,0.00011846796405734494
319.72515795516665,0.9980498552322388,0.00011845965491374955
319.74559053216217,0.9986230731010437,0.00011849831935251132
319.7660233092247,0.9990934729576111,0.0001185093424282968
319.7864559863083,0.9992995262145996,0.00011854134208988398
319.8068885634566,0.9998242259025574,0.00011854833428515121
319.827321240693,1.0003819465637207,0.00011858889047289267
319.84775401792285,1.0007920265197754,0.00011859284859383479
319.8681865952749,1.001243233680725,0.00011860838276334107
319.8886192726277,1.0016684532165527,0.00011863045074278489
319.9090520500613,1.001956582069397,0.00011866427666973323
319.9294847275596,1.002256155014038,0.00011866279965033755
319.9499173050863,1.0023868083953857,0.00011868317233165726
319.9703500826654,1.002610206604004,0.00011868456203956157
319.99078276030923,1.0030556917190552,0.0001187155139632523
320.0112153380105,1.0027412176132202,0.00011869743320858106
320.0316480157635,1.0029913187026978,0.0001187078669317998
320.0520807935827,1.002699851989746,0.00011869238369399682
320.0725133714586,1.0024622678756714,0.00011869984155055135
320.0929460493935,1.0023072957992554,0.00011870198068208992
320.1133788273801,1.0023964643478394,0.00011867504508700222
320.1338114054015,1.001734733581543,0.00011866573186125606
320.1542440834746,1.0014125108718872,0.00011867309513036162
320.1746768616431,1.0010206699371338,0.00011864896077895537
320.1951095398399,1.000501036643982,0.00011860905942739919
320.21554211809416,1.0001500844955444,0.00011859230289701372
320.2359747964001,0.999951958656311,0.00011855656339321285
320.2564075747723,0.9991627931594849,0.00011855064803967252
320.276840153223,0.998982310295105,0.00011851722229039297
320.3177056102286,0.9982970952987671,0.00011850480223074555
320.3381381888321,0.9982788562774658,0.00011851177987409756
320.3585708674873,0.99796062707901,0.00011848650319734588
320.37900364620873,0.9976695775985718,0.00011845406697830185
320.3994362249505,0.997656524181366,0.00011847262794617563
320.4198689037876,0.9975517392158508,0.00011848164285765961
320.44030168268364,0.9972844123840332,0.00011847929999930784
320.4607342616073,0.9974822402000427,0.00011845515109598637
320.48116694061173,0.9972013235092163,0.00011847473797388375
320.50159961968166,0.9928951263427734,0.00011823444947367534
320.5220322987734,0.9858487844467163,0.0001179183745989576
320.54246497795975,0.9841328859329224,0.00011783713125623763
320.5628976572043,0.9839627146720886,0.00011781376815633848
320.58333033647796,0.9840238690376282,0.00011781760258600116
320.60376301586075,0.9851719737052917,0.00011787986295530573
320.62419559525006,0.9899669289588928,0.00011808506678789854
320.6446283747209,0.9977665543556213,0.00011849747534142807
320.6650610542565,0.9995421767234802,0.00011856773198815063
320.68549363382044,0.9997392892837524,0.00011859029473271221
320.70592631347245,1.000138282775879,0.00011860945232911035
320.72635909317614,1.0001046657562256,0.00011861202074214816
320.7467916729438,1.0002375841140747,0.00011863827239722013
320.7672243527704,1.000240683555603,0.00011864324187627062
320.78765713264875,1.0009024143218994,0.00011867634748341516
320.8080898125918,1.0015383958816528,0.00011868579895235598
320.8285223925923,1.0015534162521362,0.00011867762805195525
320.8489551726452,1.002297282218933,0.00011870429443661124
320.8693878527629,1.002559781074524,0.00011872811592184007
320.8898204329671,1.0029304027557373,0.00011871568131027743
320.9102531131939,1.0034834146499634,0.0001187609086628072
320.93068589348695,1.0034481287002563,0.00011876477219630033
320.9511184738658,1.0036094188690186,0.0001187852249131538
320.9715511542963,1.003759741783142,0.00011877704673679546
320.991983934764,1.003940463066101,0.00011879196244990453
321.01241651531745,1.003960371017456,0.00011880139209097251
321.0328491959226,1.0039989948272705,0.00011879146040882915
321.053281976594,1.0041030645370483,0.00011882300896104425
321.07371465732285,1.0040346384048462,0.00011879513476742432
321.09414723810187,1.0037480592727661,0.00011878354416694492
321.11457991897623,1.003517508506775,0.00011878233635798097
321.1350126998732,1.0037684440612793,0.00011878567602252588
321.1554452808632,1.0033549070358276,0.00011876696953549981
321.1758779618831,1.0029648542404175,0.00011875836207764223
321.19631074299105,1.002832055091858,0.00011874176561832428
321.2167433241484,1.0026246309280396,0.00011874119809363037
321.2371760054011,1.002129077911377,0.00011870754678966478
321.2576087866473,1.001870036125183,0.00011869169975398108
321.2780413680157,1.0019735097885132,0.00011869524314533919
321.29847404944303,1.0014034509658813,0.00011867697321576998
321.31890683090023,1.0009106397628784,0.00011863583495141938
321.33933941243595,1.0004240274429321,0.00011862903920700774
321.3597720940379,1.0000264644622803,0.00011859682854264975
321.3802047757272,0.999777615070343,0.00011859146616188809
321.40063755743904,0.9994586706161499,0.00011857214121846482
321.4210701392294,0.9990942478179932,0.00011851201998069882
321.4415028210933,0.9989489316940308,0.00011831596930278465
323.546072015175,0.9968509078025818,0.00011789218842750415
323.56650470431487,0.9967415928840637,0.000118060372187756
323.5869372935267,0.9959748983383179,0.00011802263907156885
323.607370082791,0.9960902333259583,0.0001180218969238922
323.6278027721637,0.9957171678543091,0.00011801888467743993
323.64823536159383,0.9954580068588257,0.00011794062447734177
323.6686681511055,0.9951876401901245,0.00011788732808781788
323.6891008406965,0.9946019053459167,0.00011790018470492214
323.709533430374,0.9944437146186829,0.00011784318485297263
323.7299662200894,0.9940347671508789,0.00011785607784986496
323.75039890992775,0.9937145709991455,0.00011778688349295408
323.77083149982354,0.9936894774436951,0.00011778884072555229
323.79126418980013,0.9940111637115479,0.00011781552893808112
323.81169697984296,0.9938690662384033,0.00011777524196077138
323.83212966997235,0.9938122630119324,0.00011781042849179357
323.8525622601883,0.9941950440406799,0.00011777598410844803
323.8729950504712,0.9949060678482056,0.00011774469021474943
323.91386033128947,0.9952585101127625,0.00011785126844188198
323.93429312179796,0.9956134557723999,0.00011784644448198378
323.954725812393,0.9960314035415649,0.00011786135291913524
323.97515840308915,0.9967932105064392,0.00011788243136834353
323.99559119383775,0.9970280528068542,0.00011790035932790488
324.0160238846729,0.9975596070289612,0.00011793425073847175
324.03645647558733,0.9980384111404419,0.00011796999024227262
324.05688916658255,0.9986659288406372,0.00011801618529716507
324.07732195765857,0.9990939497947693,0.00011800710490206257
324.0977545488131,0.9997344613075256,0.0001180243052658625
324.11818724004115,1.0001593828201294,0.00011804058885900304
324.13862003135,1.0007600784301758,0.00011808059207396582
324.1590527227381,1.0015711784362793,0.00011815143079729751
324.1794853142128,1.0015791654586792,0.00011813375022029504
324.19991810576175,1.0021411180496216,0.00011814347089966759
324.22035079739726,1.0025070905685425,0.00011814125173259526
324.24078338911204,1.0028997659683228,0.00011818817438324913
324.2612161809011,1.0030113458633423,0.0001182096020784229
324.28164887276944,1.0031343698501587,0.00011819080827990547
324.3020814647316,1.0033646821975708,0.00011816780170192942
324.32251415676,1.0032947063446045,0.00011821842781500891
324.3429469488692,1.0029600858688354,0.00011820219515357167
324.3633795410715,1.0028358697891235,0.0001181890838779509
324.38381223334727,1.0027401447296143,0.0001181718471343629
324.4042450256966,1.0022767782211304,0.00011816307960543782
324.42467761814623,1.0020545721054077,0.00011816387996077538
324.46554300326534,1.001307725906372,0.00011810217256424949
324.48597569595586,1.0012215375900269,0.0001181284969788976
324.50640838871186,1.0009219646453857,0.00011810385331045836
324.52684108156245,1.0003037452697754,0.00011811831791419536
324.5472737744931,0.9998893737792969,0.00011810493742814288
324.567706467511,0.9999641180038452,0.00011807829287135974
324.5881390606082,0.9995123147964478,0.0001180706822196953
324.60857185377245,0.9995124340057373,0.00011807737610070035
324.62900454703777,0.9989664554595947,0.00011807082046288997
324.6494371403751,0.9985327124595642,0.00011802068183897063
324.66986993380124,0.9985795617103577,0.0001180213293991983
324.69030262731394,0.9980669617652893,0.0001180105609819293
324.7107353208921,0.9983354210853577,0.00011801802611444145
324.7311680145722,0.9981746673583984,0.00011804202222265303
324.75160070833226,0.9979146718978882,0.0001180384642793797
324.77203340215783,0.9978387355804443,0.0001180433391709812
324.7924659960918,0.9923089146614075,0.00011778210318880156
324.8128987901,0.9856135249137878,0.00011743856157409027
324.8333314841875,0.9840247631072998,0.0001173782511614263
324.85376407836156,0.9833060503005981,0.00011731660197256133
324.87419687262445,0.9840038418769836,0.00011737226304830983
324.89462956695934,0.9851007461547852,0.0001174064600490965
324.91506216138805,0.9901686310768127,0.0001176316145574674
324.9354949559056,0.9972567558288574,0.00011802895460277796
324.95592765049514,0.9986911416053772,0.0001180699109681882
324.9763602451785,0.9990167021751404,0.0001181184925371781
324.99679303994344,0.9990466237068176,0.00011809670104412362
325.01722573478764,0.9993360042572021,0.00011810467549366876
325.03765842971916,0.9996238946914673,0.00011816521873697639
325.0580910247518,1.000060796737671,0.0001181550178444013
325.0785238198514,1.000359058380127,0.00011819368955912068
325.09895651504485,1.0006089210510254,0.0001182030828204006
325.11938911031757,1.0010621547698975,0.00011821592488558963
325.13982190567185,1.0008409023284912,0.00011822875967482105
325.16025460112724,1.0009088516235352,0.00011823845852632076
325.1806871966619,1.0013810396194458,0.00011825707042589784
325.20111999227083,1.0015946626663208,0.00011827123671537265
325.2215526879809,1.0016294717788696,0.00011824606190202758
325.2419852837702,1.0017465353012085,0.00011823359091067687
325.2624179796476,1.0020474195480347,0.0001182536143460311
325.28285077561304,1.0020654201507568,0.00011828422429971397
325.30328347166505,1.002506136894226,0.00011830405856017023
325.3237160678036,1.002566933631897,0.00011829913273686543
325.34414886402374,1.003118634223938,0.00011833803728222847
325.3645815603377,1.002942681312561,0.00011832247400889173
325.3850141567236,1.002630591392517,0.00011834529141196981
325.40544695321296,1.002781629562378,0.00011832761811092496
325.42587964978884,1.0026074647903442,0.00011835018813144416
325.446312246444,1.0022897720336914,0.00011832013842649758
325.466745043188,1.0023225545883179,0.00011830533185275272
325.4871776400323,1.0020769834518433,0.00011831811571028084
325.50761033695017,1.0022506713867188,0.00011830168659798801
325.52804293396184,1.0018208026885986,0.00011827775597339496
325.5484757310551,1.001281499862671,0.00011828298011096194
325.5689084282494,1.0010151863098145,0.00011825076944660395
325.58934112550924,1.0006945133209229,0.00011828230344690382
325.6097738228782,1.000853180885315,0.00011826470290543512
325.6302065203272,0.9999724626541138,0.00011822923988802359
325.6506392178635,0.9997318387031555,0.00011819853534689173
325.6710719154944,0.998918890953064,0.00011821155931102112
325.6915046132199,0.9988577365875244,0.00011818604252766818
325.7119373110181,0.9983640909194946,0.00011815213656518608
325.73236990891746,0.9978047013282776,0.00011816265759989619
325.7528027068911,0.997279167175293,0.00011810557043645531
325.7732354049731,0.9965983629226685,0.00011812826414825395
325.79366800313437,0.9965298771858215,0.00011811743752332404
325.8141008013845,0.9961780309677124,0.00011808411363745108
325.8345334997284,0.9959565997123718,0.00011807414557551965
325.8549660981662,0.9957456588745117,0.00011806679685832933
325.87539889667823,0.9951673746109009,0.00011802049994003028
325.8958315952914,0.9948107600212097,0.00011803899542428553
325.9162642939991,0.9951381683349609,0.00011803880624938756
325.9366968927934,0.9951165318489075,0.00011804214591393247
325.95712969166925,0.9952651858329773,0.00011806515249190852
325.9775623906462,0.9954838156700134,0.00011805042595369741
325.9979949897024,0.9961432814598083,0.000118068783194758
326.01842778885475,0.996429443359375,0.00011807547707576305
326.0388604881082,0.9968193173408508,0.00011813946184702218
326.05929308744817,0.9971028566360474,0.0001181363986688666
326.07972588686243,0.9976654052734375,0.00011817747872555628
326.1001585863851,0.9980419874191284,0.00011820159124908969
326.1205911859943,0.9984012246131897,0.00011820751387858763
326.1410239856923,0.9987372756004333,0.00011820274812635034
326.16145668549143,0.9995903372764587,0.00011824089597212151
326.1818893853706,0.999618649482727,0.00011825306864921004
326.20232198535814,1.0001320838928223,0.00011828311835415661
326.22275478541997,1.0007423162460327,0.00011830473522422835
326.2431874855756,1.0010734796524048,0.0001183355416287668
326.2636200858324,1.0017974376678467,0.00011838732461910695
326.2840528861707,1.0021493434906006,0.00011838286445708945
326.3044855866101,1.0024510622024536,0.00011840034130727872
326.32491818714334,1.0031789541244507,0.00011844975961139426
326.3453509877727,1.0035061836242676,0.00011843883839901537
326.36578368847404,1.0037832260131836,0.00011845689732581377
326.38621628929104,1.0041673183441162,0.00011849926522700116
326.4066489901961,1.0043010711669922,0.00011849043949041516
326.4270817911747,1.0041786432266235,0.00011849388101836666
326.4475143922755,1.0045669078826904,0.00011850782902911305
326.46794709345704,1.00398588180542,0.00011849334987346083
326.4883797947259,1.0039016008377075,0.00011845423432532698
326.50881249609665,1.0039570331573486,0.00011849972361233085
326.529245197562,1.0035877227783203,0.0001184919528895989
326.5496779991154,1.0035901069641113,0.00011846243432955816
326.57011060076184,1.003057837486267,0.0001184582433779724
326.5905433025109,1.002792477607727,0.00011844262189697474
326.6109759043611,1.0026967525482178,0.00011844692198792472
326.6314087062783,1.0019222497940063,0.00011839428771054372
326.65184140831116,1.0019958019256592,0.00011841292871395126
326.67227401043783,1.0015137195587158,0.00011839051876449957
326.69270681264607,1.0009616613388062,0.00011836302292067558
326.7131395149554,1.0009238719940186,0.00011838477075798437
326.7335721173731,1.0007286071777344,0.00011835131590487435
326.7540049198651,1.0007177591323853,0.00011832373274955899
326.7744376224582,1.0004819631576538,0.00011834512406494468
326.79487032515317,1.0003912448883057,0.00011833447933895513
326.81530292794196,0.9999831914901733,0.000118333387945313
326.83573573082685,0.9996398091316223,0.00011833680036943406
326.8561684337983,0.9995500445365906,0.00011832897871499881
326.8766010368781,0.9992441534996033,0.0001183026543003507
326.89703384005406,0.9994397163391113,0.00011829455615952611
326.91746654331655,0.9989594221115112,0.000118319432658609
326.93789914668014,0.9933205842971802,0.00011804093810496852
326.95833195013984,0.9872203469276428,0.00011765684030251577
326.9787646536861,0.9854028224945068,0.00011759911285480484
326.9991972573407,0.9849860668182373,0.00011757511674659327
327.01963006109145,0.9852632880210876,0.00011758370965253562
327.0400627649433,0.9863859415054321,0.00011764084047172219
327.06049546887516,0.9916091561317444,0.00011797528713941574
327.0809280729227,0.9985719919204712,0.0001182887572213076
327.1013608770518,0.9997792840003967,0.00011835320765385404
327.12179358128924,0.9998285174369812,0.0001183451313409023
327.14222618562053,1.0001904964447021,0.00011836127669084817
327.16265899004793,1.0000067949295044,0.00011835885379696265
327.18309169456916,1.0001792907714844,0.00011836517660412937
327.20352429920604,1.000695824623108,0.0001183796557597816
327.2239571039099,1.000130534172058,0.00011837058264063671
327.24438980873674,1.000370740890503,0.00011835103941848502
327.2648224136574,1.0005146265029907,0.00011838090722449124
327.2852551186734,1.0004113912582397,0.00011840509250760078
327.3056879237847,1.0006403923034668,0.00011841092054964975
327.3261205290037,1.0008856058120728,0.00011843443644465879
327.346553234318,1.0015122890472412,0.00011845405970234424
327.3669860397131,1.0015629529953003,0.00011846303823404014
327.38741864523035,1.0016767978668213,0.00011845114931929857
327.407851350843,1.0019309520721436,0.00011849982547573745
327.448716762352,1.0023952722549438,0.00011853313480969518
327.46914946825564,1.0019267797470093,0.00011850613373098895
327.48958217426116,1.0020390748977661,0.00011853881005663425
327.51001488036127,1.0018998384475708,0.00011853397882077843
327.5304475865705,1.0020487308502197,0.00011852502211695537
327.5508801928736,1.0019530057907104,0.00011851052840938792
327.57131299928005,1.002124309539795,0.00011853997420985252
327.59174570578034,1.0019776821136475,0.00011851987801492214
327.6121784123825,1.0018147230148315,0.00011852357420139015
327.6326111190865,1.001548171043396,0.0001185233413707465
327.6530438258851,1.0013630390167236,0.00011849519796669483
327.67347653279285,1.0005881786346436,0.00011848416761495173
327.69390923980245,1.000257134437561,0.00011847416317323223
327.71434194690664,1.0000430345535278,0.00011847889254568145
327.7347746541054,0.9996533393859863,0.00011846617417177185
327.75520726141986,0.9992600083351135,0.00011843238462461159
327.7756400688304,0.9989816546440125,0.00011841374362120405
327.79607277633477,0.9984806776046753,0.00011836104386020452
327.8165053839548,0.9980420470237732,0.0001183589338324964
327.8369381916564,0.9980618357658386,0.00011834879114758223
327.8573708994736,0.9971314072608948,0.0001183182030217722
327.87780350739195,0.997149646282196,0.00011830236326204613
327.89823631541367,0.9968982934951782,0.00011828806600533426
327.9186690235292,0.9965200424194336,0.0001182856285595335
327.9391017317539,0.9965853095054626,0.00011827387061202899
327.9595343400797,0.9960445165634155,0.00011825522960862145
327.9799671485016,0.9955885410308838,0.00011823824752354994
328.0003998570319,0.9955983757972717,0.00011822750821011141
328.02083246566326,0.9949387311935425,0.00011820992949651554
328.04126527439075,0.9951857924461365,0.00011820704821730033
328.0616979832339,0.9947874546051025,0.00011820130021078512
328.0821305921854,0.9951144456863403,0.00011822440865216777
328.1025634012112,0.9952342510223389,0.00011822635133285075
328.12299611035996,0.9950823187828064,0.00011824162356788293
328.1434287196171,0.9960246086120605,0.00011827328125946224
328.16386142896954,0.9965824484825134,0.00011829201685031876
328.18429423841735,0.9968984723091125,0.000118302195915021
328.20472684798733,0.9972835183143616,0.00011831646406790242
328.2251595576454,0.997600793838501,0.00011835071927634999
328.24559236741334,0.9983349442481995,0.00011838517093565315
328.2660250772824,0.9985558390617371,0.0001184028951684013
328.2864576872598,0.999008297920227,0.00011841522791655734
328.30689049733337,0.9994210600852966,0.00011845122207887471
328.327323207508,0.9999394416809082,0.00011844854452647269
328.3477558178056,1.0004178285598755,0.00011847371933981776
328.3681885282058,1.0006725788116455,0.00011852438183268532
328.38862133870134,1.0014008283615112,0.00011853983596665785
328.40905394929723,1.0016953945159912,0.00011854201147798449
328.4294866600103,1.002244234085083,0.00011856140190502629
328.4499193708252,1.0027172565460205,0.00011858364450745285
328.470352081742,1.0031921863555908,0.00011863250256283209
328.4907847927607,1.0033032894134521,0.00011863075633300468
328.5112175038885,1.0039458274841309,0.00011863144027302042
328.53165021511813,1.0037411451339722,0.00011864068073919043
328.55208292645693,1.0040489435195923,0.00011865660053445026
328.57251563790487,1.004361867904663,0.000118656360427849
328.5929483494547,1.0041131973266602,0.00011864457337651402
328.6133810611136,1.0043299198150635,0.00011866124987136573
328.63381367288093,1.0043156147003174,0.00011868060391861945
328.65424648474436,1.0042595863342285,0.00011866285058204085
328.67467919672345,1.0043721199035645,0.0001186584122478962
328.6951118088109,1.0040454864501953,0.00011865291162393987
328.7155446209872,1.004131555557251,0.00011864038970088586
328.7359773332864,1.003615140914917,0.00011863316467497498
328.7564100456948,1.0033756494522095,0.00011864570842590183
328.77684275819774,1.0033910274505615,0.00011861963866977021
328.79727547080984,1.0031850337982178,0.0001186219960800372
328.81770818353834,1.0026706457138062,0.00011860718950629234
328.83814079636795,1.002219557762146,0.00011857652134494856
328.8585736093082,1.0021368265151978,0.00011856509809149429
328.8790063223496,1.0017114877700806,0.00011855949560413137
328.8994389355066,1.0016608238220215,0.00011855440970975906
328.91987174876704,1.001576542854309,0.00011854516196763143
328.9403044621358,1.000928282737732,0.00011851466842927039
328.960737075613,1.0008162260055542,0.00011846461711684242
328.98116988919355,1.0007091760635376,0.00011847110727103427
329.00160260289704,1.0009000301361084,0.00011852258467115462
329.0220352166871,0.9999369382858276,0.0001184652210213244
329.04246793060156,1.000256061553955,0.00011844509572256356
329.06290074462595,0.9994725584983826,0.00011843945685541257
329.08333345875144,0.9938780069351196,0.00011815957259386778
329.1037660729853,0.987572193145752,0.00011781325883930549
329.12419888732984,0.9860134124755859,0.00011773380538215861
329.14463160178275,0.9855806231498718,0.00011770016863010824
329.1650642163586,0.9853154420852661,0.00011770524724852294
329.18549703102326,0.986927330493927,0.00011778350017266348
329.2059297458036,0.9925941228866577,0.00011809870920842513
329.22636236069957,0.9991266131401062,0.00011839321086881682
329.24679507570545,0.9998237490653992,0.00011844524124171585
329.2672278908067,0.9996758103370667,0.00011842334788525477
329.28766050603735,0.99961918592453,0.00011844191612908617
329.30809322137065,0.9999698400497437,0.00011843206448247656
329.3285260368066,0.9999192953109741,0.00011844301479868591
329.3489586523574,0.9998700022697449,0.00011846603592857718
329.3693913680254,1.000370979309082,0.00011845360859297216
329.389824183796,1.0004862546920776,0.00011846779671031982
329.41025679967424,1.0002925395965576,0.00011847148562083021
329.43068951567693,1.000560998916626,0.00011847290443256497
329.45112233177497,1.0007617473602295,0.00011848580470541492
329.4715549479952,1.001023769378662,0.00011849393195006996
329.4919876643253,1.0013000965118408,0.00011849280417663977
329.51242038075725,1.0010473728179932,0.00011850196460727602
329.5328530973129,1.0013138055801392,0.00011849968723254278
329.5532858139777,1.0016435384750366,0.00011852393799927086
329.57371843073633,1.0014218091964722,0.0001185074943350628
329.594151247642,1.0018093585968018,0.00011850120790768415
329.6145839646342,1.0019034147262573,0.00011852581519633532
329.6350166817356,1.0022273063659668,0.00011853125761263072
329.6554493989606,1.0020703077316284,0.00011850515147671103
329.6758821163021,1.0020390748977661,0.00011853453179355711
329.69631483373814,1.0019482374191284,0.00011852510215248913
329.7167474512971,1.0018138885498047,0.00011852789612021297
329.7371802689595,1.0015016794204712,0.00011850445298478007
329.7576129867448,1.0014452934265137,0.00011849331349367276
329.778045604653,1.0014839172363281,0.00011850769078591838
329.79847842266463,1.0013377666473389,0.00011849884322145954
329.81891114077007,1.0011887550354004,0.0001185038490802981
329.839343759013,1.00092351436615,0.00011847215500893071
329.8597765773593,1.000480055809021,0.00011847911810036749
329.88020929582854,1.0000971555709839,0.00011843108950415626
329.9006419143916,0.9997485280036926,0.00011843373795272782
329.9210746330864,0.9995009303092957,0.00011843166430480778
329.9415074518911,0.9991391897201538,0.0001183927379315719
329.96194017080416,0.9986534714698792,0.00011837616330012679
329.9823727898329,0.998132586479187,0.00011837181227747351
330.00280560897227,0.997927188873291,0.00011834814358735457
330.0232383282346,0.9975104928016663,0.00011833580356324092
330.04367094761255,0.9973272085189819,0.00011833267490146682
330.06410376708664,0.9971908926963806,0.00011832108430098742
330.08453648668365,0.9970531463623047,0.00011831184383481741
330.10496910641086,0.997126579284668,0.00011831682786578313
330.12540192624874,0.9970298409461975,0.00011830929724965245
330.14583464618045,0.9968928098678589,0.00011831300798803568
330.1662672662569,0.9964620471000671,0.00011826193804154173
330.1866999864287,0.9963505268096924,0.00011827515118056908
330.207132806725,0.996148407459259,0.00011827739945147187
330.2275654271216,0.9963622689247131,0.00011826712579932064
330.2479981476572,0.9964383244514465,0.00011828337301267311
330.26843096828816,0.9966596961021423,0.00011830046423710883
330.2888636890493,0.9971073269844055,0.00011831377923954278
330.30929630991886,0.997779369354248,0.00011831219308078289
330.32972913089907,0.9979690313339233,0.00011835283658001572
330.3501618519949,0.9980920553207397,0.00011834780889330432
330.37059447322827,0.9981963634490967,0.0001183537024189718
330.39102719455695,0.9984811544418335,0.0001183822751045227
330.41145991600206,0.9989435076713562,0.00011840709339594468
330.45232535926334,0.9999996423721313,0.00011843120591947809
330.4727580810577,1.0001895427703857,0.00011843322863569483
330.49319080297573,1.000844955444336,0.00011849655129481107
330.51362352501746,1.0013993978500366,0.00011849715519929305
330.53405624716106,1.0017523765563965,0.00011849881411762908
330.55448896942835,1.0021661520004272,0.00011853563046315685
330.5749216918193,1.0027034282684326,0.00011859311780426651
330.5953543143405,1.0030711889266968,0.00011862092651426792
330.61578713694325,1.0034292936325073,0.00011863369581988081
330.6362198596835,1.0036180019378662,0.00011864038242492825
330.65665248253936,1.0041049718856812,0.00011867210560012609
330.67708530552045,1.0041189193725586,0.00011863739200634882
330.6975180286245,1.0044658184051514,0.00011868343426613137
330.7179506518296,1.004644751548767,0.00011871919559780508
330.7383834751454,1.0048145055770874,0.00011870713933603838
330.75881619859865,1.0052101612091064,0.00011872872710227966
330.7792488221821,1.0052820444107056,0.00011873345647472888
330.79968164584716,1.0051249265670776,0.0001187067900900729
330.8201143696642,1.0054030418395996,0.00011873417679453269
330.8405470935977,1.0048760175704956,0.00011873020412167534
330.86097971764684,1.0049495697021484,0.00011869974696310237
330.8814125417921,1.0046496391296387,0.00011870151502080262
330.9018452660748,1.004526138305664,0.00011869426089106128
330.9222778904805,1.004539966583252,0.00011868772708112374
330.94271071501134,1.0039876699447632,0.00011867508146679029
330.9631434396433,1.0035818815231323,0.00011865453416248783
330.9835760643982,1.0034359693527222,0.0001186281006084755
331.00400888927834,1.0029010772705078,0.00011862189421663061
331.02444161428866,1.002657175064087,0.00011858899961225688
331.0448742393928,1.0023387670516968,0.00011857848585350439
331.0653069646505,1.002164363861084,0.00011858781363116577
331.0857397899963,1.0018545389175415,0.0001185448418254964
331.12660514108575,1.0046883821487427,0.00011905829887837172
331.1470379668099,1.0010616779327393,0.00011849453585455194
331.1674706926424,1.0005782842636108,0.0001184794818982482
331.1879033186269,1.0005865097045898,0.00011847013956867158
331.2083361447003,0.9995999336242676,0.00011842985986731946
331.2287688708966,0.9934104681015015,0.00011815992911579087
331.24920149724494,0.9870542883872986,0.00011780221393564716
331.2696342236959,0.9855590462684631,0.00011770174751291052
331.29006705025677,0.9852702021598816,0.00011772486323025078
331.3104996769398,0.9854910969734192,0.00011772324069170281
331.3309324037691,0.9861969947814941,0.00011775563325500116
331.3513652306938,0.991885244846344,0.00011807373812189326
331.3717978577697,0.9986587166786194,0.00011839810031233355
331.3922305849337,0.9994343519210815,0.00011845135304611176
331.4126634122367,0.9991170167922974,0.00011841489322250709
331.43309603967646,0.9994540810585022,0.00011843910033348948
331.4535287672188,0.9996526837348938,0.00011845652625197545
331.47396149488486,0.9997186064720154,0.00011846186680486426
331.4943942226746,1.0000303983688354,0.00011846902634715661
331.5148269505953,1.0003207921981812,0.00011846007691929117
331.53525957863894,1.0000852346420288,0.00011846236884593964
331.55569240679324,1.0005820989608765,0.00011848232679767534
331.57612513507775,1.0008808374404907,0.00011851547606056556
331.59655776349246,1.0013247728347778,0.00011852297757286578
331.6169905920178,1.002001404762268,0.00011859273217851296
331.63742332066613,1.0016762018203735,0.00011854989861603826
331.6578560494381,1.002212643623352,0.00011858252400998026
331.67828877834836,1.0026061534881592,0.00011858847574330866
331.698721507375,1.0027844905853271,0.00011864650150528178
331.71915423652536,1.0030256509780884,0.00011861220264108852
331.73958686579863,1.0029202699661255,0.00011863138934131712
331.7600196952044,1.0029208660125732,0.00011862490646308288
331.78045242471853,1.0032767057418823,0.00011860955419251695
331.80088505437016,1.0025984048843384,0.00011862346582347527
331.82131788415427,1.0027018785476685,0.00011860761878779158
331.84175061404676,1.002995491027832,0.00011861487291753292
331.86218324407673,1.0024116039276123,0.00011860488302772865
331.88261607422464,1.0023225545883179,0.00011855606862809509
331.90304880448093,1.0022804737091064,0.00011854846525238827
331.92348143488925,1.0019152164459229,0.00011853563046315685
331.94391416541475,1.0017387866973877,0.00011852900206577033
331.96434699605015,1.0008734464645386,0.00011850177543237805
331.9847796268368,1.000600814819336,0.00011850076407426968
332.0052123577261,1.0006132125854492,0.0001184753273264505
332.0256451887544,1.0000625848770142,0.0001184631692012772
332.0460779198911,0.9996001720428467,0.00011842554522445425
332.0665105511871,0.9994850754737854,0.00011844182154163718
332.0869433825792,0.9994056224822998,0.00011846059351228178
332.1073761141088,0.9986831545829773,0.00011839836952276528
332.12780874576856,0.9981054067611694,0.0001183624699478969
332.14824147753825,0.9974599480628967,0.00011832857126137242
332.1686743094615,0.9973384737968445,0.00011837165948236361
332.18910694149963,0.9970999360084534,0.00011834606993943453
332.20953967365494,0.9968948364257812,0.00011832986638182774
332.22997250594926,0.9964863657951355,0.00011831110168714076
332.25040513836575,0.9960919618606567,0.00011828637798316777
332.27083787089214,0.9960339069366455,0.00011831397569039837
332.2912707035721,0.995884895324707,0.00011829397408291698
332.3117034363677,0.9953723549842834,0.00011827281559817493
332.33213606930804,0.9952847957611084,0.00011825856199720874
332.35256890235905,0.9952620267868042,0.00011825748515548185
332.37300153553224,0.9949265122413635,0.00011823680688394234
332.39343426884443,0.9952571392059326,0.00011826625268440694
332.4138670022803,0.9953007698059082,0.00011825219553429633
332.4342997358326,0.9956910610198975,0.00011828829883597791
332.4547324695304,0.9960668087005615,0.00011830301082227379
332.4751652033665,0.9961071610450745,0.0001182898340630345
332.49559793732624,0.996423065662384,0.00011830754374386743
332.51603067139513,0.9968416690826416,0.00011832144082291052
332.5364634055877,0.9974187016487122,0.00011834100587293506
332.5568961399258,0.9981030821800232,0.00011837020429084077
332.57732887440943,0.9985712766647339,0.00011836989142466336
332.5977616090022,0.9995103478431702,0.0001184095090138726
332.6181942437179,0.9994164705276489,0.00011841023660963401
332.63862707854423,1.0001857280731201,0.00011844469554489478
332.6590598135517,1.0004713535308838,0.00011846577399410307
332.67949244867486,1.0010967254638672,0.00011849090515170246
332.69992528390867,1.0016911029815674,0.00011852572060888633
332.7203580192654,1.0020006895065308,0.00011855675256811082
332.7407906547669,1.002398133277893,0.00011858931975439191
332.76122349040816,1.0031658411026,0.00011861288658110425
332.78165622617234,1.0038371086120605,0.00011863770487252623
332.8020888620522,1.0039474964141846,0.0001186498993774876
332.8225215980783,1.004300832748413,0.00011862852261401713
332.84295443424344,1.004427433013916,0.00011864772386616096
332.8633871705024,1.0047627687454224,0.0001186767258332111
332.88381980692793,1.005091667175293,0.00011870033631566912
332.9042526434787,1.0056582689285278,0.0001187340822070837
332.9246853801451,1.005265474319458,0.00011866530985571444
332.94511801695626,1.0055079460144043,0.0001187440866488032
332.9655508538781,1.0051950216293335,0.00011873374023707584
332.98598359095195,1.0050677061080933,0.0001186632362077944
333.0064162281342,1.0049829483032227,0.00011871165770571679
333.02684906549985,1.004400372505188,0.00011867134890053421
333.04728180295206,1.004372239112854,0.00011866771819768474
333.067714440549,1.0043057203292847,0.00011865399574162439
333.088147178285,1.0040327310562134,0.00011865384294651449
333.1085800161163,1.0041557550430298,0.00011865000851685181
333.12901265411347,1.0034526586532593,0.00011862316023325548
333.14944539223507,1.0031787157058716,0.00011859204823849723
333.16987823050295,1.0028058290481567,0.00011858338984893635
333.1903109688792,1.002488136291504,0.00011857161007355899
333.2107436074075,1.0021454095840454,0.0001185640794574283
333.2311764460537,1.0018149614334106,0.00011853864998556674
333.25160918483743,1.0015448331832886,0.00011853640899062157
333.2720418237441,1.0012233257293701,0.00011853064643219113
333.292474562797,1.0009739398956299,0.00011847514542751014
333.3129074019889,1.0007480382919312,0.0001184920038213022
333.333340041303,1.0004189014434814,0.00011846115376101807
333.3537727807634,0.9998916387557983,0.00011841825471492484
333.3742055203329,0.9933978915214539,0.00011814222671091557
333.41507099992305,0.9860643148422241,0.00011774958693422377
333.4355037399073,0.9850368499755859,0.00011771069694077596
333.4559364800298,0.9858528971672058,0.00011771841673180461
333.47636922027596,0.9866646528244019,0.00011775011080317199
333.496801860696,0.9925809502601624,0.00011808241106336936
333.51723470087745,0.9991347193717957,0.00011839164653792977
333.5376674415311,0.9994659423828125,0.0001184441935038194
333.5581000823295,0.9995298385620117,0.0001184157226816751
333.57853292326763,0.9997568726539612,0.00011842427920782939
333.5989656643287,0.9997541308403015,0.00011842075036838651
333.61939830553456,1.0003423690795898,0.00011842424282804132
333.63983114685107,1.000464916229248,0.00011847899440908805
333.6602638883196,1.000666856765747,0.00011848198482766747
333.6806965299329,1.001242995262146,0.00011848995927721262
333.7011292716561,1.001556634902954,0.00011852243187604472
333.72156211353285,1.0012701749801636,0.00011850527516799048
333.741994855518,1.0018678903579712,0.00011855371849378571
333.76242749768426,1.0018317699432373,0.00011853848263854161
333.78286033993936,1.002325177192688,0.00011855152843054384
333.8032930823683,1.0025341510772705,0.00011856206401716918
333.8237257249348,1.0026302337646484,0.00011856506898766384
333.84415856759733,1.0027153491973877,0.00011857340723508969
333.8645913104265,1.0027015209197998,0.00011853288015117869
333.88502395340765,1.002830982208252,0.00011856511264340952
333.90545679647767,1.0028852224349976,0.00011858648940687999
333.92588953972154,1.0025508403778076,0.00011855169577756897
333.9463221830738,1.002465009689331,0.00011854508920805529
333.9667549266087,1.0025979280471802,0.00011857810750370845
333.9871877702535,1.0023326873779297,0.00011858548532472923
334.00762051402126,1.00199556350708,0.00011854599870275706
334.02805315793375,1.0022296905517578,0.00011854359763674438
334.0484860019933,1.0015289783477783,0.0001185354485642165
334.0689187461903,1.0016816854476929,0.00011850684677483514
334.0893513905394,1.0013853311538696,0.00011851193994516507
334.1097842349991,1.000739336013794,0.00011847366840811446
334.13021697958175,1.0003736019134521,0.00011847278801724315
334.15064962433826,0.9998343586921692,0.0001184423454105854
334.17108236921194,0.9994154572486877,0.00011844539403682575
334.19151521425374,0.9989376664161682,0.00011837419879157096
334.2119478594177,0.9980036020278931,0.0001183486238005571
334.23238060469885,0.9978891611099243,0.00011830088624265045
334.252813450119,0.997596800327301,0.00011827684647869319
334.2732460957195,0.9971128702163696,0.00011830821313196793
334.2936788414081,0.9965617656707764,0.00011827286652987823
334.31411158726405,0.9963599443435669,0.00011825573164969683
334.33454443324445,0.9955326914787292,0.00011826925037894398
334.35497707939794,0.9957173466682434,0.00011824552348116413
334.37540982566134,0.9953922033309937,0.00011821607040474191
334.3958425720484,0.9951984286308289,0.00011821834777947515
334.41627531861013,0.9950137138366699,0.00011822393571492285
334.436708065281,0.9948800802230835,0.00011820818326668814
334.45714081213373,0.994173526763916,0.00011815817561000586
334.4775735590956,0.9945058822631836,0.00011817319318652153
334.4980063061812,0.9941505193710327,0.00011817675112979487
334.5184390534414,0.9942566156387329,0.00011817872291430831
334.538871800818,0.9943370223045349,0.00011818154598586261
334.5593044483612,0.9944821000099182,0.00011817786435130984
334.5797371960289,0.9951694011688232,0.00011822723172372207
334.60017004380643,0.9953905940055847,0.00011823479144368321
334.6206027917651,0.995756208896637,0.00011827462731162086
334.64103543983947,0.9960877895355225,0.00011823573004221544
334.66146828808996,0.9962481260299683,0.00011823532258858904
334.68190103644883,0.9967540502548218,0.00011828219430753961
334.70233368495974,0.9971434473991394,0.00011829508730443195
334.7227665336104,0.9976552724838257,0.00011832507152576
334.7431992824131,0.9980606436729431,0.00011839549551950768
334.7636319313606,0.9985783100128174,0.0001184067950816825
334.784064780426,0.9989360570907593,0.00011845104017993435
334.80449752962886,0.9996446371078491,0.00011847760470118374
334.8249301789838,1.0004456043243408,0.00011849805014207959
334.845362928485,1.000537395477295,0.000118488613225054
334.8657957781252,1.000999093055725,0.00011855123739223927
334.8862285279174,1.0019354820251465,0.00011856020137201995
334.9066611778544,1.0020920038223267,0.00011858990910695866
334.92709402790206,1.002537488937378,0.0001185880828415975
334.94752677813085,1.002839207649231,0.00011860504309879616
334.9679594285044,1.002851963043213,0.00011862657265737653
334.9883922789886,1.0032117366790771,0.00011863176769111305
335.00882502959576,1.0037567615509033,0.00011863507825182751
335.02925768040586,1.0039951801300049,0.00011868106230394915
335.04969043132587,1.0043199062347412,0.00011865935084642842
335.07012328239944,1.0043891668319702,0.00011868482397403568
335.090555933617,1.0041693449020386,0.00011864762927871197
335.11098868497356,1.004469871520996,0.00011869223089888692
335.1314215364546,1.00447416305542,0.00011867017019540071
335.1518541881087,1.0044903755187988,0.00011866987188113853
335.1722869399018,1.0045547485351562,0.00011867841385537758
335.1927197918194,1.0043983459472656,0.00011867094872286543
335.21315254387446,1.0043845176696777,0.00011868530418723822
335.23358519611065,1.0044891834259033,0.0001186540539492853
335.254017948464,1.0042675733566284,0.00011864986299769953
335.2744508009637,1.0038528442382812,0.00011863937106681988
335.29488345362915,1.0036245584487915,0.00011862603423651308
335.3153162064191,1.0029754638671875,0.00011864422413054854
335.335749059348,1.0027477741241455,0.00011861751409014687
335.3561817124282,1.0021713972091675,0.00011860298400279135
335.3766144656838,1.0018192529678345,0.00011860652739414945
335.3970472190558,1.0013259649276733,0.00011854972399305552
335.41747997253697,1.0014116764068604,0.0001185502769658342
335.4379127262291,1.000788927078247,0.00011854149488499388
335.4583453800369,1.0007226467132568,0.00011853598698507994
335.4787782339845,1.0000550746917725,0.0001185231885756366
335.4992109880841,0.999066948890686,0.00011848920257762074
335.51964364232845,0.9927693009376526,0.00011812907905550674
335.5400764967126,0.9864659309387207,0.0001177956146420911
335.56050925124873,0.9856865406036377,0.00011773509322665632
335.58094190595875,0.9850288033485413,0.0001176937876152806
335.60137476077944,0.9851356148719788,0.00011773709411500022
335.62180751575215,0.9869284629821777,0.00011778125917771831
335.6422401708696,0.9928654432296753,0.00011812201410066336
335.66267302612687,0.9985964894294739,0.00011840568186016753
335.68310578153614,0.9991326928138733,0.00011841639934573323
335.7035384371193,0.9993348717689514,0.00011844241089420393
335.7239711928123,0.9994773864746094,0.00011844497930724174
335.7444040486589,0.999588668346405,0.0001184669672511518
335.76483680467936,0.9996367692947388,0.0001184716893476434
335.7852694608373,0.9997990727424622,0.0001184826105600223
335.80570231712045,0.9998648762702942,0.00011846366396639496
335.82613507354836,1.0001963376998901,0.00011851071758428589
335.84656773014285,1.00066339969635,0.00011849478323711082
335.86700058689166,1.0008196830749512,0.00011849334259750322
335.88743334378523,1.0008541345596313,0.00011852002353407443
335.9078660008163,1.001065969467163,0.0001185411965707317
335.9282987580009,1.001105546951294,0.00011853353498736396
335.9487316153318,1.0014846324920654,0.00011856036871904507
335.9691642727994,1.0016155242919922,0.0001185302680823952
335.98959703042055,1.0017818212509155,0.00011856076162075624
336.010029888188,1.0020430088043213,0.00011857380013680086
336.03046254612127,1.0024182796478271,0.00011860518861794844
336.050895304179,1.0022270679473877,0.00011858138168463483
336.0713281624121,1.0022475719451904,0.00011860796803375706
336.0917609207827,1.0026599168777466,0.00011859041842399165
336.1121935793053,1.0025228261947632,0.0001186008084914647
336.1326263379742,1.0022705793380737,0.0001185709479614161
336.153059196753,1.0023468732833862,0.00011858523066621274
336.1734918557413,1.0017814636230469,0.00011857951176352799
336.19392461484676,1.0016677379608154,0.00011856641503982246
336.21435747412033,1.0012452602386475,0.00011853640171466395
336.23479013351607,1.0004643201828003,0.00011852269381051883
336.2552228930872,1.0001270771026611,0.00011850126611534506
336.2756557527973,0.9990982413291931,0.00011845639528473839
336.2960884126587,0.9985892176628113,0.00011844225809909403
336.3165211726955,0.9978740811347961,0.0001183883287012577
336.3369539328414,0.9975171089172363,0.00011840117076644674
336.35738669316925,0.9964765310287476,0.00011834585893666372
336.39825221425417,0.9957454800605774,0.00011831744632218033
336.41868497501855,0.9951814413070679,0.00011828583956230432
336.43911773592845,0.9949916005134583,0.00011823634122265503
336.4595503969758,0.9944257736206055,0.00011822276428574696
336.47998325820663,0.9941959381103516,0.00011820279905805364
336.5004160195822,0.9940213561058044,0.00011820324289146811
336.52084868109523,0.9938930869102478,0.00011818348139058799
336.5412815427626,0.9935492277145386,0.000118144293082878
336.5617143046038,0.9934712052345276,0.00011816003097919747
336.5821469665534,0.9928776621818542,0.00011814967729151249
336.60257972868567,0.9925666451454163,0.0001181413244921714
336.6230125909642,0.9924957156181335,0.00011814478057203814
336.64344535340933,0.9924739003181458,0.00011813684250228107
336.6638780159774,0.9928979873657227,0.00011814664321718737
336.70474364157417,0.9931151866912842,0.00011814230674644932
336.725176304637,0.993649423122406,0.00011814507161034271
336.74560916781775,0.9940123558044434,0.0001182184714707546
336.7660419311651,0.9941068887710571,0.00011821144289569929
336.78647459466447,0.9946450591087341,0.00011825412366306409
336.8069073583101,0.9951413869857788,0.00011828323476947844
336.8273402220948,0.9955645203590393,0.00011830122821265832
336.84777288605983,0.9958802461624146,0.00011831198207801208
336.86820565020025,0.9965339303016663,0.00011835258919745684
336.8886385144215,0.9974374771118164,0.00011837246711365879
336.90907127885293,0.9981616139411926,0.00011842603998957202
336.92950394342915,0.9991777539253235,0.00011847483256133273
336.94993680814514,0.9999459981918335,0.00011850593000417575
336.97036957301316,1.0000039339065552,0.00011852200259454548
336.99080223805504,1.0004982948303223,0.00011855868069687858
337.0112350032359,1.0013586282730103,0.00011857501522172242
337.03166786854126,1.0015238523483276,0.00011858405923703685
337.0521005340488,1.0024436712265015,0.00011861387611133978
337.07253329969535,1.0028610229492188,0.00011861082748509943
337.09296616549545,1.003119945526123,0.00011864275438711047
337.11339883143955,1.0035638809204102,0.00011867117427755147
337.13383159755176,1.0041146278381348,0.00011871281458297744
337.1542644638175,1.0040504932403564,0.00011869609443238005
337.1746971302564,1.0044193267822266,0.00011868493311339989
337.19512989680516,1.0042222738265991,0.00011870777962030843
337.2155626635358,1.0043853521347046,0.0001187158195534721
337.235995430412,1.0045188665390015,0.00011872148752445355
337.25642819745553,1.0043715238571167,0.00011872612230945379
337.27686096465186,1.0042526721954346,0.0001187031448353082
337.29729383202357,1.0042994022369385,0.00011870604794239625
337.3177264995029,1.0037670135498047,0.00011870784510392696
337.3381592671649,1.0038442611694336,0.00011871326569234952
337.3585920349724,1.0036009550094604,0.00011867370631080121
337.37902480294724,1.0035396814346313,0.00011866468412335962
337.399457571104,1.0032538175582886,0.000118662414024584
337.41989033937716,1.0034196376800537,0.00011867268767673522
337.4403231078177,1.0029659271240234,0.00011864586122101173
337.460755876411,1.0027369260787964,0.0001186459485325031
337.48118854517816,1.0025529861450195,0.00011860619997605681
337.5016214140851,1.0020509958267212,0.00011858460493385792
337.52205418314406,1.0020252466201782,0.00011859892401844263
337.5424868523769,1.0017061233520508,0.00011859894584631547
337.5629197217495,1.0007232427597046,0.00011852213356178254
337.5833524912741,1.0004312992095947,0.000118511394248344
337.6037851609726,0.9999275207519531,0.00011851229646708816
337.62421803084,0.9994972944259644,0.00011850299779325724
337.6446508008303,0.9984720945358276,0.00011841757805086672
337.66508347102354,0.9915386438369751,0.00011808788258349523
337.6855162413267,0.9859198331832886,0.00011780369095504284
337.7059491118125,0.9846932888031006,0.00011770800483645871
337.72638178247144,0.9843664169311523,0.00011768793046940118
337.74681455326936,0.984470784664154,0.00011768013791879639
337.76724742422084,0.9857690930366516,0.00011772575817303732
337.7876801953171,0.9918935894966125,0.00011811768490588292
337.808112866609,0.9980697631835938,0.00011839973012683913
337.82854573802615,0.9980831146240234,0.00011839831859106198
337.84897850961715,0.9979216456413269,0.00011841376544907689
337.86941118137474,0.9981308579444885,0.00011842717503895983
337.8898439532859,0.9984345436096191,0.0001184549619210884
337.9102768253433,0.9985712766647339,0.00011845163680845872
337.93070949756657,0.9987244009971619,0.0001184355714940466
337.9511422699725,0.9986721873283386,0.00011844365508295596
337.97157514252467,0.9986194372177124,0.00011845082190120593
337.9920078152136,0.9991875290870667,0.0001184602442663163
338.01244058808516,0.998833179473877,0.0001184709690278396
338.032873461103,0.9991666674613953,0.00011847807036247104
338.0533061342867,0.9994850754737854,0.00011847933637909591
338.0737389076239,0.9997218251228333,0.00011848211579490453
338.09417178113654,1.0000654458999634,0.0001185138535220176
338.11460455475753,1.0003615617752075,0.00011853259638883173
338.1350372286179,1.0006263256072998,0.00011855908815050498
338.1554700025954,1.001067042350769,0.0001185588407679461
338.1759028767119,1.0013022422790527,0.00011858614016091451
338.1963355510379,1.0014352798461914,0.0001185644869110547
338.2167683254811,1.001661777496338,0.00011856817582156509
338.2372012001215,1.001918077468872,0.00011862304381793365
338.25763387491315,1.0017529726028442,0.0001185852597700432
338.2780666498511,1.0016878843307495,0.00011859267397085205
338.29849952495715,1.0015411376953125,0.00011856072524096817
338.3189322002145,1.0013015270233154,0.00011856522905873135
338.3393643756426,1.0012004375457764,0.00011856262426590547
338.35979715124995,1.0007485151290894,0.00011854771582875401
338.38023002703267,1.0002367496490479,0.00011851874296553433
338.40066280292376,1.0000288486480713,0.00011850483861053362
338.421095478996,0.9993082880973816,0.00011848033318528906
338.4415283552444,0.9987614154815674,0.00011845757398987189
338.46196113160113,0.9982351660728455,0.00011842621461255476
338.48239380819723,0.9976938366889954,0.00011841143714264035
338.50282668491127,0.9972229599952698,0.00011838897626148537
338.5232594617919,0.9966245889663696,0.00011836559133371338
338.54369213885366,0.9959190487861633,0.0001183419008157216
338.5641249160908,0.9958291053771973,0.00011833511962322518
338.58455779343785,0.9953405857086182,0.0001182996275019832
338.6049904709653,0.9947036504745483,0.00011830967559944838
338.6254232486681,0.9946571588516235,0.00011828390415757895
338.645856126539,0.9941225647926331,0.00011824347166111693
338.6662888045321,0.9937282204627991,0.00011824959801742807
338.68672158275876,0.9936699271202087,0.00011824005196103826
338.7071543610946,0.9932057857513428,0.0001182093401439488
338.7275871396123,0.9929032921791077,0.00011820649524452165
338.74801991830464,0.9925559759140015,0.00011819312931038439
338.76845259710535,0.9920017123222351,0.00011816948972409591
338.7888854761477,0.9920048713684082,0.00011817074846476316
338.8093182553057,0.9919275045394897,0.00011814417666755617
338.8297509346303,0.9919882416725159,0.00011816553887911141
338.8501838141383,0.9923209547996521,0.00011817320046247914
338.87061659376195,0.9927678108215332,0.00011819418432423845
338.89104937361117,0.9932295680046082,0.00011822785018011928
338.9114821535841,0.9939284920692444,0.00011825018736999482
338.9319149337316,0.993982195854187,0.00011825260298792273
338.9523477140465,0.9944734573364258,0.0001182930645882152
338.97278049454326,0.9950438737869263,0.00011829396680695936
338.99321327521466,0.9956559538841248,0.00011833439202746376
339.0136460559952,0.9963950514793396,0.00011838479258585721
339.0340787370151,0.9968976974487305,0.00011839461512863636
339.0545116181529,0.9976945519447327,0.00011843672109534964
339.0749443993991,0.9983123540878296,0.00011845180415548384
339.09537708088465,0.9988632202148438,0.00011848141730297357
339.11580996254634,0.9994674324989319,0.00011849960719700903
339.1362427443746,0.9999312162399292,0.00011850825831061229
339.1566754263258,1.000449538230896,0.00011855408229166642
339.17710830845317,1.0008883476257324,0.00011859209189424291
339.1975410907471,1.0010383129119873,0.00011860154336318374
339.21797387322295,1.0018088817596436,0.00011860338418046013
339.23840655587264,1.0018295049667358,0.00011863437248393893
339.258839438633,1.0024921894073486,0.00011865869601024315
339.2792722216327,1.0029658079147339,0.00011867319699376822
339.29970490474807,1.0034096240997314,0.00011869201989611611
339.3201377880323,1.0032644271850586,0.00011868225556099787
339.3610032551369,1.0035879611968994,0.00011869335867231712
339.381436138945,1.003982663154602,0.00011871141759911552
339.4018689229342,1.0040900707244873,0.00011871824244735762
339.4223016070391,1.0043247938156128,0.00011875128984684125
339.4427343913703,1.0044203996658325,0.00011873117909999564
339.463167275826,1.0041239261627197,0.00011872158938786015
339.48359996045474,1.0040706396102905,0.00011871459719259292
339.5040327452516,1.0038238763809204,0.00011870580783579499
339.5244655302304,1.0037492513656616,0.00011871820606756955
339.54489831538376,1.0032615661621094,0.00011868510773638263
339.5653311006463,1.003424882888794,0.00011870401067426428
339.5857639861497,1.0026730298995972,0.00011868220462929457
339.606196671768,1.0023924112319946,0.0001186732406495139
339.6266294576126,1.0020060539245605,0.00011863747204188257
339.64706234358164,1.0016911029815674,0.00011863942927448079
339.6674950297238,1.0015392303466797,0.00011862418614327908
339.68792781603406,1.001130223274231,0.00011858748621307313
339.70836050252547,1.0010181665420532,0.00011859580990858376
339.728793389193,1.0006345510482788,0.00011855871707666665
339.74922617602715,1.0001871585845947,0.0001185388391604647
339.769658962985,1.0000487565994263,0.00011854212789330631
339.79009175017563,0.9988049864768982,0.0001184838474728167
339.81052453747543,0.9915157556533813,0.00011816601909231395
339.83095732501533,0.9858222603797913,0.00011786530376411974
339.85139011267165,0.9845829010009766,0.00011775089660659432
339.8718229004953,0.9839950799942017,0.00011772900325013325
339.8922556885009,0.9841885566711426,0.0001177396479761228
339.9126883766803,0.985530436038971,0.00011787302355514839
339.9331212650286,0.9919841885566711,0.00011819527571788058
339.95355405355804,0.9975147247314453,0.00011843733955174685
339.97398674226133,0.9975236058235168,0.00011844315304188058
339.9944196310753,0.9974307417869568,0.00011844441905850545
340.0148524201286,0.9977065920829773,0.0001184526554425247
340.03528510935575,0.9977284073829651,0.00011845885455841199
340.0557179986936,0.9977767467498779,0.00011846145207528025
340.07615078821254,0.9978173971176147,0.00011844966502394527
340.09658357796434,0.998130202293396,0.00011846449342556298
340.1170162678318,0.9980067610740662,0.00011846434063045308
340.1374491578681,0.9981874227523804,0.00011847176938317716
340.15788194808556,0.9985560774803162,0.00011848652502521873
340.1783146384696,0.9986280798912048,0.00011849492148030549
340.19874752903706,0.9990854263305664,0.00011851018643938005
340.2191803197784,0.9995903372764587,0.00011853398609673604
340.2396130106936,0.999788224697113,0.00011854727927129716
340.26004590177763,1.0002567768096924,0.00011855929915327579
340.2804786930428,1.0005145072937012,0.0001185761284432374
340.3009113844746,1.0010205507278442,0.0001186003937618807
340.3213442760898,1.0012977123260498,0.00011861576058436185
340.34177706782066,1.0011842250823975,0.00011861335224239156
340.3622097597836,1.001288652420044,0.00011862297833431512
340.3826425518564,1.0012677907943726,0.00011861331586260349
340.40307534416934,1.0009222030639648,0.00011860185622936115
340.4235081365914,1.0009510517120361,0.00011861068924190477
340.4439409292536,1.0009022951126099,0.00011859546066261828
340.46437382203294,1.0006935596466064,0.00011859354708576575
340.4848065150436,1.0000879764556885,0.0001185660221381113
340.50523930816416,0.999895453453064,0.00011854790500365198
340.5256722015256,0.9992000460624695,0.000118530988402199
340.54610489499464,0.9988118410110474,0.00011850176088046283
340.56653768864635,0.9979088306427002,0.0001184711218229495
340.5869703825301,0.9974917769432068,0.00011846111738123
340.60740327652456,0.9972970485687256,0.00011842829553643242
340.62783607070014,0.9963828921318054,0.0001184049469884485
340.64826886510855,0.9959914684295654,0.00011838974023703486
340.6687016596261,0.9954630136489868,0.00011835675104521215
340.68913445432554,0.9949423670768738,0.00011834534234367311
340.7095672491996,0.994312584400177,0.00011830524454126135
340.73000004429923,0.9939103722572327,0.0001183032727567479
340.75043283952255,0.9932951927185059,0.00011828145943582058
340.7708656349205,0.9931237101554871,0.00011826184345409274
340.791298330485,0.9926573038101196,0.00011824112880276516
340.81173122623295,0.9922494292259216,0.00011822455417132005
340.83216402215476,0.9919715523719788,0.00011819849169114605
340.85259671830863,0.9919737577438354,0.00011820568761322647
340.87302961457317,0.9918861985206604,0.00011819050268968567
340.89346241101885,0.9914808869361877,0.00011817119957413524
340.9138951076311,0.9914650321006775,0.00011817966151284054
340.9343280044268,0.9913800358772278,0.00011817399354185909
340.95476080145454,0.9914759397506714,0.00011817157792393118
340.97519359859143,0.9915428757667542,0.00011818771599791944
340.99562629590946,0.9922787547111511,0.00011820861982414499
341.01605919346184,0.9938003420829773,0.00011830547009594738
341.0364919911226,0.9933385252952576,0.00011827034904854372
341.0569246889645,0.9938541054725647,0.00011828386050183326
341.07735758704075,0.9940974712371826,0.00011829679715447128
341.0977903852254,0.9942826628684998,0.0001183162530651316
341.11822308364935,0.9952802062034607,0.00011834835459012538
341.13865598219127,0.9955770969390869,0.00011836476187454537
341.159088780958,0.9960453510284424,0.00011838393402285874
341.1795214798476,0.9969933032989502,0.00011842141975648701
341.1999543789716,0.9973503351211548,0.00011844534310512245
341.22038717820396,0.9976711273193359,0.00011846525012515485
341.2408198776757,0.9980961084365845,0.00011847329733427614
341.2612526773228,0.998229444026947,0.00011849432485178113
341.281685477079,0.9990910887718201,0.00011853215983137488
341.30211827707535,0.999748945236206,0.000118554788059555
341.3225510772463,1.0003628730773926,0.0001185850051115267
341.3429839775272,1.001301646232605,0.00011861938401125371
341.36341667810484,1.0016560554504395,0.0001186333829537034
341.3838494787997,1.0020480155944824,0.00011864800762850791
341.4042823796044,1.0022186040878296,0.00011865099077112973
341.42471508064773,1.0028117895126343,0.00011868048022734001
341.44514788192464,1.0030226707458496,0.00011869297304656357
341.46558068331797,1.0031116008758545,0.00011870377056766301
341.48601348487864,1.0034247636795044,0.00011870753951370716
341.5064462866212,1.003446102142334,0.00011871990136569366
341.52687908858934,1.0034526586532593,0.00011871676542796195
341.54731189068116,1.003881573677063,0.00011874017218360677
341.5677446930058,1.0035492181777954,0.00011873739276779816
341.58817749544687,1.003873586654663,0.00011873933544848114
341.6086102981135,1.0038055181503296,0.00011874252231791615
341.629043100962,1.003790259361267,0.00011875268683070317
341.64947590391967,1.00350022315979,0.00011871973401866853
341.6699088071182,1.0034539699554443,0.00011872759932884946
341.6903415104898,1.0034276247024536,0.00011872021423187107
341.7107743140368,1.0031388998031616,0.00011869565059896559
341.7312070177504,1.0026854276657104,0.00011869207082781941
341.75163992164744,1.0024999380111694,0.00011867885041283444
341.77207272576925,1.0017900466918945,0.00011863870895467699
341.79250553001475,1.0016074180603027,0.00011863450345117599
341.8129383344931,1.0015151500701904,0.00011862780229421332
341.83337113908783,1.000636339187622,0.00011859038204420358
341.85380394390813,1.000420093536377,0.00011858688230859116
341.87423674891033,1.00048828125,0.0001185839282697998
341.8946695540799,0.9997920393943787,0.00011855716729769483
341.91510235943133,0.9994556903839111,0.00011854561307700351
341.93553506495664,0.9981505870819092,0.00011846954294014722
341.9559679706581,0.9910210967063904,0.00011814561003120616
341.97640077652613,0.9854164123535156,0.00011788258416345343
341.9968334825753,0.9842435121536255,0.00011778056796174496
342.01726638885157,0.9836474657058716,0.0001177304147859104
342.03769919525075,0.9839065074920654,0.00011776887549785897
342.058131901882,0.9848501682281494,0.00011783576337620616
342.0785648086894,0.9919843673706055,0.00011820017971331254
342.0989976156634,0.9969954490661621,0.00011841822561109439
342.1194303228185,0.9970009326934814,0.0001184275170089677
342.139863130149,0.9969618916511536,0.0001184342399938032
342.16029603764764,0.9969266057014465,0.00011842540698125958
342.18072874538484,0.9972261190414429,0.00011844084656331688
342.2011615532974,0.9970643520355225,0.00011845010885735974
342.2215944613199,0.9974320530891418,0.00011844264372484758
342.242027169581,0.9977452158927917,0.00011846356210298836
342.26245997801016,0.9980034232139587,0.00011847716086776927
342.282892886622,0.9986409544944763,0.00011849347356474027
342.30332559540693,0.9988858699798584,0.00011850996088469401
342.32375840436725,0.9994106888771057,0.00011854021431645378
342.3646240229209,1.0005385875701904,0.00011857422941830009
342.3850568323978,1.0006228685379028,0.00011858083598781377
342.40548964211484,1.0010713338851929,0.00011858878860948607
342.4259224520065,1.001289963722229,0.00011859790538437665
342.44635526207276,1.0015416145324707,0.00011861864186357707
342.4667880723646,1.0015939474105835,0.00011863162217196077
342.4872208827801,1.0017609596252441,0.0001186372319352813
342.50765369342116,1.0017070770263672,0.00011862812243634835
342.52808650424413,1.0020428895950317,0.00011864305997733027
342.5485194152425,1.0014560222625732,0.00011861601524287835
342.56895212641393,1.0015281438827515,0.00011860729864565656
342.5893849377535,1.001444935798645,0.00011859833466587588
342.6098176493324,1.0006704330444336,0.00011857598292408511
342.6302505610802,1.0002315044403076,0.00011852030002046376
342.6506833729509,0.999661386013031,0.00011853760224767029
342.6711161850544,0.9988871812820435,0.00011850763257825747
342.6915489973326,0.998996376991272,0.00011850444570882246
342.7119818098363,0.9980496168136597,0.00011847603309433907
342.7324146224637,0.9973012208938599,0.00011843761603813618
342.75284743531665,0.9969189763069153,0.00011842720414279029
342.7732802483515,0.9965487122535706,0.00011841383093269542
342.793713061561,0.9961857199668884,0.00011840165097964928
342.81414577494434,0.9957197308540344,0.00011837074998766184
342.83457868849655,0.9952517747879028,0.00011835039913421497
342.8550115022881,0.9944892525672913,0.00011832056770799682
342.8754442161953,0.9943708777427673,0.00011830316361738369
342.8958771303296,0.9940363168716431,0.00011829717550426722
342.91630994470324,0.9935131072998047,0.00011826678382931277
342.93674265919253,0.9932743310928345,0.000118248637591023
342.9571755738507,0.9928175806999207,0.0001182291962322779
342.9776083887482,0.9927217364311218,0.0001182235500891693
342.99804110381956,0.9929028153419495,0.0001182173436973244
343.0184740190598,0.9922860264778137,0.0001182097039418295
343.03890683448117,0.9918467998504639,0.00011817329504992813
343.0593395501346,0.9919506907463074,0.00011817702034022659
343.07977236595616,0.991959810256958,0.00011819009523605928
343.10020528196037,0.992145836353302,0.00011819993960671127
343.1206379981377,0.9920979738235474,0.00011820109648397192
343.1410708144831,0.9926837086677551,0.00011823607928818092
343.1615037310112,0.9935680031776428,0.00011826057016151026
343.18193644777057,0.9942982792854309,0.0001182963460450992
343.20236926469806,0.9945024251937866,0.00011831013398477808
343.2228021818664,0.995225727558136,0.00011833016469608992
343.2432348991497,0.9955296516418457,0.00011834558245027438
343.26366771665926,0.996022641658783,0.00011836483463412151
343.2841005343507,0.9964224100112915,0.00011838019418064505
343.3045333522168,0.9969486594200134,0.00011842891399282962
343.32496617025026,0.9972667694091797,0.00011842856474686414
343.36583190690726,0.9982745051383972,0.00011847880523419008
343.3862646255293,0.9986755847930908,0.00011847945279441774
343.4066974443267,0.9996291399002075,0.00011853095202241093
343.4271303633577,0.9998674988746643,0.00011853933392558247
343.44756308255455,1.0002317428588867,0.00011855611228384078
343.46799590193405,1.0006014108657837,0.00011858224024763331
343.48842882148165,1.001010537147522,0.00011860210361192003
343.5088615412096,1.0014680624008179,0.00011861301027238369
343.5292943611712,1.0019747018814087,0.00011864346743095666
343.5497271813074,1.0024590492248535,0.0001186414374387823
343.57016000161093,1.0028138160705566,0.00011865173291880637
343.5905928221546,1.0033152103424072,0.00011868560977745801
343.61102564281464,1.003730058670044,0.00011869887384818867
343.63145846370026,1.0037609338760376,0.00011869692389154807
343.65189128476777,1.0040268898010254,0.00011871608876390383
343.6723241060681,1.0042626857757568,0.00011873453331645578
343.6927570275366,1.0043951272964478,0.00011872925097122788
343.7131897491272,1.0046981573104858,0.00011875652126036584
343.7336225710096,1.0046782493591309,0.00011874199844896793
343.7540552930004,1.0044291019439697,0.00011873507901327685
343.77448821523285,1.004099726676941,0.00011873904441017658
343.79492103763914,1.004025936126709,0.00011870101297972724
343.8153537602702,1.0034128427505493,0.00011870245361933485
343.8357866830265,1.0029823780059814,0.00011868515139212832
343.8562195060149,1.0031267404556274,0.00011867444118252024
343.87665222916985,1.0027750730514526,0.00011867730790982023
343.89708515256643,1.0022380352020264,0.00011863687541335821
343.91751797607867,1.0018187761306763,0.00011860878294100985
343.9379506998157,1.0009453296661377,0.00011857533536385745
343.9583835237936,1.000828504562378,0.00011858009384013712
343.9788164478887,1.00028395652771,0.00011855606862809509
343.9992491722078,0.9999994039535522,0.00011855403863592073
344.01968199670955,0.9997254610061646,0.00011851963790832087
344.0401149213867,0.999350905418396,0.00011849094153149053
344.0605476462879,0.9990127682685852,0.0001184995926450938
344.08098047137173,0.9976223111152649,0.0001184285938506946
344.1014133966237,0.9899110794067383,0.00011808741692220792
344.1218461221142,0.9850100874900818,0.00011783992522396147
344.14227894778014,0.9838688969612122,0.00011777190229622647
344.16271187362145,0.9835790395736694,0.00011776700557675213
344.1831445996286,0.9837109446525574,0.00011778312909882516
344.2035774258766,0.9854981303215027,0.00011786835239036009
344.2240102523574,0.9924726486206055,0.0001182036503450945
344.24444317894813,0.9973493218421936,0.000118432188173756
344.26487590577744,0.9973767995834351,0.00011841735249618068
344.28530873278214,0.9970791339874268,0.00011840980005217716
344.30574165995495,0.9976583123207092,0.00011843015090562403
344.32617438736634,0.9977049231529236,0.00011842940875794739
344.3466072149531,0.998071014881134,0.0001184566572192125
344.367040142708,0.998393714427948,0.0001184666107292287
344.38747287070146,0.9985332489013672,0.0001184782013297081
344.4079056988703,0.9990561008453369,0.00011849634756799787
344.4283385272065,0.9997125864028931,0.00011851920135086402
344.4487713557828,0.9997157454490662,0.00011852953321067616
344.46920418447553,1.0007035732269287,0.00011858014477184042
344.489637013452,1.0011035203933716,0.00011858255311381072
344.51006994255295,1.0013959407806396,0.00011861100210808218
344.5305026718852,1.0016157627105713,0.0001186164008686319
344.55093550138554,1.0019220113754272,0.0001186127556138672
344.57136843112676,1.0018208026885986,0.00011861285020131618
344.5918011610411,1.0020766258239746,0.0001186338413390331
344.6122339911235,1.0024075508117676,0.00011864087719004601
344.63266682144604,1.0021018981933594,0.00011864708358189091
344.6530996519432,1.002299427986145,0.00011864462430821732
344.6735324826077,1.0027107000350952,0.00011865829583257437
344.69396521351155,1.0023282766342163,0.00011862692917929962
344.71439814459154,1.0019779205322266,0.00011861108941957355
344.7348309758381,1.0018949508666992,0.00011862018436659127
344.75526370732405,1.0012983083724976,0.00011859017831739038
344.7756966389861,1.0010319948196411,0.00011857581557705998
344.7961294708148,1.000397801399231,0.00011853990145027637
344.8165622028828,1.000210165977478,0.00011851805174956098
344.8369951351269,0.9999608993530273,0.00011852018360514194
344.85742796759587,0.9993093609809875,0.00011849581642309204
344.87786070024595,0.9989356398582458,0.00011847566929645836
344.8982935330714,0.9983626008033752,0.00011843171523651108
344.9187264661232,0.9976531267166138,0.00011842347157653421
344.93915919935534,0.9970256090164185,0.00011837617785204202
344.9595920327629,0.9964684247970581,0.0001183585191029124
344.98002496639674,0.9961788654327393,0.00011836041085189208
345.000457700211,0.9960840940475464,0.00011834654287667945
345.0208905342006,0.9955723881721497,0.00011831684969365597
345.0413234684165,0.995355486869812,0.00011830069706775248
345.06175620287104,0.9950255751609802,0.00011827755952253938
345.08218903744273,0.9948318600654602,0.00011828626156784594
345.10262187224,0.9944744110107422,0.00011826783884316683
345.1230548072199,0.9944742321968079,0.00011825511319329962
345.1434875424311,0.9940626621246338,0.00011826319678220898
345.1639203778104,0.9938772916793823,0.00011825219553429633
345.1843533134306,0.993981659412384,0.00011825744877569377
345.2047860492239,0.9937999248504639,0.00011822585656773299
345.2252188851853,0.9942641258239746,0.00011826612171716988
345.2456518213876,0.9948387742042542,0.00011827099660877138
345.26608455776295,0.9952007532119751,0.00011828866990981624
345.28651739436464,0.9957083463668823,0.0001182938867714256
345.3069503310908,0.9964137673377991,0.00011832475865958259
345.3478159052902,0.9971374273300171,0.00011836866178782657
345.36824874265585,0.9974527359008789,0.0001183808344649151
345.3886816801969,0.997922956943512,0.0001184112043119967
345.4091144180202,0.9980955123901367,0.0001184104839921929
345.4295472559679,0.9987074136734009,0.00011845801782328635
345.44998019414925,0.9990630149841309,0.00011846343841170892
345.4704129324964,0.9996163249015808,0.00011848626309074461
345.4908457710844,1.000195860862732,0.00011850792361656204
345.51127860984707,1.00076425075531,0.0001185350411105901
345.53171144877706,1.001426339149475,0.00011855991033371538
345.55214428794716,1.0018632411956787,0.00011857901699841022
345.5725771272919,1.0022107362747192,0.00011859046935569495
345.59300996686216,1.0025137662887573,0.0001185978326248005
345.61344280661433,1.0028578042984009,0.000118629279313609
345.6338755465986,1.003133773803711,0.00011864511907333508
345.6543084867517,1.00369131565094,0.00011865948181366548
345.67474132708594,1.0039924383163452,0.00011867628199979663
345.69517406765226,1.004302740097046,0.00011868074216181412
345.71560700844566,1.0047366619110107,0.0001187016605399549
345.736039849362,1.0052238702774048,0.00011875156633323058
345.7564725905686,1.0052746534347534,0.00011872695904457942
345.77690553188586,1.0059889554977417,0.00011875349446199834
345.79733837344247,1.0058398246765137,0.00011876746430061758
345.81777111523115,1.005990743637085,0.00011874817573698238
345.83820395718794,1.0063105821609497,0.00011878161603817716
345.8586368993274,1.0064555406570435,0.00011876272765221074
345.87906964169815,1.0062322616577148,0.00011876868666149676
345.8995024842952,1.0061161518096924,0.00011876376811414957
345.91993542701675,1.005408525466919,0.00011873582116095349
345.94036827002856,1.0052841901779175,0.00011872420873260126
345.96080101320695,1.0049505233764648,0.00011871384776895866
345.98123395656876,1.00444495677948,0.00011869346053572372
346.00166680010443,1.0038344860076904,0.00011866145359817892
346.0220995439231,1.0037859678268433,0.00011865945270983502
346.04253238786623,1.003071665763855,0.00011862300743814558
346.06296533204295,1.0028504133224487,0.00011862115934491158
346.0833980764437,1.0023547410964966,0.00011858718062285334
346.1038309210271,1.0016167163848877,0.00011854798503918573
346.1242638657859,1.000881552696228,0.00011849257134599611
346.14469661076873,1.0001821517944336,0.00011849065049318597
346.1651294559924,0.9999109506607056,0.00011846129200421274
346.1855624013333,0.9994938969612122,0.00011843599349958822
346.2059951469564,0.9991082549095154,0.000118454139737878
346.2264279927622,0.9974493980407715,0.00011837323836516589
346.24686093874334,0.9895737767219543,0.00011798190826084465
346.2672937849493,0.9850593209266663,0.00011776501196436584
346.2877265313364,0.9839940071105957,0.0001177079466287978
346.30815937795705,0.9836928844451904,0.00011769944831030443
346.32859232474584,0.9837125539779663,0.0001177103549707681
346.3490250717732,0.9852770566940308,0.00011779039778048173
346.36945791897597,0.992453396320343,0.00011812997399829328
346.3898907664043,0.9972191452980042,0.0001183490312541835
346.4103236140145,0.9976531267166138,0.00011835258919745684
346.4307564618575,0.9976184368133545,0.0001183382046292536
346.4511893098679,0.9976759552955627,0.00011836379417218268
346.4716221581184,0.9982375502586365,0.00011837522470159456
346.4920550065435,0.998651921749115,0.00011842077219625935
346.5124877552007,0.9989706873893738,0.00011844067921629176
346.53292070402676,0.9996470212936401,0.00011846140114357695
346.55335355309217,0.9998789429664612,0.00011847341374959797
346.57378630232415,1.0013055801391602,0.00011858568177558482
346.59421925179777,1.0013998746871948,0.00011853858450194821
346.61465210150345,1.0016579627990723,0.00011855002958327532
346.6350848513248,1.0023484230041504,0.00011856162018375471
346.6555178014314,1.0027507543563843,0.00011858159268740565
346.6759506517192,1.0032724142074585,0.00011860593076562509
346.6963834021735,1.0033252239227295,0.00011861095845233649
346.71681625286874,1.0036091804504395,0.00011861447273986414
346.73724920373934,1.0039647817611694,0.00011864324187627062
346.75768195484125,1.003848671913147,0.00011863210966112092
346.77811480616947,1.003916621208191,0.00011864768748637289
346.79854775768035,1.0038986206054688,0.00011862962855957448
346.8189806093578,1.003488302230835,0.00011862720566568896
346.83941336133284,1.0035622119903564,0.00011864144471473992
346.88027916574356,1.0029484033584595,0.00011858922516694292
346.90071191830066,1.0027199983596802,0.0001185843939310871
346.9211448710339,1.0025511980056763,0.000118571100756526
346.94157772399194,1.0021415948867798,0.00011854341573780403
346.9620104771893,1.0017764568328857,0.00011855021875817329
346.9824433305039,1.0012710094451904,0.00011849551810882986
347.00287628410297,1.0006675720214844,0.00011849397560581565
347.0233090378824,1.0000911951065063,0.00011847350833704695
347.04374189183727,0.9998565316200256,0.00011844922846648842
347.06417484607664,0.9991440176963806,0.00011841344530694187
347.0846076004382,0.9987361431121826,0.00011840891238534823
347.1050404550333,0.9986565113067627,0.00011839676881209016
347.12547340985475,0.9980825781822205,0.00011836989870062098
347.14590626485733,0.9977851510047913,0.0001183501590276137
347.166339020092,0.9976476430892944,0.00011833885946543887
347.18677187555295,0.9971051812171936,0.0001183239437523298
347.2072048311966,0.9969727993011475,0.00011829299910459667
347.2276375870133,0.996544599533081,0.00011828647257061675
347.24807044312183,0.9962408542633057,0.00011830316361738369
347.2685032993395,0.9963314533233643,0.00011831187293864787
347.2889361557973,0.9963757991790771,0.0001182954729301855
347.3093690124806,0.9959254860877991,0.00011828404967673123
347.32980186940404,0.9958868622779846,0.00011825971159851179
347.3502347265021,0.9958444237709045,0.00011825907131424174
347.3706675837675,0.9963275194168091,0.0001182807027362287
347.3911004413312,0.9966968297958374,0.0001183010172098875
347.41153329901135,0.9964588284492493,0.00011830217408714816
347.43196615697525,0.9968059062957764,0.0001183223575935699
347.4523989151203,0.997721254825592,0.00011833634926006198
347.47283187344146,0.9980402588844299,0.00011838107457151636
347.49326473198744,0.998650848865509,0.0001183852509711869
347.51369749077276,0.9990916848182678,0.00011838856880785897
347.5341304497342,0.9995474219322205,0.00011843778338516131
347.5545633089205,1.0001726150512695,0.00011842489766422659
347.5749960683461,1.0005677938461304,0.00011845659901155159
347.59542902794783,1.000968098640442,0.00011849884322145954
347.61586188771616,1.0016282796859741,0.00011850942973978817
347.63629464778205,1.001799464225769,0.000118534684588667
347.6567275079651,1.001992106437683,0.0001185388391604647
347.6771604684327,1.002550482749939,0.00011856668425025418
347.6975933290814,1.0027246475219727,0.00011858642392326146
347.7180260899622,1.0033433437347412,0.00011859942605951801
347.7384590510119,1.0038466453552246,0.00011860067752422765
347.7588919123009,1.0042040348052979,0.00011863190593430772
347.779324673822,1.0049346685409546,0.00011863452527904883
347.7997576355119,1.0052363872528076,0.00011866458225995302
347.820190497383,1.0055018663406372,0.00011868684669025242
347.8406232595444,1.0056517124176025,0.0001186767767649144
347.8610562218746,1.0060399770736694,0.00011872230243170634
347.881489084386,1.0062578916549683,0.00011872773029608652
347.9019218471876,1.0066101551055908,0.0001187491143355146
347.92235471009917,1.0066003799438477,0.0001187272064271383
347.9427876733098,1.0065128803253174,0.00011874183837790042
347.9632204366935,1.0066866874694824,0.00011872246977873147
347.98365330031083,1.0063564777374268,0.00011872103641508147
348.00408626409626,1.0059279203414917,0.00011868051660712808
348.024519128121,1.0062758922576904,0.00011871747119585052
348.0449518923706,1.0057408809661865,0.00011869390436913818
348.0653848568036,1.005403757095337,0.00011868172441609204
348.08581762146787,1.0047154426574707,0.00011863274266943336
348.10625048636575,1.004616618156433,0.00011862582323374227
348.126683351431,1.0039300918579102,0.00011861913662869483
348.1471162167363,1.0037562847137451,0.00011860924132633954
348.167549082209,1.0032446384429932,0.00011858096695505083
348.18798194798,1.0026051998138428,0.00011856714991154149
348.2084148138674,1.0025174617767334,0.00011853402975248173
348.2288476800459,1.0015857219696045,0.00011850620649056509
348.2492805463917,1.0011489391326904,0.00011846119014080614
348.2697134129776,1.0005598068237305,0.00011845873086713254
348.3105791467242,0.9993515610694885,0.00011841765081044286
348.3310120139504,0.9991391897201538,0.00011839363287435845
348.3514448813512,0.9986202716827393,0.00011838932550745085
348.37187774897757,0.997165858745575,0.00011828866263385862
348.3923105168433,0.9894764423370361,0.00011796486069215462
348.4127434849361,0.9847354292869568,0.00011773157893912867
348.4331763531518,0.9838891625404358,0.00011767417890951037
348.4536091216578,0.9837784767150879,0.00011768782860599458
348.47404209039814,0.9842732548713684,0.00011769883712986484
348.4944749593051,0.9858948588371277,0.0001177596568595618
348.5149078284521,0.992958128452301,0.00011813682067440823
348.5353406977665,0.9966939687728882,0.00011831456504296511
348.555773567321,0.9980397820472717,0.00011834021279355511
348.57620643710834,0.9976921677589417,0.0001183251733891666
348.59663920706953,0.9984204173088074,0.00011835771147161722
348.6170721772578,0.9987711906433105,0.0001183523127110675
348.6375050476854,0.9991324543952942,0.00011838828504551202
348.6579378183451,0.9998127818107605,0.00011841014929814264
348.67837078917364,1.0004087686538696,0.00011845118569908664
348.69880366024154,1.000575065612793,0.00011846943380078301
348.7192364315415,1.0010488033294678,0.00011846457346109673
348.73966940301034,1.0016953945159912,0.00011849124712171033
348.7601022747185,1.002203106880188,0.00011854073090944439
348.78053504665877,1.0028634071350098,0.00011853886826429516
348.8009680187679,1.003266453742981,0.00011857466597575694
348.82140089111635,1.0033105611801147,0.00011858632933581248
348.8418336636969,1.0039128065109253,0.0001186008084914647
348.86226653644553,1.0041215419769287,0.0001185952132800594
348.88269950943504,1.0043412446975708,0.00011861188249895349
348.90313238264935,1.0046510696411133,0.00011861449456773698
348.923565156103,1.004582405090332,0.00011863526742672548
348.9439981297328,1.00464928150177,0.00011861387611133978
348.96443100359465,1.004867434501648,0.00011863317195093259
348.9848637776813,1.004425048828125,0.00011861720849992707
349.0052967519514,1.0042041540145874,0.0001186200461233966
349.02572962644626,1.0039050579071045,0.00011858533252961934
349.0461624011805,1.003297209739685,0.00011858475772896782
349.0665952761483,1.0031424760818481,0.0001185905493912287
349.08702815134893,1.002956748008728,0.00011857066419906914
349.1074610266587,1.0023318529129028,0.00011854272452183068
349.1278939022668,1.0019901990890503,0.00011850869486806914
349.14832677810045,1.0017127990722656,0.00011849756992887706
349.168759654116,1.0011812448501587,0.00011847824498545378
349.1891925303644,1.0008126497268677,0.00011843460379168391
349.2096254068456,1.0002583265304565,0.00011843690299429
349.23005828349415,0.9998158812522888,0.00011842125240946189
349.2504911603828,0.9993340373039246,0.00011838043428724632
349.2709241374978,0.9987355470657349,0.00011835248005809262
349.29135691485135,0.9983770847320557,0.00011833324242616072
349.3117897923803,0.9978209733963013,0.00011831706069642678
349.3322225701413,0.9973291754722595,0.00011831412848550826
349.3526555481294,0.9968515634536743,0.0001182696214527823
349.37308842635684,0.9966882467269897,0.00011827349226223305
349.39352130475163,0.9966049790382385,0.00011827886191895232
349.4139541833865,0.9968567490577698,0.00011825844558188692
349.4548199413548,0.9969775080680847,0.00011827546404674649
349.4752528206227,0.9973005652427673,0.00011826850095530972
349.4956857001307,0.9969586730003357,0.00011826132686110213
